{
  "surah": 85,
  "hasBasmallah": false,
  "basmallah": "",
  "verses": [
    {
      "ayah": 1,
      "arabic": "وَٱلسَّمَآءِ ذَاتِ ٱلْبُرُوجِ",
      "english": "By the sky containing great stars",
      "hausa": "Inã rantsuwa da sama mai taurãrin lissafin shekara."
    },
    {
      "ayah": 2,
      "arabic": "وَٱلْيَوْمِ ٱلْمَوْعُودِ",
      "english": "And [by] the promised Day",
      "hausa": "Da yinin da aka yi alkawarin zuwansa,"
    },
    {
      "ayah": 3,
      "arabic": "وَشَاهِدٍ وَمَشْهُودٍ",
      "english": "And [by] the witness and what is witnessed,",
      "hausa": "Da yini mai shaidu, da yini da ake halarta a cikinsa"
    },
    {
      "ayah": 4,
      "arabic": "قُتِلَ أَصْحَـٰبُ ٱلْأُخْدُودِ",
      "english": "Cursed were the companions of the trench",
      "hausa": "An la'ani mutãnen rãmi."
    },
    {
      "ayah": 5,
      "arabic": "ٱلنَّارِ ذَاتِ ٱلْوَقُودِ",
      "english": "[Containing] the fire full of fuel,",
      "hausa": "Wato wuta wadda aka hura."
    },
    {
      "ayah": 6,
      "arabic": "إِذْ هُمْ عَلَيْهَا قُعُودٌ",
      "english": "When they were sitting near it",
      "hausa": "A lõkacin da suke a kan (gefen) ta a zazzaune."
    },
    {
      "ayah": 7,
      "arabic": "وَهُمْ عَلَىٰ مَا يَفْعَلُونَ بِٱلْمُؤْمِنِينَ شُهُودٌ",
      "english": "And they, to what they were doing against the believers, were witnesses.",
      "hausa": "Alhãli sũ, bisa ga abin da suke aikatãwa ga mũminai, sunã halarce."
    },
    {
      "ayah": 8,
      "arabic": "وَمَا نَقَمُوا۟ مِنْهُمْ إِلَّآ أَن يُؤْمِنُوا۟ بِٱللَّهِ ٱلْعَزِيزِ ٱلْحَمِيدِ",
      "english": "And they resented them not except because they believed in Allah, the Exalted in Might, the Praiseworthy,",
      "hausa": "Kuma ba su tuhumce su ba, fãce kawai domin sun yi ĩmãni da Allah Mabuwãyi, wanda ake gõdewa."
    },
    {
      "ayah": 9,
      "arabic": "ٱلَّذِى لَهُۥ مُلْكُ ٱلسَّمَـٰوَٰتِ وَٱلْأَرْضِ ۚ وَٱللَّهُ عَلَىٰ كُلِّ شَىْءٍ شَهِيدٌ",
      "english": "To whom belongs the dominion of the heavens and the earth. And Allah, over all things, is Witness.",
      "hausa": "Wanda Yake shi ne da mulkin sammai da ƙasa, kuma Allah a kan kõme halarce Yake."
    },
    {
      "ayah": 10,
      "arabic": "إِنَّ ٱلَّذِينَ فَتَنُوا۟ ٱلْمُؤْمِنِينَ وَٱلْمُؤْمِنَـٰتِ ثُمَّ لَمْ يَتُوبُوا۟ فَلَهُمْ عَذَابُ جَهَنَّمَ وَلَهُمْ عَذَابُ ٱلْحَرِيقِ",
      "english": "Indeed, those who have tortured the believing men and believing women and then have not repented will have the punishment of Hell, and they will have the punishment of the Burning Fire.",
      "hausa": "Lalle ne waɗanda suka fitini mũminai maza da mũminai mãta, sa'an nan ba su tũba ba to, sunã da azãbar Jahannama, kuma sunã da azãbar gõbara."
    },
    {
      "ayah": 11,
      "arabic": "إِنَّ ٱلَّذِينَ ءَامَنُوا۟ وَعَمِلُوا۟ ٱلصَّـٰلِحَـٰتِ لَهُمْ جَنَّـٰتٌ تَجْرِى مِن تَحْتِهَا ٱلْأَنْهَـٰرُ ۚ ذَٰلِكَ ٱلْفَوْزُ ٱلْكَبِيرُ",
      "english": "Indeed, those who have believed and done righteous deeds will have gardens beneath which rivers flow. That is the great attainment.",
      "hausa": "Lalle ne waɗanda suka yi ĩmãni, kuma suka aikata ayyukan ƙwarai, sunã da gidãjen Aljanna, ƙoramu na gudãna daga ƙarƙashin gidãjen. Wancan abu fa shi ne rabo babba."
    },
    {
      "ayah": 12,
      "arabic": "إِنَّ بَطْشَ رَبِّكَ لَشَدِيدٌ",
      "english": "Indeed, the vengeance of your Lord is severe.",
      "hausa": "Lalle ne damƙar Ubangijinka mai tsanani ce ƙwarai."
    },
    {
      "ayah": 13,
      "arabic": "إِنَّهُۥ هُوَ يُبْدِئُ وَيُعِيدُ",
      "english": "Indeed, it is He who originates [creation] and repeats.",
      "hausa": "Lalle ne Shĩ, Shi ne Mai ƙãga halitta, kuma Ya mayar da ita (bãyan mutuwa)."
    },
    {
      "ayah": 14,
      "arabic": "وَهُوَ ٱلْغَفُورُ ٱلْوَدُودُ",
      "english": "And He is the Forgiving, the Affectionate,",
      "hausa": "Kuma Shi ne Mai gãfara, Mai bayyana sõyayya."
    },
    {
      "ayah": 15,
      "arabic": "ذُو ٱلْعَرْشِ ٱلْمَجِيدُ",
      "english": "Honorable Owner of the Throne,",
      "hausa": "Mai Al'arshi mai girma"
    },
    {
      "ayah": 16,
      "arabic": "فَعَّالٌ لِّمَا يُرِيدُ",
      "english": "Effecter of what He intends.",
      "hausa": "Mai aikatãwa ga abin da Yake nufi."
    },
    {
      "ayah": 17,
      "arabic": "هَلْ أَتَىٰكَ حَدِيثُ ٱلْجُنُودِ",
      "english": "Has there reached you the story of the soldiers -",
      "hausa": "Ko lãbãrin rundanõni yã zo maka."
    },
    {
      "ayah": 18,
      "arabic": "فِرْعَوْنَ وَثَمُودَ",
      "english": "[Those of] Pharaoh and Thamud?",
      "hausa": "Fir'auna da samũdãwa?"
    },
    {
      "ayah": 19,
      "arabic": "بَلِ ٱلَّذِينَ كَفَرُوا۟ فِى تَكْذِيبٍ",
      "english": "But they who disbelieve are in [persistent] denial,",
      "hausa": "Ã'aha! waɗanda suka kãfirta sunã cikin ƙaryatãwa."
    },
    {
      "ayah": 20,
      "arabic": "وَٱللَّهُ مِن وَرَآئِهِم مُّحِيطٌۢ",
      "english": "While Allah encompasses them from behind.",
      "hausa": "Alhãli, Allah daga bãyansu, Mai kẽwaye su ne (da saninSa)."
    },
    {
      "ayah": 21,
      "arabic": "بَلْ هُوَ قُرْءَانٌ مَّجِيدٌ",
      "english": "But this is an honored Qur'an",
      "hausa": "Ã'aha! Shi Alƙur'ãni ne mai girma."
    },
    {
      "ayah": 22,
      "arabic": "فِى لَوْحٍ مَّحْفُوظٍۭ",
      "english": "[Inscribed] in a Preserved Slate.",
      "hausa": "A cikin Allo tsararre."
    }
  ]
}