{
  "surah": 52,
  "hasBasmallah": false,
  "basmallah": "",
  "verses": [
    {
      "ayah": 1,
      "arabic": "وَٱلطُّورِ",
      "english": "By the mount",
      "hausa": "Inã rantsuwa da ¦ũr (Dũtsen Mũsã)."
    },
    {
      "ayah": 2,
      "arabic": "وَكِتَـٰبٍ مَّسْطُورٍ",
      "english": "And [by] a Book inscribed",
      "hausa": "Da wani littãfi rubũtacce."
    },
    {
      "ayah": 3,
      "arabic": "فِى رَقٍّ مَّنشُورٍ",
      "english": "In parchment spread open",
      "hausa": "A cikin wata takardar fãta shimfiɗaɗɗa."
    },
    {
      "ayah": 4,
      "arabic": "وَٱلْبَيْتِ ٱلْمَعْمُورِ",
      "english": "And [by] the frequented House",
      "hausa": "Da Gidan da aka rãyar da shi (da ibãda)."
    },
    {
      "ayah": 5,
      "arabic": "وَٱلسَّقْفِ ٱلْمَرْفُوعِ",
      "english": "And [by] the heaven raised high",
      "hausa": "Da rufin nan da aka ɗaukaka."
    },
    {
      "ayah": 6,
      "arabic": "وَٱلْبَحْرِ ٱلْمَسْجُورِ",
      "english": "And [by] the sea filled [with fire],",
      "hausa": "Da tẽkun nan da aka cika (da ruwa)."
    },
    {
      "ayah": 7,
      "arabic": "إِنَّ عَذَابَ رَبِّكَ لَوَٰقِعٌ",
      "english": "Indeed, the punishment of your Lord will occur.",
      "hausa": "Lalle, azãbar Ubangijinka, haƙĩƙa, mai aukuwa ce."
    },
    {
      "ayah": 8,
      "arabic": "مَّا لَهُۥ مِن دَافِعٍ",
      "english": "Of it there is no preventer.",
      "hausa": "Bã ta da mai tunkuɗẽwa."
    },
    {
      "ayah": 9,
      "arabic": "يَوْمَ تَمُورُ ٱلسَّمَآءُ مَوْرًا",
      "english": "On the Day the heaven will sway with circular motion",
      "hausa": "Rãnar da samã ke yin mõtsi tanã kai kãwo."
    },
    {
      "ayah": 10,
      "arabic": "وَتَسِيرُ ٱلْجِبَالُ سَيْرًا",
      "english": "And the mountains will pass on, departing -",
      "hausa": "Kuma duwãtsu nã tafiya sunã shũɗẽwa."
    },
    {
      "ayah": 11,
      "arabic": "فَوَيْلٌ يَوْمَئِذٍ لِّلْمُكَذِّبِينَ",
      "english": "Then woe, that Day, to the deniers,",
      "hausa": "To, bone yã tabbata a rãnar nan ga mãsu ƙaryatãwa."
    },
    {
      "ayah": 12,
      "arabic": "ٱلَّذِينَ هُمْ فِى خَوْضٍ يَلْعَبُونَ",
      "english": "Who are in [empty] discourse amusing themselves.",
      "hausa": "Waɗanda suke a cikin kududdufi sunã wãsã."
    },
    {
      "ayah": 13,
      "arabic": "يَوْمَ يُدَعُّونَ إِلَىٰ نَارِ جَهَنَّمَ دَعًّا",
      "english": "The Day they are thrust toward the fire of Hell with a [violent] thrust, [its angels will say],",
      "hausa": "Rãnar da zã a tunkuɗa su zuwa wutar Jahannama, tunkuɗãwa."
    },
    {
      "ayah": 14,
      "arabic": "هَـٰذِهِ ٱلنَّارُ ٱلَّتِى كُنتُم بِهَا تُكَذِّبُونَ",
      "english": "\"This is the Fire which you used to deny.",
      "hausa": "(A ce musu): \"Wannan ita ce wutar da kuka kasance kunã ƙaryatãwa game da ita.\""
    },
    {
      "ayah": 15,
      "arabic": "أَفَسِحْرٌ هَـٰذَآ أَمْ أَنتُمْ لَا تُبْصِرُونَ",
      "english": "Then is this magic, or do you not see?",
      "hausa": "\"To, shin wannan sihiri ne kõ kuwa kũ ne bã ku gani?\""
    },
    {
      "ayah": 16,
      "arabic": "ٱصْلَوْهَا فَٱصْبِرُوٓا۟ أَوْ لَا تَصْبِرُوا۟ سَوَآءٌ عَلَيْكُمْ ۖ إِنَّمَا تُجْزَوْنَ مَا كُنتُمْ تَعْمَلُونَ",
      "english": "[Enter to] burn therein; then be patient or impatient - it is all the same for you. You are only being recompensed [for] what you used to do.\"",
      "hausa": "\"Ku shigẽ ta. To, ku yi haƙuri ko kuma kada ku yi haƙuri, dai dai ne a kanku, kawai anã yi muku sakamakon abin da kuka kasance kunã aikatãwa.\""
    },
    {
      "ayah": 17,
      "arabic": "إِنَّ ٱلْمُتَّقِينَ فِى جَنَّـٰتٍ وَنَعِيمٍ",
      "english": "Indeed, the righteous will be in gardens and pleasure,",
      "hausa": "Lalle, mãsu taƙawa, sunã a cikin gidãjen Aljanna da wata ni'ima."
    },
    {
      "ayah": 18,
      "arabic": "فَـٰكِهِينَ بِمَآ ءَاتَىٰهُمْ رَبُّهُمْ وَوَقَىٰهُمْ رَبُّهُمْ عَذَابَ ٱلْجَحِيمِ",
      "english": "Enjoying what their Lord has given them, and their Lord protected them from the punishment of Hellfire.",
      "hausa": "Sunã mãsu jin dãɗi da abin da Ubangijinsu Ya ba su, kuma Ubangijinsu Ya tsãre musu azãbar Jahĩm."
    },
    {
      "ayah": 19,
      "arabic": "كُلُوا۟ وَٱشْرَبُوا۟ هَنِيٓـًٔۢا بِمَا كُنتُمْ تَعْمَلُونَ",
      "english": "[They will be told], \"Eat and drink in satisfaction for what you used to do.\"",
      "hausa": "(A ce musu): \"Ku ci, ku sha, da ni'ima, dõmin abin da kuka kasance kunã aikatãwa.\""
    },
    {
      "ayah": 20,
      "arabic": "مُتَّكِـِٔينَ عَلَىٰ سُرُرٍ مَّصْفُوفَةٍ ۖ وَزَوَّجْنَـٰهُم بِحُورٍ عِينٍ",
      "english": "They will be reclining on thrones lined up, and We will marry them to fair women with large, [beautiful] eyes.",
      "hausa": "Sunã kishingiɗe a kan karagu waɗanda ke cikin sahu, kuma Muka aurar da su waɗansu mãtã mãsu farin idãnu, mãsu girmansu."
    },
    {
      "ayah": 21,
      "arabic": "وَٱلَّذِينَ ءَامَنُوا۟ وَٱتَّبَعَتْهُمْ ذُرِّيَّتُهُم بِإِيمَـٰنٍ أَلْحَقْنَا بِهِمْ ذُرِّيَّتَهُمْ وَمَآ أَلَتْنَـٰهُم مِّنْ عَمَلِهِم مِّن شَىْءٍ ۚ كُلُّ ٱمْرِئٍۭ بِمَا كَسَبَ رَهِينٌ",
      "english": "And those who believed and whose descendants followed them in faith - We will join with them their descendants, and We will not deprive them of anything of their deeds. Every person, for what he earned, is retained.",
      "hausa": "Kuma waɗanda suka yi ĩmãni kuma zũriyarsu suka bĩ su ga ĩmãnin, Mun riskar da zũriyarsu da su, alhãli kuwa bã da Mun rage musu kõme ba daga aikinsu, kõwane mutum jingina ne ga abin da ya sana'anta."
    },
    {
      "ayah": 22,
      "arabic": "وَأَمْدَدْنَـٰهُم بِفَـٰكِهَةٍ وَلَحْمٍ مِّمَّا يَشْتَهُونَ",
      "english": "And We will provide them with fruit and meat from whatever they desire.",
      "hausa": "Kuma Muka yalwata musu 'ya'yan itãce da nãma irin wanda suke marmari."
    },
    {
      "ayah": 23,
      "arabic": "يَتَنَـٰزَعُونَ فِيهَا كَأْسًا لَّا لَغْوٌ فِيهَا وَلَا تَأْثِيمٌ",
      "english": "They will exchange with one another a cup [of wine] wherein [results] no ill speech or commission of sin.",
      "hausa": "Sunã mĩƙa wa jũnansu a cikinta hinjãlan giya, wadda bãbu yãsassar magana a cikinta, kuma bãbu jin nauyin zunubi."
    },
    {
      "ayah": 24,
      "arabic": "وَيَطُوفُ عَلَيْهِمْ غِلْمَانٌ لَّهُمْ كَأَنَّهُمْ لُؤْلُؤٌ مَّكْنُونٌ",
      "english": "There will circulate among them [servant] boys [especially] for them, as if they were pearls well-protected.",
      "hausa": "Kuma waɗansu samãri nã gẽwayãwa a kansu, kamar dai sũ lu'ulu'u ne wanda ke kulle."
    },
    {
      "ayah": 25,
      "arabic": "وَأَقْبَلَ بَعْضُهُمْ عَلَىٰ بَعْضٍ يَتَسَآءَلُونَ",
      "english": "And they will approach one another, inquiring of each other.",
      "hausa": "Waɗansunsu suka fuskanta zuwa ga waɗansu, sunã tambayar jũna."
    },
    {
      "ayah": 26,
      "arabic": "قَالُوٓا۟ إِنَّا كُنَّا قَبْلُ فِىٓ أَهْلِنَا مُشْفِقِينَ",
      "english": "They will say, \"Indeed, we were previously among our people fearful [of displeasing Allah].",
      "hausa": "Suka ce: \"Lalle mũ mun kasance a gabãnin wannan (a dũniya) a cikin iyãlanmu munã jin tsõro.\""
    },
    {
      "ayah": 27,
      "arabic": "فَمَنَّ ٱللَّهُ عَلَيْنَا وَوَقَىٰنَا عَذَابَ ٱلسَّمُومِ",
      "english": "So Allah conferred favor upon us and protected us from the punishment of the Scorching Fire.",
      "hausa": "\"To, Allah Yã yi mana kyautar falala, kuma Yã tsare mana azãbar iskar zãfi.\""
    },
    {
      "ayah": 28,
      "arabic": "إِنَّا كُنَّا مِن قَبْلُ نَدْعُوهُ ۖ إِنَّهُۥ هُوَ ٱلْبَرُّ ٱلرَّحِيمُ",
      "english": "Indeed, we used to supplicate Him before. Indeed, it is He who is the Beneficent, the Merciful.\"",
      "hausa": "\"Lalle mũ mun kasance, a gãbanin haka, munã kiran sa. Lalle Shĩ, Shĩ ne Mai kyautatãwa, Mai rahama.\""
    },
    {
      "ayah": 29,
      "arabic": "فَذَكِّرْ فَمَآ أَنتَ بِنِعْمَتِ رَبِّكَ بِكَاهِنٍ وَلَا مَجْنُونٍ",
      "english": "So remind [O Muhammad], for you are not, by the favor of your Lord, a soothsayer or a madman.",
      "hausa": "To, ka tunãtar kai fa sabõda ni'imar Ubangjinka, bã bõka kake ba, kuma bã mahaukaci ba."
    },
    {
      "ayah": 30,
      "arabic": "أَمْ يَقُولُونَ شَاعِرٌ نَّتَرَبَّصُ بِهِۦ رَيْبَ ٱلْمَنُونِ",
      "english": "Or do they say [of you], \"A poet for whom we await a misfortune of time?\"",
      "hausa": "Shin zã su ce: \"Mawãƙi ne, munã jiran, masĩfun mutuwa game da shĩ\"?"
    },
    {
      "ayah": 31,
      "arabic": "قُلْ تَرَبَّصُوا۟ فَإِنِّى مَعَكُم مِّنَ ٱلْمُتَرَبِّصِينَ",
      "english": "Say, \"Wait, for indeed I am, with you, among the waiters.\"",
      "hausa": "Ka ce: \"Ku yi jira, domin nĩ ma lalle inã a cikin mãsu jira tãre da ku.\""
    },
    {
      "ayah": 32,
      "arabic": "أَمْ تَأْمُرُهُمْ أَحْلَـٰمُهُم بِهَـٰذَآ ۚ أَمْ هُمْ قَوْمٌ طَاغُونَ",
      "english": "Or do their minds command them to [say] this, or are they a transgressing people?",
      "hausa": "Shin, hankulansu ne ke umarin su da wannan, kõ kuwa sũ wasu mutãne ne mãsu ƙetare haddi?"
    },
    {
      "ayah": 33,
      "arabic": "أَمْ يَقُولُونَ تَقَوَّلَهُۥ ۚ بَل لَّا يُؤْمِنُونَ",
      "english": "Or do they say, \"He has made it up\"? Rather, they do not believe.",
      "hausa": "Shin, cẽwa suke yi: \"Shi ne ke ƙãga faɗarsa\"? Ã'a ba su dai yi ĩmãni ba."
    },
    {
      "ayah": 34,
      "arabic": "فَلْيَأْتُوا۟ بِحَدِيثٍ مِّثْلِهِۦٓ إِن كَانُوا۟ صَـٰدِقِينَ",
      "english": "Then let them produce a statement like it, if they should be truthful.",
      "hausa": "Sai su zõ da wani lãbãri mai misãlinsa idan sun kasance sũmãsu gaskiya ne."
    },
    {
      "ayah": 35,
      "arabic": "أَمْ خُلِقُوا۟ مِنْ غَيْرِ شَىْءٍ أَمْ هُمُ ٱلْخَـٰلِقُونَ",
      "english": "Or were they created by nothing, or were they the creators [of themselves]?",
      "hausa": "Shin, an halitta su ne bã daga kõme ba, kõ kuwa sũ ne mãsu yin halitta?"
    },
    {
      "ayah": 36,
      "arabic": "أَمْ خَلَقُوا۟ ٱلسَّمَـٰوَٰتِ وَٱلْأَرْضَ ۚ بَل لَّا يُوقِنُونَ",
      "english": "Or did they create the heavens and the earth? Rather, they are not certain.",
      "hausa": "Shin, sun halitta sammai da ƙasa ne? Ã'a ba su dai yi ĩmãnin yaƙĩni ba."
    },
    {
      "ayah": 37,
      "arabic": "أَمْ عِندَهُمْ خَزَآئِنُ رَبِّكَ أَمْ هُمُ ٱلْمُصَۣيْطِرُونَ",
      "english": "Or have they the depositories [containing the provision] of your Lord? Or are they the controllers [of them]?",
      "hausa": "Shin, taskõkin Ubangijinka, sunã a wurinsu ne? Kõ kuwa sũ ne mãsu rinjãya?"
    },
    {
      "ayah": 38,
      "arabic": "أَمْ لَهُمْ سُلَّمٌ يَسْتَمِعُونَ فِيهِ ۖ فَلْيَأْتِ مُسْتَمِعُهُم بِسُلْطَـٰنٍ مُّبِينٍ",
      "english": "Or have they a stairway [into the heaven] upon which they listen? Then let their listener produce a clear authority.",
      "hausa": "Shin, sunã da wani tsãni ne wanda suke (hawa sunã) saurãron (lãbãrin samã) a cikinsa? Sai mai saurarõnsu ya zo da wani dalĩli bayyananne."
    },
    {
      "ayah": 39,
      "arabic": "أَمْ لَهُ ٱلْبَنَـٰتُ وَلَكُمُ ٱلْبَنُونَ",
      "english": "Or has He daughters while you have sons?",
      "hausa": "Shin, Yanã da 'ya'ya mãtã ne kuma kũ, kunã da ɗiya maza ne?"
    },
    {
      "ayah": 40,
      "arabic": "أَمْ تَسْـَٔلُهُمْ أَجْرًا فَهُم مِّن مَّغْرَمٍ مُّثْقَلُونَ",
      "english": "Or do you, [O Muhammad], ask of them a payment, so they are by debt burdened down?",
      "hausa": "Shin, kanã tambayar su wata ijãra ne, sabõda haka suka zama mãsu jin nauyin biyan tãrar?"
    },
    {
      "ayah": 41,
      "arabic": "أَمْ عِندَهُمُ ٱلْغَيْبُ فَهُمْ يَكْتُبُونَ",
      "english": "Or have they [knowledge of] the unseen, so they write [it] down?",
      "hausa": "Shin, a wurinsu akwai ilmin gaibi, sabõda haka sunã rubũtãwa?"
    },
    {
      "ayah": 42,
      "arabic": "أَمْ يُرِيدُونَ كَيْدًا ۖ فَٱلَّذِينَ كَفَرُوا۟ هُمُ ٱلْمَكِيدُونَ",
      "english": "Or do they intend a plan? But those who disbelieve - they are the object of a plan.",
      "hausa": "Shin, sunã nufin wani kaidi ne? To, waɗanda suka kãfirta sũ ne waɗanda ake yi wa kaidi."
    },
    {
      "ayah": 43,
      "arabic": "أَمْ لَهُمْ إِلَـٰهٌ غَيْرُ ٱللَّهِ ۚ سُبْحَـٰنَ ٱللَّهِ عَمَّا يُشْرِكُونَ",
      "english": "Or have they a deity other than Allah? Exalted is Allah above whatever they associate with Him.",
      "hausa": "Shin, sunã da wani abin bautãwa ne wanda bã Allah ba? Tsarki ya tabbata ga Allah daga abin da suke yi na shirki!"
    },
    {
      "ayah": 44,
      "arabic": "وَإِن يَرَوْا۟ كِسْفًا مِّنَ ٱلسَّمَآءِ سَاقِطًا يَقُولُوا۟ سَحَابٌ مَّرْكُومٌ",
      "english": "And if they were to see a fragment from the sky falling, they would say, \"[It is merely] clouds heaped up.\"",
      "hausa": "Kuma idan sun ga wani ɓaɓɓake daga samã yãnã fãɗuwa, sai su ce wani girgije ne, mai hauhawar jũna."
    },
    {
      "ayah": 45,
      "arabic": "فَذَرْهُمْ حَتَّىٰ يُلَـٰقُوا۟ يَوْمَهُمُ ٱلَّذِى فِيهِ يُصْعَقُونَ",
      "english": "So leave them until they meet their Day in which they will be struck insensible -",
      "hausa": "To, ka bar su, sai sun haɗu da yinin nan da za a sũmar da su a cikinsa."
    },
    {
      "ayah": 46,
      "arabic": "يَوْمَ لَا يُغْنِى عَنْهُمْ كَيْدُهُمْ شَيْـًٔا وَلَا هُمْ يُنصَرُونَ",
      "english": "The Day their plan will not avail them at all, nor will they be helped.",
      "hausa": "Rãnar da kaidinsu bã ya wadãtar masu da kõme, kuma bã a taimakon su."
    },
    {
      "ayah": 47,
      "arabic": "وَإِنَّ لِلَّذِينَ ظَلَمُوا۟ عَذَابًا دُونَ ذَٰلِكَ وَلَـٰكِنَّ أَكْثَرَهُمْ لَا يَعْلَمُونَ",
      "english": "And indeed, for those who have wronged is a punishment before that, but most of them do not know.",
      "hausa": "Kuma lalle, waɗannan da suka yi zãluncin, sunã da azãba (a nan dũniya) banda waccan, kuma mafi yawansu ba su sani ba."
    },
    {
      "ayah": 48,
      "arabic": "وَٱصْبِرْ لِحُكْمِ رَبِّكَ فَإِنَّكَ بِأَعْيُنِنَا ۖ وَسَبِّحْ بِحَمْدِ رَبِّكَ حِينَ تَقُومُ",
      "english": "And be patient, [O Muhammad], for the decision of your Lord, for indeed, you are in Our eyes. And exalt [Allah] with praise of your Lord when you arise.",
      "hausa": "Sai ka yi hakuri da hukuncin Ubangijinka, lalle kai fa kanã idãnunMu, kuma ka tsarkake Ubangijinka da (tasbĩhi) game da gõde Masa a lõkacin da kake tãshi tsaye (dõmin salla kõ wani abu)."
    },
    {
      "ayah": 49,
      "arabic": "وَمِنَ ٱلَّيْلِ فَسَبِّحْهُ وَإِدْبَـٰرَ ٱلنُّجُومِ",
      "english": "And in a part of the night exalt Him and after [the setting of] the stars.",
      "hausa": "Kuma daga dare, sai ka tsarkake Shi (da tasbĩhin) dalõkacin jũyãwar taurãri."
    }
  ]
}