{
  "surah": 66,
  "hasBasmallah": false,
  "basmallah": "",
  "verses": [
    {
      "ayah": 1,
      "arabic": "يَـٰٓأَيُّهَا ٱلنَّبِىُّ لِمَ تُحَرِّمُ مَآ أَحَلَّ ٱللَّهُ لَكَ ۖ تَبْتَغِى مَرْضَاتَ أَزْوَٰجِكَ ۚ وَٱللَّهُ غَفُورٌ رَّحِيمٌ",
      "english": "O Prophet, why do you prohibit [yourself from] what Allah has made lawful for you, seeking the approval of your wives? And Allah is Forgiving and Merciful.",
      "hausa": "Yã kai Annabi! Don me kake haramta abin da Allah Ya halatta maka, kanã nẽman yardar mãtanka, alhãli kuwa Allah Mai gãfara ne, Mai jin ƙai."
    },
    {
      "ayah": 2,
      "arabic": "قَدْ فَرَضَ ٱللَّهُ لَكُمْ تَحِلَّةَ أَيْمَـٰنِكُمْ ۚ وَٱللَّهُ مَوْلَىٰكُمْ ۖ وَهُوَ ٱلْعَلِيمُ ٱلْحَكِيمُ",
      "english": "Allah has already ordained for you [Muslims] the dissolution of your oaths. And Allah is your protector, and He is the Knowing, the Wise.",
      "hausa": "Haƙĩƙa Allah ya faralta muku warware rantsuwõyinku, kuma Allah ne Mataimakinku kuma shĩ ne Masani, Mai hikima."
    },
    {
      "ayah": 3,
      "arabic": "وَإِذْ أَسَرَّ ٱلنَّبِىُّ إِلَىٰ بَعْضِ أَزْوَٰجِهِۦ حَدِيثًا فَلَمَّا نَبَّأَتْ بِهِۦ وَأَظْهَرَهُ ٱللَّهُ عَلَيْهِ عَرَّفَ بَعْضَهُۥ وَأَعْرَضَ عَنۢ بَعْضٍ ۖ فَلَمَّا نَبَّأَهَا بِهِۦ قَالَتْ مَنْ أَنۢبَأَكَ هَـٰذَا ۖ قَالَ نَبَّأَنِىَ ٱلْعَلِيمُ ٱلْخَبِيرُ",
      "english": "And [remember] when the Prophet confided to one of his wives a statement; and when she informed [another] of it and Allah showed it to him, he made known part of it and ignored a part. And when he informed her about it, she said, \"Who told you this?\" He said, \"I was informed by the Knowing, the Acquainted.\"",
      "hausa": "Kuma a sã'ilin da Annabi ya asirta wani lãbãri zuwa ga sãshen mãtansa, to, a lõkacin da ta bã da lãbari da shi. Kuma Allah Ya bayyana shi a gare shi, ya sanar da sãshensa kuma ya kau da kai daga wani sãshe. To, a lõkacin da ya bã ta lãbãri da shi, ta ce: \"Wãne ne ya gaya maka wannan?\" Ya ce: \"Masani, Mai labartãwa, Ya gaya mini.\""
    },
    {
      "ayah": 4,
      "arabic": "إِن تَتُوبَآ إِلَى ٱللَّهِ فَقَدْ صَغَتْ قُلُوبُكُمَا ۖ وَإِن تَظَـٰهَرَا عَلَيْهِ فَإِنَّ ٱللَّهَ هُوَ مَوْلَىٰهُ وَجِبْرِيلُ وَصَـٰلِحُ ٱلْمُؤْمِنِينَ ۖ وَٱلْمَلَـٰٓئِكَةُ بَعْدَ ذَٰلِكَ ظَهِيرٌ",
      "english": "If you two [wives] repent to Allah, [it is best], for your hearts have deviated. But if you cooperate against him - then indeed Allah is his protector, and Gabriel and the righteous of the believers and the angels, moreover, are [his] assistants.",
      "hausa": "Idan kũ biyu kuka tũba zuwa ga Allah, to, haƙĩƙa zukãtanku sun karkata. Kuma idan kun taimaki jũna a kansa to, lalle Allah Shĩ ne Mataimakinsa, da Jibrĩlu da sãlihan mũminai. Kuma malã'iku a bãyan wancan, mataimaka ne."
    },
    {
      "ayah": 5,
      "arabic": "عَسَىٰ رَبُّهُۥٓ إِن طَلَّقَكُنَّ أَن يُبْدِلَهُۥٓ أَزْوَٰجًا خَيْرًا مِّنكُنَّ مُسْلِمَـٰتٍ مُّؤْمِنَـٰتٍ قَـٰنِتَـٰتٍ تَـٰٓئِبَـٰتٍ عَـٰبِدَٰتٍ سَـٰٓئِحَـٰتٍ ثَيِّبَـٰتٍ وَأَبْكَارًا",
      "english": "Perhaps his Lord, if he divorced you [all], would substitute for him wives better than you - submitting [to Allah], believing, devoutly obedient, repentant, worshipping, and traveling - [ones] previously married and virgins.",
      "hausa": "Mai yiwuwa ne Ubangijinsa, idan ya sake ku, Ya musanya masa waɗansu mãtan aure mafiya alhẽri daga gare ku, Musulmai mũminai mãsu tawãli'u, mãsu tũba, mãsu ibãda, mãsu, azumi, zawarõri da 'yammãta."
    },
    {
      "ayah": 6,
      "arabic": "يَـٰٓأَيُّهَا ٱلَّذِينَ ءَامَنُوا۟ قُوٓا۟ أَنفُسَكُمْ وَأَهْلِيكُمْ نَارًا وَقُودُهَا ٱلنَّاسُ وَٱلْحِجَارَةُ عَلَيْهَا مَلَـٰٓئِكَةٌ غِلَاظٌ شِدَادٌ لَّا يَعْصُونَ ٱللَّهَ مَآ أَمَرَهُمْ وَيَفْعَلُونَ مَا يُؤْمَرُونَ",
      "english": "O you who have believed, protect yourselves and your families from a Fire whose fuel is people and stones, over which are [appointed] angels, harsh and severe; they do not disobey Allah in what He commands them but do what they are commanded.",
      "hausa": "Yã kũ waɗanda suka yi ĩmãni! Ku kãre wa kanku (da iyãlinku wata wuta makãmashinta mutãne da duwãtsu ne. A kanta akwai waɗansu malã'iku mãsu kauri, mãsu ƙarfi. Bã su sãɓã wa Allah ga abin da Ya umurce su, kuma sunã aikata abin da ake umunin su."
    },
    {
      "ayah": 7,
      "arabic": "يَـٰٓأَيُّهَا ٱلَّذِينَ كَفَرُوا۟ لَا تَعْتَذِرُوا۟ ٱلْيَوْمَ ۖ إِنَّمَا تُجْزَوْنَ مَا كُنتُمْ تَعْمَلُونَ",
      "english": "O you who have disbelieved, make no excuses that Day. You will only be recompensed for what you used to do.",
      "hausa": "Yã kũ waɗanda suka kãfirta! Kada ku kãwo wani uzuri a yau. Anã yi muku sakamakon abin da kuka kasance kunã aikatãwa kawai ne."
    },
    {
      "ayah": 8,
      "arabic": "يَـٰٓأَيُّهَا ٱلَّذِينَ ءَامَنُوا۟ تُوبُوٓا۟ إِلَى ٱللَّهِ تَوْبَةً نَّصُوحًا عَسَىٰ رَبُّكُمْ أَن يُكَفِّرَ عَنكُمْ سَيِّـَٔاتِكُمْ وَيُدْخِلَكُمْ جَنَّـٰتٍ تَجْرِى مِن تَحْتِهَا ٱلْأَنْهَـٰرُ يَوْمَ لَا يُخْزِى ٱللَّهُ ٱلنَّبِىَّ وَٱلَّذِينَ ءَامَنُوا۟ مَعَهُۥ ۖ نُورُهُمْ يَسْعَىٰ بَيْنَ أَيْدِيهِمْ وَبِأَيْمَـٰنِهِمْ يَقُولُونَ رَبَّنَآ أَتْمِمْ لَنَا نُورَنَا وَٱغْفِرْ لَنَآ ۖ إِنَّكَ عَلَىٰ كُلِّ شَىْءٍ قَدِيرٌ",
      "english": "O you who have believed, repent to Allah with sincere repentance. Perhaps your Lord will remove from you your misdeeds and admit you into gardens beneath which rivers flow [on] the Day when Allah will not disgrace the Prophet and those who believed with him. Their light will proceed before them and on their right; they will say, \"Our Lord, perfect for us our light and forgive us. Indeed, You are over all things competent.\"",
      "hausa": "Yã kũ waɗanda suka yi ĩmãni! Ku kõma zuwa ga Allah kõmawar gaskiya. Mai yiwuwa Ubangjinku Ya kankare muku miyãgun ayyukanku kuma Ya shigar da ku a gidãjen Aljanna, ƙoramu na gudãna daga ƙarƙashinsu a rãnar da Allah bã Ya kunyatar da Annabi da wadanda suka yi ĩmãni tãre da shi. Haskensu yanã tafiya a gaba gare su da jihõhin dãmansu, sunã cẽwa, \"Yã Ubangijiumu! Ka cika mana haskenmu, kuma Ka yi mana gãfara. Lalle Kai, a kan dukkan kõme, Yã kai Mai ikon yi ne.\""
    },
    {
      "ayah": 9,
      "arabic": "يَـٰٓأَيُّهَا ٱلنَّبِىُّ جَـٰهِدِ ٱلْكُفَّارَ وَٱلْمُنَـٰفِقِينَ وَٱغْلُظْ عَلَيْهِمْ ۚ وَمَأْوَىٰهُمْ جَهَنَّمُ ۖ وَبِئْسَ ٱلْمَصِيرُ",
      "english": "O Prophet, strive against the disbelievers and the hypocrites and be harsh upon them. And their refuge is Hell, and wretched is the destination.",
      "hausa": "Yã kai Annabi! Ka yãki kãfirai da munãfwkai. Kuma ka tsananta a kansu. Kuma matattararsu Jahannama ce, kuma tir da makoma, ita."
    },
    {
      "ayah": 10,
      "arabic": "ضَرَبَ ٱللَّهُ مَثَلًا لِّلَّذِينَ كَفَرُوا۟ ٱمْرَأَتَ نُوحٍ وَٱمْرَأَتَ لُوطٍ ۖ كَانَتَا تَحْتَ عَبْدَيْنِ مِنْ عِبَادِنَا صَـٰلِحَيْنِ فَخَانَتَاهُمَا فَلَمْ يُغْنِيَا عَنْهُمَا مِنَ ٱللَّهِ شَيْـًٔا وَقِيلَ ٱدْخُلَا ٱلنَّارَ مَعَ ٱلدَّٰخِلِينَ",
      "english": "Allah presents an example of those who disbelieved: the wife of Noah and the wife of Lot. They were under two of Our righteous servants but betrayed them, so those prophets did not avail them from Allah at all, and it was said, \"Enter the Fire with those who enter.\"",
      "hausa": "Allah Ya buga wani misãli dõmin waɗanda suka kãfirta: mãtar Nũhu da mãtar Lũɗu, sun kasance a ƙarƙashin wasu bãyi biyu daga bãyinMu sãlihai, saisuka yaudare su, sabõda haka ba su wadãtar musu da kõme daga Allah ba. Kuma aka ce: \"Ku shiga, kũ biyu, wutã tãre da mãsu shiga.\""
    },
    {
      "ayah": 11,
      "arabic": "وَضَرَبَ ٱللَّهُ مَثَلًا لِّلَّذِينَ ءَامَنُوا۟ ٱمْرَأَتَ فِرْعَوْنَ إِذْ قَالَتْ رَبِّ ٱبْنِ لِى عِندَكَ بَيْتًا فِى ٱلْجَنَّةِ وَنَجِّنِى مِن فِرْعَوْنَ وَعَمَلِهِۦ وَنَجِّنِى مِنَ ٱلْقَوْمِ ٱلظَّـٰلِمِينَ",
      "english": "And Allah presents an example of those who believed: the wife of Pharaoh, when she said, \"My Lord, build for me near You a house in Paradise and save me from Pharaoh and his deeds and save me from the wrongdoing people.\"",
      "hausa": "Kuma Allah Ya buga wani misãli dõmin waɗanda suka yi ĩmãni; matar Fir'auna, sa'ad da ta ce \"Ya Ubangiji! Ka gina mini wani gida a wurinKa a cikin Aljanna. Kuma Ka tsĩrar da ni daga Fir'auna da aikinsa. Kuma Ka tsĩrar da ni daga mutãnen nan azzãlumai.\""
    },
    {
      "ayah": 12,
      "arabic": "وَمَرْيَمَ ٱبْنَتَ عِمْرَٰنَ ٱلَّتِىٓ أَحْصَنَتْ فَرْجَهَا فَنَفَخْنَا فِيهِ مِن رُّوحِنَا وَصَدَّقَتْ بِكَلِمَـٰتِ رَبِّهَا وَكُتُبِهِۦ وَكَانَتْ مِنَ ٱلْقَـٰنِتِينَ",
      "english": "And [the example of] Mary, the daughter of 'Imran, who guarded her chastity, so We blew into [her garment] through Our angel, and she believed in the words of her Lord and His scriptures and was of the devoutly obedient.",
      "hausa": "Da Maryama ɗiyar Imrãna wadda ta tsare farjinta, sai Muka hũra a cikinsa daga rũhinMu. Kuma ta gaskata game da ãyõyin Ubangijinta da LittattafanSa alhãli kuwa ta kasance daga mãsu tawãli'u."
    }
  ]
}