{
  "surah": 94,
  "hasBasmallah": false,
  "basmallah": "",
  "verses": [
    {
      "ayah": 1,
      "arabic": "أَلَمْ نَشْرَحْ لَكَ صَدْرَكَ",
      "english": "Did We not expand for you, [O Muhammad], your breast?",
      "hausa": "Ba Mu bũɗa maka zũciyarka ba (dõmin ɗaukar haƙuri da fahimta)?"
    },
    {
      "ayah": 2,
      "arabic": "وَوَضَعْنَا عَنكَ وِزْرَكَ",
      "english": "And We removed from you your burden",
      "hausa": "Kuma Muka saryar maka da nauyinka, Ashe."
    },
    {
      "ayah": 3,
      "arabic": "ٱلَّذِىٓ أَنقَضَ ظَهْرَكَ",
      "english": "Which had weighed upon your back",
      "hausa": "Wanda ya nauyayi bãyanka?"
    },
    {
      "ayah": 4,
      "arabic": "وَرَفَعْنَا لَكَ ذِكْرَكَ",
      "english": "And raised high for you your repute.",
      "hausa": "Kuma Muka ɗaukaka maka ambatonka?"
    },
    {
      "ayah": 5,
      "arabic": "فَإِنَّ مَعَ ٱلْعُسْرِ يُسْرًا",
      "english": "For indeed, with hardship [will be] ease.",
      "hausa": "To, lalle ne tãre da tsananin nan akwai wani sauƙi."
    },
    {
      "ayah": 6,
      "arabic": "إِنَّ مَعَ ٱلْعُسْرِ يُسْرًا",
      "english": "Indeed, with hardship [will be] ease.",
      "hausa": "Lalle ne tãre da tsananin nan akwai wani sauƙi."
    },
    {
      "ayah": 7,
      "arabic": "فَإِذَا فَرَغْتَ فَٱنصَبْ",
      "english": "So when you have finished [your duties], then stand up [for worship].",
      "hausa": "Sabõda haka idan ka ƙãre (ibãda) sai ka kafu (kana rõƙon Allah)."
    },
    {
      "ayah": 8,
      "arabic": "وَإِلَىٰ رَبِّكَ فَٱرْغَب",
      "english": "And to your Lord direct [your] longing.",
      "hausa": "Kuma zuwa ga Ubangijinka ka yi kwaɗayi."
    }
  ]
}