{
  "surah": 28,
  "hasBasmallah": false,
  "basmallah": "",
  "verses": [
    {
      "ayah": 1,
      "arabic": "طسٓمٓ",
      "english": "Ta, Seen, Meem.",
      "hausa": "¦. S̃. M̃."
    },
    {
      "ayah": 2,
      "arabic": "تِلْكَ ءَايَـٰتُ ٱلْكِتَـٰبِ ٱلْمُبِينِ",
      "english": "These are the verses of the clear Book.",
      "hausa": "Waɗancan ãyõyin Littãfi ne bayyananne."
    },
    {
      "ayah": 3,
      "arabic": "نَتْلُوا۟ عَلَيْكَ مِن نَّبَإِ مُوسَىٰ وَفِرْعَوْنَ بِٱلْحَقِّ لِقَوْمٍ يُؤْمِنُونَ",
      "english": "We recite to you from the news of Moses and Pharaoh in truth for a people who believe.",
      "hausa": "Munã karantãwa a kanka daga lãbarin Mũsã da Fir'auna da gaskiya dõmin mutãne waɗanda suke yin ĩmãni."
    },
    {
      "ayah": 4,
      "arabic": "إِنَّ فِرْعَوْنَ عَلَا فِى ٱلْأَرْضِ وَجَعَلَ أَهْلَهَا شِيَعًا يَسْتَضْعِفُ طَآئِفَةً مِّنْهُمْ يُذَبِّحُ أَبْنَآءَهُمْ وَيَسْتَحْىِۦ نِسَآءَهُمْ ۚ إِنَّهُۥ كَانَ مِنَ ٱلْمُفْسِدِينَ",
      "english": "Indeed, Pharaoh exalted himself in the land and made its people into factions, oppressing a sector among them, slaughtering their [newborn] sons and keeping their females alive. Indeed, he was of the corrupters.",
      "hausa": "Lalle ne Fir'auna ya ɗaukaka a cikin ƙasa, kuma ya sanya mutãnenta ƙungiya-ƙungiya, yanã raunanar da wata jama'a daga gare su; yanã yanyanka ɗiyansu maza kuma yanã rãyar da mãtan. Lalle shĩ ya kasance daga mãsu ɓarna."
    },
    {
      "ayah": 5,
      "arabic": "وَنُرِيدُ أَن نَّمُنَّ عَلَى ٱلَّذِينَ ٱسْتُضْعِفُوا۟ فِى ٱلْأَرْضِ وَنَجْعَلَهُمْ أَئِمَّةً وَنَجْعَلَهُمُ ٱلْوَٰرِثِينَ",
      "english": "And We wanted to confer favor upon those who were oppressed in the land and make them leaders and make them inheritors",
      "hausa": "Kuma Munã nufin Mu yi falala ga waɗanda aka raunanar a cikin ƙasar, kuma Mu sanya su shugabanni, kuma Mu sanya su magãda."
    },
    {
      "ayah": 6,
      "arabic": "وَنُمَكِّنَ لَهُمْ فِى ٱلْأَرْضِ وَنُرِىَ فِرْعَوْنَ وَهَـٰمَـٰنَ وَجُنُودَهُمَا مِنْهُم مَّا كَانُوا۟ يَحْذَرُونَ",
      "english": "And establish them in the land and show Pharaoh and [his minister] Haman and their soldiers through them that which they had feared.",
      "hausa": "Kuma Mu tabbatar da su a cikin ƙasar, kuma Mu nũna wa Fir'auna da Hãmãna da rundunõninsu abin da suka kasance sunã sauna daga gare su."
    },
    {
      "ayah": 7,
      "arabic": "وَأَوْحَيْنَآ إِلَىٰٓ أُمِّ مُوسَىٰٓ أَنْ أَرْضِعِيهِ ۖ فَإِذَا خِفْتِ عَلَيْهِ فَأَلْقِيهِ فِى ٱلْيَمِّ وَلَا تَخَافِى وَلَا تَحْزَنِىٓ ۖ إِنَّا رَآدُّوهُ إِلَيْكِ وَجَاعِلُوهُ مِنَ ٱلْمُرْسَلِينَ",
      "english": "And We inspired to the mother of Moses, \"Suckle him; but when you fear for him, cast him into the river and do not fear and do not grieve. Indeed, We will return him to you and will make him [one] of the messengers.\"",
      "hausa": "Kuma Muka yi wahayi zuwa ga uwar Mũsa, cẽwa ki shãyar da shi, sai idan kin ji tsõro game da shi, to, ki jẽfa shi a cikin kõgi, kuma kada ki ji tsõro, kuma kada ki yi baƙin ciki. Lalle ne Mũ, Mãsu mayar da shi ne zuwa gare ki, kuma Mãsu sanya shi ne a cikin Manzanni"
    },
    {
      "ayah": 8,
      "arabic": "فَٱلْتَقَطَهُۥٓ ءَالُ فِرْعَوْنَ لِيَكُونَ لَهُمْ عَدُوًّا وَحَزَنًا ۗ إِنَّ فِرْعَوْنَ وَهَـٰمَـٰنَ وَجُنُودَهُمَا كَانُوا۟ خَـٰطِـِٔينَ",
      "english": "And the family of Pharaoh picked him up [out of the river] so that he would become to them an enemy and a [cause of] grief. Indeed, Pharaoh and Haman and their soldiers were deliberate sinners.",
      "hausa": "Sai mutãnen Fir'auna suka tsince shi, dõmin ya kasance maƙiyi da baƙin ciki a gare su. Lalle ne Fir'auna da Hãmãna da rundunõninsu, sun kasance mãsu aikin ganganci."
    },
    {
      "ayah": 9,
      "arabic": "وَقَالَتِ ٱمْرَأَتُ فِرْعَوْنَ قُرَّتُ عَيْنٍ لِّى وَلَكَ ۖ لَا تَقْتُلُوهُ عَسَىٰٓ أَن يَنفَعَنَآ أَوْ نَتَّخِذَهُۥ وَلَدًا وَهُمْ لَا يَشْعُرُونَ",
      "english": "And the wife of Pharaoh said, \"[He will be] a comfort of the eye for me and for you. Do not kill him; perhaps he may benefit us, or we may adopt him as a son.\" And they perceived not.",
      "hausa": "Kuma matar Fir'auna ta ce (\"Ka bar shi yanã) sanyin ido a gare ni da gare ka! Kada ka kashe shi, akwai fatan ya amfane mu, kõ mu riƙe Shi ɗã,\" alhãli kuwa sũ ba su sansance ba."
    },
    {
      "ayah": 10,
      "arabic": "وَأَصْبَحَ فُؤَادُ أُمِّ مُوسَىٰ فَـٰرِغًا ۖ إِن كَادَتْ لَتُبْدِى بِهِۦ لَوْلَآ أَن رَّبَطْنَا عَلَىٰ قَلْبِهَا لِتَكُونَ مِنَ ٱلْمُؤْمِنِينَ",
      "english": "And the heart of Moses' mother became empty [of all else]. She was about to disclose [the matter concerning] him had We not bound fast her heart that she would be of the believers.",
      "hausa": "Kuma zuciyar uwar Mũsã ta wãyi gari yõfintatta. Lalle ne, haƙĩƙa, ta yi kusa ta bayyanar da shi, bã dõmin Mun ɗaure zũciyarta ba, dõmin ta kasance daga mũminai."
    },
    {
      "ayah": 11,
      "arabic": "وَقَالَتْ لِأُخْتِهِۦ قُصِّيهِ ۖ فَبَصُرَتْ بِهِۦ عَن جُنُبٍ وَهُمْ لَا يَشْعُرُونَ",
      "english": "And she said to his sister, \"Follow him\"; so she watched him from a distance while they perceived not.",
      "hausa": "Kuma ta ce wa 'yar'uwarsa, \"Ki bĩ shi.\" Sabõda haka sai ta lẽƙe shi daga gẽfe, alhãli sũ ba Su sani ba."
    },
    {
      "ayah": 12,
      "arabic": "وَحَرَّمْنَا عَلَيْهِ ٱلْمَرَاضِعَ مِن قَبْلُ فَقَالَتْ هَلْ أَدُلُّكُمْ عَلَىٰٓ أَهْلِ بَيْتٍ يَكْفُلُونَهُۥ لَكُمْ وَهُمْ لَهُۥ نَـٰصِحُونَ",
      "english": "And We had prevented from him [all] wet nurses before, so she said, \"Shall I direct you to a household that will be responsible for him for you while they are to him [for his upbringing] sincere?\"",
      "hausa": "Kuma Muka hana masa mãsu shãyai da mãma, a gabãnin haka sai ta ce: \"Kõ in nũnamuku mutãnen wani gida, su yi muku renonsa alhãli kuwa su mãsu nasĩha ne a, gare shi?\""
    },
    {
      "ayah": 13,
      "arabic": "فَرَدَدْنَـٰهُ إِلَىٰٓ أُمِّهِۦ كَىْ تَقَرَّ عَيْنُهَا وَلَا تَحْزَنَ وَلِتَعْلَمَ أَنَّ وَعْدَ ٱللَّهِ حَقٌّ وَلَـٰكِنَّ أَكْثَرَهُمْ لَا يَعْلَمُونَ",
      "english": "So We restored him to his mother that she might be content and not grieve and that she would know that the promise of Allah is true. But most of the people do not know.",
      "hausa": "Sai Muka mayar da shi zuwa ga uwarsa dõmin idanunta su yi sanyi, kuma bã zã ta yi baƙin ciki ba, kuma dõmin ta san cẽwa lalle wa'adin Allah gaskiya ne, amma kuma mafi yawansu ba su sani ba."
    },
    {
      "ayah": 14,
      "arabic": "وَلَمَّا بَلَغَ أَشُدَّهُۥ وَٱسْتَوَىٰٓ ءَاتَيْنَـٰهُ حُكْمًا وَعِلْمًا ۚ وَكَذَٰلِكَ نَجْزِى ٱلْمُحْسِنِينَ",
      "english": "And when he attained his full strength and was [mentally] mature, We bestowed upon him judgement and knowledge. And thus do We reward the doers of good.",
      "hausa": "Kuma a lõkacin da ya kai ƙarfinsa, kuma ya daidaita, Mun bã shi hukunci da ilmi kuma kamar haka Muke sãka wa mãsu kyautatãwa."
    },
    {
      "ayah": 15,
      "arabic": "وَدَخَلَ ٱلْمَدِينَةَ عَلَىٰ حِينِ غَفْلَةٍ مِّنْ أَهْلِهَا فَوَجَدَ فِيهَا رَجُلَيْنِ يَقْتَتِلَانِ هَـٰذَا مِن شِيعَتِهِۦ وَهَـٰذَا مِنْ عَدُوِّهِۦ ۖ فَٱسْتَغَـٰثَهُ ٱلَّذِى مِن شِيعَتِهِۦ عَلَى ٱلَّذِى مِنْ عَدُوِّهِۦ فَوَكَزَهُۥ مُوسَىٰ فَقَضَىٰ عَلَيْهِ ۖ قَالَ هَـٰذَا مِنْ عَمَلِ ٱلشَّيْطَـٰنِ ۖ إِنَّهُۥ عَدُوٌّ مُّضِلٌّ مُّبِينٌ",
      "english": "And he entered the city at a time of inattention by its people and found therein two men fighting: one from his faction and one from among his enemy. And the one from his faction called for help to him against the one from his enemy, so Moses struck him and [unintentionally] killed him. [Moses] said, \"This is from the work of Satan. Indeed, he is a manifest, misleading enemy.\"",
      "hausa": "Kuma sai ya shiga garin a lõkacin da mutãnen garin suka shagala, sai ya sãmu, a cikin garin, waɗansu maza biyu sunã faɗa, wannan daga ƙungiyarsa, kuma ɗayan daga maƙiyansa, sai wannann da yake daga ƙungiyarsa ya nẽmi ãgajinsa, sai Mũsã ya yi masa ƙulli, ya kashe shi. Ya ce: \"Wannan aikin Shaiɗan ne, dõmin shi maƙiyi ne mai ɓatarwa, bayyananne!\""
    },
    {
      "ayah": 16,
      "arabic": "قَالَ رَبِّ إِنِّى ظَلَمْتُ نَفْسِى فَٱغْفِرْ لِى فَغَفَرَ لَهُۥٓ ۚ إِنَّهُۥ هُوَ ٱلْغَفُورُ ٱلرَّحِيمُ",
      "english": "He said, \"My Lord, indeed I have wronged myself, so forgive me,\" and He forgave him. Indeed, He is the Forgiving, the Merciful.",
      "hausa": "Ya ce: \"Ya Uhangijĩna! Lalle na zãlunci kaina, sai Ka yi mini gãfara.\" Sai Ya gãfarta masa, dõmin Shĩ ne Mai yawan gãfara, Mai jin ƙai."
    },
    {
      "ayah": 17,
      "arabic": "قَالَ رَبِّ بِمَآ أَنْعَمْتَ عَلَىَّ فَلَنْ أَكُونَ ظَهِيرًا لِّلْمُجْرِمِينَ",
      "english": "He said, \"My Lord, for the favor You bestowed upon me, I will never be an assistant to the criminals.\"",
      "hausa": "Ya ce: \"Yã Ubangijĩna! Dõmin abin da Ka ni'imta shi a kaina, sahõda haka bã zan kasance mai taimako ga mãsu laifi ba.\""
    },
    {
      "ayah": 18,
      "arabic": "فَأَصْبَحَ فِى ٱلْمَدِينَةِ خَآئِفًا يَتَرَقَّبُ فَإِذَا ٱلَّذِى ٱسْتَنصَرَهُۥ بِٱلْأَمْسِ يَسْتَصْرِخُهُۥ ۚ قَالَ لَهُۥ مُوسَىٰٓ إِنَّكَ لَغَوِىٌّ مُّبِينٌ",
      "english": "And he became inside the city fearful and anticipating [exposure], when suddenly the one who sought his help the previous day cried out to him [once again]. Moses said to him, \"Indeed, you are an evident, [persistent] deviator.\"",
      "hausa": "Sai ya wãyi gari a cikin birnin yanã mai tsõro, yanã sauna. Sai ga wanda ya nẽmi taimako daga gare shi a jiya, yanã nẽman ãgajinsa. Mũsã ya ce masa, \"Lalle kai ɓatacce ne, bayyananne.\""
    },
    {
      "ayah": 19,
      "arabic": "فَلَمَّآ أَنْ أَرَادَ أَن يَبْطِشَ بِٱلَّذِى هُوَ عَدُوٌّ لَّهُمَا قَالَ يَـٰمُوسَىٰٓ أَتُرِيدُ أَن تَقْتُلَنِى كَمَا قَتَلْتَ نَفْسًۢا بِٱلْأَمْسِ ۖ إِن تُرِيدُ إِلَّآ أَن تَكُونَ جَبَّارًا فِى ٱلْأَرْضِ وَمَا تُرِيدُ أَن تَكُونَ مِنَ ٱلْمُصْلِحِينَ",
      "english": "And when he wanted to strike the one who was an enemy to both of them, he said, \"O Moses, do you intend to kill me as you killed someone yesterday? You only want to be a tyrant in the land and do not want to be of the amenders.\"",
      "hausa": "To, a lõkacin da Mũsã ya yi nufin ya damƙi wanda yake maƙiyi ne a gare su, (mai nẽman ãgajin) ya ce, \"Ya Mũsã! Shin kanãnufin ka kashe ni ne kamar yadda ka kashe wani rai jiya? Ba ka son kõme fãce ka kasance mai tanƙwasawa a cikin ƙasa kuma bã ka nufin ka kasance daga mãsu kyautatãwa.\""
    },
    {
      "ayah": 20,
      "arabic": "وَجَآءَ رَجُلٌ مِّنْ أَقْصَا ٱلْمَدِينَةِ يَسْعَىٰ قَالَ يَـٰمُوسَىٰٓ إِنَّ ٱلْمَلَأَ يَأْتَمِرُونَ بِكَ لِيَقْتُلُوكَ فَٱخْرُجْ إِنِّى لَكَ مِنَ ٱلنَّـٰصِحِينَ",
      "english": "And a man came from the farthest end of the city, running. He said, \"O Moses, indeed the eminent ones are conferring over you [intending] to kill you, so leave [the city]; indeed, I am to you of the sincere advisors.\"",
      "hausa": "Kuma wani mutum ya zo daga mafi nĩsan birnin yanã taliya da gaggãwa, ya ce: \"Ya Mũsã! Lalle mashãwarta sunã shãwara game da kai dõmin su kashe ka sabõda haka ka fita. Lalle nĩ, mai nasĩha ne a gare ka.\""
    },
    {
      "ayah": 21,
      "arabic": "فَخَرَجَ مِنْهَا خَآئِفًا يَتَرَقَّبُ ۖ قَالَ رَبِّ نَجِّنِى مِنَ ٱلْقَوْمِ ٱلظَّـٰلِمِينَ",
      "english": "So he left it, fearful and anticipating [apprehension]. He said, \"My Lord, save me from the wrongdoing people.\"",
      "hausa": "Sai ya fita daga gare ta, yanã mai jin tsõro yanã sauna. Ya ce: \"Ya Ubangijĩna! Kã tsẽrar da ni daga mutãne azzãlumai.\""
    },
    {
      "ayah": 22,
      "arabic": "وَلَمَّا تَوَجَّهَ تِلْقَآءَ مَدْيَنَ قَالَ عَسَىٰ رَبِّىٓ أَن يَهْدِيَنِى سَوَآءَ ٱلسَّبِيلِ",
      "english": "And when he directed himself toward Madyan, he said, \"Perhaps my Lord will guide me to the sound way.\"",
      "hausa": "Kuma a lõkacin da ya fuskanci wajen Madyana, ya ce: \"Inã fatan Ubangijĩna Ya shiryar da ni a kan madaidaiciyar hanya.\""
    },
    {
      "ayah": 23,
      "arabic": "وَلَمَّا وَرَدَ مَآءَ مَدْيَنَ وَجَدَ عَلَيْهِ أُمَّةً مِّنَ ٱلنَّاسِ يَسْقُونَ وَوَجَدَ مِن دُونِهِمُ ٱمْرَأَتَيْنِ تَذُودَانِ ۖ قَالَ مَا خَطْبُكُمَا ۖ قَالَتَا لَا نَسْقِى حَتَّىٰ يُصْدِرَ ٱلرِّعَآءُ ۖ وَأَبُونَا شَيْخٌ كَبِيرٌ",
      "english": "And when he came to the well of Madyan, he found there a crowd of people watering [their flocks], and he found aside from them two women driving back [their flocks]. He said, \"What is your circumstance?\" They said, \"We do not water until the shepherds dispatch [their flocks]; and our father is an old man.\"",
      "hausa": "Kuma a lõkacin da ya isa mashãyar Madyana, ya sãmi wata jam'ar mutãne sunã shãyarwa, kuma a bãyansu ya sãmi waɗansu mãtã biyu sunã kõrar (tumãkinsu). Ya ce: \"Mẽne ne shã'aninku?\" Suka ce, \"Bã zã mu iya shãyãrwa ba sai makiyãya sun fita, kuma ubanmu tsõho ne mai daraja.\""
    },
    {
      "ayah": 24,
      "arabic": "فَسَقَىٰ لَهُمَا ثُمَّ تَوَلَّىٰٓ إِلَى ٱلظِّلِّ فَقَالَ رَبِّ إِنِّى لِمَآ أَنزَلْتَ إِلَىَّ مِنْ خَيْرٍ فَقِيرٌ",
      "english": "So he watered [their flocks] for them; then he went back to the shade and said, \"My Lord, indeed I am, for whatever good You would send down to me, in need.\"",
      "hausa": "Sai ya shãyar musu, sa'an nan kuma ya jũya zuwa ga inuwa, sa'an nan ya ce: \"Yã Ubangijĩna! Lalle ne, ga abin da Ka saukar zuwa gare ni na alhẽri ni mai bukãta ne.\""
    },
    {
      "ayah": 25,
      "arabic": "فَجَآءَتْهُ إِحْدَىٰهُمَا تَمْشِى عَلَى ٱسْتِحْيَآءٍ قَالَتْ إِنَّ أَبِى يَدْعُوكَ لِيَجْزِيَكَ أَجْرَ مَا سَقَيْتَ لَنَا ۚ فَلَمَّا جَآءَهُۥ وَقَصَّ عَلَيْهِ ٱلْقَصَصَ قَالَ لَا تَخَفْ ۖ نَجَوْتَ مِنَ ٱلْقَوْمِ ٱلظَّـٰلِمِينَ",
      "english": "Then one of the two women came to him walking with shyness. She said, \"Indeed, my father invites you that he may reward you for having watered for us.\" So when he came to him and related to him the story, he said, \"Fear not. You have escaped from the wrongdoing people.\"",
      "hausa": "Sai ɗayansu ta je masa, tanã tafiya a kan jin kunya, ta ce, \"Ubãna yanã kiran ka, dõmin ya sãka maka ijãrar abin da ka shãyar sabõda mu.\" To, a lõkacin da ya je masa, ya gaya masa lãbãrinsa, ya ce: \"Kada ka ji tsõro, kã tsĩra daga mutãne azzãlumai.\""
    },
    {
      "ayah": 26,
      "arabic": "قَالَتْ إِحْدَىٰهُمَا يَـٰٓأَبَتِ ٱسْتَـْٔجِرْهُ ۖ إِنَّ خَيْرَ مَنِ ٱسْتَـْٔجَرْتَ ٱلْقَوِىُّ ٱلْأَمِينُ",
      "english": "One of the women said, \"O my father, hire him. Indeed, the best one you can hire is the strong and the trustworthy.\"",
      "hausa": "¦ayarsu ta ce, \"Yã Bãba! Ka bã shi aikin ijãra, lalle ne mafi alhẽrin wanda ka bai wa aikin ijãra shi ne mai ƙarfi amintacce.\""
    },
    {
      "ayah": 27,
      "arabic": "قَالَ إِنِّىٓ أُرِيدُ أَنْ أُنكِحَكَ إِحْدَى ٱبْنَتَىَّ هَـٰتَيْنِ عَلَىٰٓ أَن تَأْجُرَنِى ثَمَـٰنِىَ حِجَجٍ ۖ فَإِنْ أَتْمَمْتَ عَشْرًا فَمِنْ عِندِكَ ۖ وَمَآ أُرِيدُ أَنْ أَشُقَّ عَلَيْكَ ۚ سَتَجِدُنِىٓ إِن شَآءَ ٱللَّهُ مِنَ ٱلصَّـٰلِحِينَ",
      "english": "He said, \"Indeed, I wish to wed you one of these, my two daughters, on [the condition] that you serve me for eight years; but if you complete ten, it will be [as a favor] from you. And I do not wish to put you in difficulty. You will find me, if Allah wills, from among the righteous.\"",
      "hausa": "Ya ce: \"Lalle ne inã nufin in aurar da kai ɗayan 'yã'yãna biyu, waɗannan, a kan ka yi mini aikin ijãra shẽkara takwas to, idan ka cika gõma, to, daga, gare ka yake. Ba ni so in tsanantã maka, zã ka sãme ni, in Allah Ya so, daga sãlihai.\""
    },
    {
      "ayah": 28,
      "arabic": "قَالَ ذَٰلِكَ بَيْنِى وَبَيْنَكَ ۖ أَيَّمَا ٱلْأَجَلَيْنِ قَضَيْتُ فَلَا عُدْوَٰنَ عَلَىَّ ۖ وَٱللَّهُ عَلَىٰ مَا نَقُولُ وَكِيلٌ",
      "english": "[Moses] said, \"That is [established] between me and you. Whichever of the two terms I complete - there is no injustice to me, and Allah, over what we say, is Witness.\"",
      "hausa": "Ya ce: \"Wannan yanã a tsakanina da tsakãninka kõwane ɗayan adadin biyun na ƙãre, to, bãbu wani zãlunci a kaina. Kuma Allah ne Wakili ga abin da muke faɗa.\""
    },
    {
      "ayah": 29,
      "arabic": "فَلَمَّا قَضَىٰ مُوسَى ٱلْأَجَلَ وَسَارَ بِأَهْلِهِۦٓ ءَانَسَ مِن جَانِبِ ٱلطُّورِ نَارًا قَالَ لِأَهْلِهِ ٱمْكُثُوٓا۟ إِنِّىٓ ءَانَسْتُ نَارًا لَّعَلِّىٓ ءَاتِيكُم مِّنْهَا بِخَبَرٍ أَوْ جَذْوَةٍ مِّنَ ٱلنَّارِ لَعَلَّكُمْ تَصْطَلُونَ",
      "english": "And when Moses had completed the term and was traveling with his family, he perceived from the direction of the mount a fire. He said to his family, \"Stay here; indeed, I have perceived a fire. Perhaps I will bring you from there [some] information or burning wood from the fire that you may warm yourselves.\"",
      "hausa": "To, a lokacin da Mũsã ya ƙãre adadin kuma yanã tafiya da iyãlinsa, sai ya tsinkãyi wata Wutã daga gẽfen dũtse (¦ũr). Ya cewa iyãlinsa, \"Ku dãkata, lalle ne nĩ, na tsinkãyi wata wutã, tsammãnĩna ni, mai zo muku ne daga gare ta da wani lãbãrĩ, kõ kuwa da guntun makãmashi daga Wutar don kõ ku ji ɗimi.\""
    },
    {
      "ayah": 30,
      "arabic": "فَلَمَّآ أَتَىٰهَا نُودِىَ مِن شَـٰطِئِ ٱلْوَادِ ٱلْأَيْمَنِ فِى ٱلْبُقْعَةِ ٱلْمُبَـٰرَكَةِ مِنَ ٱلشَّجَرَةِ أَن يَـٰمُوسَىٰٓ إِنِّىٓ أَنَا ٱللَّهُ رَبُّ ٱلْعَـٰلَمِينَ",
      "english": "But when he came to it, he was called from the right side of the valley in a blessed spot - from the tree, \"O Moses, indeed I am Allah, Lord of the worlds.\"",
      "hausa": "To, a lõkacin da ya jẽ wurinta (Wutar) aka kirã shi, daga gẽfen rãfin na dãma, a cikin wurin nan mai albarka, daga itãciyar (cẽwa) \"Ya Mũsã! Lalle Nĩ ne Allah Ubangijin halittu.\""
    },
    {
      "ayah": 31,
      "arabic": "وَأَنْ أَلْقِ عَصَاكَ ۖ فَلَمَّا رَءَاهَا تَهْتَزُّ كَأَنَّهَا جَآنٌّ وَلَّىٰ مُدْبِرًا وَلَمْ يُعَقِّبْ ۚ يَـٰمُوسَىٰٓ أَقْبِلْ وَلَا تَخَفْ ۖ إِنَّكَ مِنَ ٱلْـَٔامِنِينَ",
      "english": "And [he was told], \"Throw down your staff.\" But when he saw it writhing as if it was a snake, he turned in flight and did not return. [Allah said], \"O Moses, approach and fear not. Indeed, you are of the secure.",
      "hausa": "\"Kuma ka jẽfa sandarka.\" To, a lõkacin da ya gan ta, tanã girgiza kamar ƙaramar macijiya, ya jũya yanã mai bãyar da bãya, bai kõma ba. \"Ya Mũsã! Ka fuskanto, kuma kada ka ji tsõro lalle ne kanã daga waɗanda ke amintattu.\""
    },
    {
      "ayah": 32,
      "arabic": "ٱسْلُكْ يَدَكَ فِى جَيْبِكَ تَخْرُجْ بَيْضَآءَ مِنْ غَيْرِ سُوٓءٍ وَٱضْمُمْ إِلَيْكَ جَنَاحَكَ مِنَ ٱلرَّهْبِ ۖ فَذَٰنِكَ بُرْهَـٰنَانِ مِن رَّبِّكَ إِلَىٰ فِرْعَوْنَ وَمَلَإِي۟هِۦٓ ۚ إِنَّهُمْ كَانُوا۟ قَوْمًا فَـٰسِقِينَ",
      "english": "Insert your hand into the opening of your garment; it will come out white, without disease. And draw in your arm close to you [as prevention] from fear, for those are two proofs from your Lord to Pharaoh and his establishment. Indeed, they have been a people defiantly disobedient.\"",
      "hausa": "\"Ka shigar da hannunka a cikin wuyan rĩgarka, ya fita fari, ba da wata cũta ba, kuma ka haɗa hannuwanka ga kãfaɗunka, dõmin tsõro (ya gushe daga gare ka). To, waɗannan abũbuwa dalĩlai biyu ne daga Ubangijinka zuwa ga Fir'auna da 'yan Majalisarsa. Lalle sun kasance mutãne ne fãsiƙai.\""
    },
    {
      "ayah": 33,
      "arabic": "قَالَ رَبِّ إِنِّى قَتَلْتُ مِنْهُمْ نَفْسًا فَأَخَافُ أَن يَقْتُلُونِ",
      "english": "He said, \"My Lord, indeed, I killed from among them someone, and I fear they will kill me.",
      "hausa": "Ya ce: \"Yã Ubangijĩna! Lalle nã kashe wani rai daga gare su, dõmin haka inã tsõron kada su kashe ni.\""
    },
    {
      "ayah": 34,
      "arabic": "وَأَخِى هَـٰرُونُ هُوَ أَفْصَحُ مِنِّى لِسَانًا فَأَرْسِلْهُ مَعِىَ رِدْءًا يُصَدِّقُنِىٓ ۖ إِنِّىٓ أَخَافُ أَن يُكَذِّبُونِ",
      "english": "And my brother Aaron is more fluent than me in tongue, so send him with me as support, verifying me. Indeed, I fear that they will deny me.\"",
      "hausa": "\"Kuma ɗan'uwana Hãrũna shĩ ne mafi fasãha daga gareni, ga harshe, sabõda haka Ka aika shi tãre da ni, yanã mai taimako, yanã gaskata ni, lalle ne inã tsõron su ƙaryata ni.\""
    },
    {
      "ayah": 35,
      "arabic": "قَالَ سَنَشُدُّ عَضُدَكَ بِأَخِيكَ وَنَجْعَلُ لَكُمَا سُلْطَـٰنًا فَلَا يَصِلُونَ إِلَيْكُمَا ۚ بِـَٔايَـٰتِنَآ أَنتُمَا وَمَنِ ٱتَّبَعَكُمَا ٱلْغَـٰلِبُونَ",
      "english": "[Allah] said, \"We will strengthen your arm through your brother and grant you both supremacy so they will not reach you. [It will be] through Our signs; you and those who follow you will be the predominant.\"",
      "hausa": "Ya ce: \"Zã Mu ƙarfafa damtsenka game da ɗan'uwanka kuma Mu sanya muku wani dalĩli, sabõda haka bã zã su sãdu zuwa gareku ba, tãre da ãyõyinMu, kũ da waɗanda suka bĩ ku ne marinjãya.\""
    },
    {
      "ayah": 36,
      "arabic": "فَلَمَّا جَآءَهُم مُّوسَىٰ بِـَٔايَـٰتِنَا بَيِّنَـٰتٍ قَالُوا۟ مَا هَـٰذَآ إِلَّا سِحْرٌ مُّفْتَرًى وَمَا سَمِعْنَا بِهَـٰذَا فِىٓ ءَابَآئِنَا ٱلْأَوَّلِينَ",
      "english": "But when Moses came to them with Our signs as clear evidences, they said, \"This is not except invented magic, and we have not heard of this [religion] among our forefathers.\"",
      "hausa": "To, a lõkacin da Mũsã ya jẽ musu da ãyõyinMu bayyanannu, suka ce: \"Wannan ba kõme ba sai sihiri, wanda aka ƙãga, kuma ba mu ji wannan ba daga wajen ubanninmu na farko.\""
    },
    {
      "ayah": 37,
      "arabic": "وَقَالَ مُوسَىٰ رَبِّىٓ أَعْلَمُ بِمَن جَآءَ بِٱلْهُدَىٰ مِنْ عِندِهِۦ وَمَن تَكُونُ لَهُۥ عَـٰقِبَةُ ٱلدَّارِ ۖ إِنَّهُۥ لَا يُفْلِحُ ٱلظَّـٰلِمُونَ",
      "english": "And Moses said, \"My Lord is more knowing [than we or you] of who has come with guidance from Him and to whom will be succession in the home. Indeed, wrongdoers do not succeed.\"",
      "hausa": "Kuma Mũsã ya ce: \"Ubangijĩna ne Mafi sanin wanda ya zo da shiriya daga gare Shi, da wanda ãƙibar gida take kasancẽwa agare shi. Lalle ne mãsu zãlunci bã su cin nasara.\""
    },
    {
      "ayah": 38,
      "arabic": "وَقَالَ فِرْعَوْنُ يَـٰٓأَيُّهَا ٱلْمَلَأُ مَا عَلِمْتُ لَكُم مِّنْ إِلَـٰهٍ غَيْرِى فَأَوْقِدْ لِى يَـٰهَـٰمَـٰنُ عَلَى ٱلطِّينِ فَٱجْعَل لِّى صَرْحًا لَّعَلِّىٓ أَطَّلِعُ إِلَىٰٓ إِلَـٰهِ مُوسَىٰ وَإِنِّى لَأَظُنُّهُۥ مِنَ ٱلْكَـٰذِبِينَ",
      "english": "And Pharaoh said, \"O eminent ones, I have not known you to have a god other than me. Then ignite for me, O Haman, [a fire] upon the clay and make for me a tower that I may look at the God of Moses. And indeed, I do think he is among the liars.\"",
      "hausa": "Kuma Fir'auna ya ce: \"Yã ku mashãwarta! Ban san kunã da wani abin bautãwa baicina ba, sabõda haka ka hũra mini wuta, ya Hãmãnu! a kan lãka (dõmin a yi tũbali), sa'an nan ka sanya mini bẽne tsammãnĩna zan ninƙãya zuwa ga Ubangijin Mũsã kuma lalle ne ni, haƙĩƙa, inã zaton sa daga maƙaryata.\""
    },
    {
      "ayah": 39,
      "arabic": "وَٱسْتَكْبَرَ هُوَ وَجُنُودُهُۥ فِى ٱلْأَرْضِ بِغَيْرِ ٱلْحَقِّ وَظَنُّوٓا۟ أَنَّهُمْ إِلَيْنَا لَا يُرْجَعُونَ",
      "english": "And he was arrogant, he and his soldiers, in the land, without right, and they thought that they would not be returned to Us.",
      "hausa": "Kuma ya kangare, shi da rundunõninsa a cikin ƙasa, bã da haƙƙi ba kuma suka zaci cẽwa sũ, bã zã a mayar da su zuwa gare Mu ba."
    },
    {
      "ayah": 40,
      "arabic": "فَأَخَذْنَـٰهُ وَجُنُودَهُۥ فَنَبَذْنَـٰهُمْ فِى ٱلْيَمِّ ۖ فَٱنظُرْ كَيْفَ كَانَ عَـٰقِبَةُ ٱلظَّـٰلِمِينَ",
      "english": "So We took him and his soldiers and threw them into the sea. So see how was the end of the wrongdoers.",
      "hausa": "Sai Muka kãma shi, shĩ da rundunõninsa sai Muka jẽfa su a cikin kõgi. Sai ka dũbi yaddaãƙibar azzãlumai ta kasance."
    },
    {
      "ayah": 41,
      "arabic": "وَجَعَلْنَـٰهُمْ أَئِمَّةً يَدْعُونَ إِلَى ٱلنَّارِ ۖ وَيَوْمَ ٱلْقِيَـٰمَةِ لَا يُنصَرُونَ",
      "english": "And We made them leaders inviting to the Fire, and on the Day of Resurrection they will not be helped.",
      "hausa": "Kuma Muka sanya su shũgabanni, sunã kira zuwa ga wuta, kuma a Rãnar ¡iyãma bã zã a taimake su ba."
    },
    {
      "ayah": 42,
      "arabic": "وَأَتْبَعْنَـٰهُمْ فِى هَـٰذِهِ ٱلدُّنْيَا لَعْنَةً ۖ وَيَوْمَ ٱلْقِيَـٰمَةِ هُم مِّنَ ٱلْمَقْبُوحِينَ",
      "english": "And We caused to overtake them in this world a curse, and on the Day of Resurrection they will be of the despised.",
      "hausa": "Kuma Muka biyar musu da la'ana a cikin wannan dũniyakuma a Rãnar ¡iyãma sunã daga waɗanda aka mũnana halittarsu."
    },
    {
      "ayah": 43,
      "arabic": "وَلَقَدْ ءَاتَيْنَا مُوسَى ٱلْكِتَـٰبَ مِنۢ بَعْدِ مَآ أَهْلَكْنَا ٱلْقُرُونَ ٱلْأُولَىٰ بَصَآئِرَ لِلنَّاسِ وَهُدًى وَرَحْمَةً لَّعَلَّهُمْ يَتَذَكَّرُونَ",
      "english": "And We gave Moses the Scripture, after We had destroyed the former generations, as enlightenment for the people and guidance and mercy that they might be reminded.",
      "hausa": "Kuma lalle ne haƙĩƙa, Mun bai wa Mũsã Littãfi daga bãyan Mun halakar da ƙarnõnin farko, dõmin su zama abũbuwan kula ga mutãne, da shiriya da rahama, tsammãninsu sunã tunãwa."
    },
    {
      "ayah": 44,
      "arabic": "وَمَا كُنتَ بِجَانِبِ ٱلْغَرْبِىِّ إِذْ قَضَيْنَآ إِلَىٰ مُوسَى ٱلْأَمْرَ وَمَا كُنتَ مِنَ ٱلشَّـٰهِدِينَ",
      "english": "And you, [O Muhammad], were not on the western side [of the mount] when We revealed to Moses the command, and you were not among the witnesses [to that].",
      "hausa": "Kuma ba ka kasance ba ga gẽfen rãfi na yamma a lõkacin da Muka hukunta al'amaru zuwa ga Mũsã, kuma ba ka kasance daga halartattu ba."
    },
    {
      "ayah": 45,
      "arabic": "وَلَـٰكِنَّآ أَنشَأْنَا قُرُونًا فَتَطَاوَلَ عَلَيْهِمُ ٱلْعُمُرُ ۚ وَمَا كُنتَ ثَاوِيًا فِىٓ أَهْلِ مَدْيَنَ تَتْلُوا۟ عَلَيْهِمْ ءَايَـٰتِنَا وَلَـٰكِنَّا كُنَّا مُرْسِلِينَ",
      "english": "But We produced [many] generations [after Moses], and prolonged was their duration. And you were not a resident among the people of Madyan, reciting to them Our verses, but We were senders [of this message].",
      "hausa": "Kuma amma Mũ, Mun ƙãga halittawar wasu ƙarnõni har lõkatan rãyuwa suka yi tsawo a kansu. Kuma ba ka kasance mazauni ba a cikin mutãnen Madyana, kanã karanta musu ãyõyinMu, amma Mũ Mun kasãnce mãsu aikãwa (da kai game da waɗancan lãbarai)."
    },
    {
      "ayah": 46,
      "arabic": "وَمَا كُنتَ بِجَانِبِ ٱلطُّورِ إِذْ نَادَيْنَا وَلَـٰكِن رَّحْمَةً مِّن رَّبِّكَ لِتُنذِرَ قَوْمًا مَّآ أَتَىٰهُم مِّن نَّذِيرٍ مِّن قَبْلِكَ لَعَلَّهُمْ يَتَذَكَّرُونَ",
      "english": "And you were not at the side of the mount when We called [Moses] but [were sent] as a mercy from your Lord to warn a people to whom no warner had come before you that they might be reminded.",
      "hausa": "Kuma ba ka kasance ga gẽfen dũtse ba a lõkacin da Muka yi kira, kuma amma dõmin rahama daga Ubangijinka, dõmin ka yi gargaɗi ga mutãne waɗanda suke wani mai gargaɗi a gabãninka bai je musu ba, tsammãninsu sunã tunãwa."
    },
    {
      "ayah": 47,
      "arabic": "وَلَوْلَآ أَن تُصِيبَهُم مُّصِيبَةٌۢ بِمَا قَدَّمَتْ أَيْدِيهِمْ فَيَقُولُوا۟ رَبَّنَا لَوْلَآ أَرْسَلْتَ إِلَيْنَا رَسُولًا فَنَتَّبِعَ ءَايَـٰتِكَ وَنَكُونَ مِنَ ٱلْمُؤْمِنِينَ",
      "english": "And if not that a disaster should strike them for what their hands put forth [of sins] and they would say, \"Our Lord, why did You not send us a messenger so we could have followed Your verses and been among the believers?\"...",
      "hausa": "Kuma bã dõmin wata masĩfa ta sãme su ba sabõda abin da hannayensu suka gabãtar, su ce: \"Yã Ubangijinmu! Don me ba Ka aiko wani Manzo zuwa gare mu ba, har mu dinga bĩn ãyõyinKa, kuma mu kasance daga mũminai?\""
    },
    {
      "ayah": 48,
      "arabic": "فَلَمَّا جَآءَهُمُ ٱلْحَقُّ مِنْ عِندِنَا قَالُوا۟ لَوْلَآ أُوتِىَ مِثْلَ مَآ أُوتِىَ مُوسَىٰٓ ۚ أَوَلَمْ يَكْفُرُوا۟ بِمَآ أُوتِىَ مُوسَىٰ مِن قَبْلُ ۖ قَالُوا۟ سِحْرَانِ تَظَـٰهَرَا وَقَالُوٓا۟ إِنَّا بِكُلٍّ كَـٰفِرُونَ",
      "english": "But when the truth came to them from Us, they said, \"Why was he not given like that which was given to Moses?\" Did they not disbelieve in that which was given to Moses before? They said, \"[They are but] two works of magic supporting each other, and indeed we are, in both, disbelievers.\"",
      "hausa": "Sa'an nan a lõkacin da gaskiya ta jẽ musu daga wurinMu, suka ce: \"Don me ba a bã shi kamar abin da aka bai wa Mũsã ba?\" Shin kuma ba su kãfirta ba da abin da aka bai wa Mũsã a gabãnin (wannan)? suka ce: \"Sihirõri biyu ne suka taimaki jũna,\" kuma suka ce: \"Lalle ne mũ, mãsu kãfirta ne ga dukansu?\""
    },
    {
      "ayah": 49,
      "arabic": "قُلْ فَأْتُوا۟ بِكِتَـٰبٍ مِّنْ عِندِ ٱللَّهِ هُوَ أَهْدَىٰ مِنْهُمَآ أَتَّبِعْهُ إِن كُنتُمْ صَـٰدِقِينَ",
      "english": "Say, \"Then bring a scripture from Allah which is more guiding than either of them that I may follow it, if you should be truthful.\"",
      "hausa": "Ka ce: \"To ku zo da wani littãfi daga, wurin Allah, wanda yake shi ne mafi shiryarwa daga gare su, in bĩ shi, idan kunkasance mãsu gaskiya.\""
    },
    {
      "ayah": 50,
      "arabic": "فَإِن لَّمْ يَسْتَجِيبُوا۟ لَكَ فَٱعْلَمْ أَنَّمَا يَتَّبِعُونَ أَهْوَآءَهُمْ ۚ وَمَنْ أَضَلُّ مِمَّنِ ٱتَّبَعَ هَوَىٰهُ بِغَيْرِ هُدًى مِّنَ ٱللَّهِ ۚ إِنَّ ٱللَّهَ لَا يَهْدِى ٱلْقَوْمَ ٱلظَّـٰلِمِينَ",
      "english": "But if they do not respond to you - then know that they only follow their [own] desires. And who is more astray than one who follows his desire without guidance from Allah? Indeed, Allah does not guide the wrongdoing people.",
      "hausa": "To, idan ba su karɓa maka ba to sai ka sani sunã bin son zuciyarsu ne kawai, kuma wãne ne mafi ɓata daga wanda ya bi son zuciyarsa, bã tãre da wata shiriya daga Allah ba? Lalle ne, Allah bã ya shiryar da mutãne azzãlumai."
    },
    {
      "ayah": 51,
      "arabic": "وَلَقَدْ وَصَّلْنَا لَهُمُ ٱلْقَوْلَ لَعَلَّهُمْ يَتَذَكَّرُونَ",
      "english": "And We have [repeatedly] conveyed to them the Qur'an that they might be reminded.",
      "hausa": "Kuma lalle ne haƙĩƙa Mun sãdar da magana sabõda su, tsammãninsu, suna tunãni."
    },
    {
      "ayah": 52,
      "arabic": "ٱلَّذِينَ ءَاتَيْنَـٰهُمُ ٱلْكِتَـٰبَ مِن قَبْلِهِۦ هُم بِهِۦ يُؤْمِنُونَ",
      "english": "Those to whom We gave the Scripture before it - they are believers in it.",
      "hausa": "Waɗanda Muka bã su littãfi daga gabãninsa (Alƙur'ãni), su mãsu ĩmãni ne da shi."
    },
    {
      "ayah": 53,
      "arabic": "وَإِذَا يُتْلَىٰ عَلَيْهِمْ قَالُوٓا۟ ءَامَنَّا بِهِۦٓ إِنَّهُ ٱلْحَقُّ مِن رَّبِّنَآ إِنَّا كُنَّا مِن قَبْلِهِۦ مُسْلِمِينَ",
      "english": "And when it is recited to them, they say, \"We have believed in it; indeed, it is the truth from our Lord. Indeed we were, [even] before it, Muslims [submitting to Allah].\"",
      "hausa": "Kuma idan anã karanta shi a kansu, sai su ce: \"Mun yi ĩmãni da shi, lalle shi ne gaskiya daga Ubangijinmu. Lalle mũ, mun kasance a gabãninsa masu sallamãwa.\""
    },
    {
      "ayah": 54,
      "arabic": "أُو۟لَـٰٓئِكَ يُؤْتَوْنَ أَجْرَهُم مَّرَّتَيْنِ بِمَا صَبَرُوا۟ وَيَدْرَءُونَ بِٱلْحَسَنَةِ ٱلسَّيِّئَةَ وَمِمَّا رَزَقْنَـٰهُمْ يُنفِقُونَ",
      "english": "Those will be given their reward twice for what they patiently endured and [because] they avert evil through good, and from what We have provided them they spend.",
      "hausa": "Waɗancan anã ba su lãdarsu sau biyu, sabõda haƙurin da suka yi, kuma da kyautatãwa suna tunkuɗewar mũnanãwa kuma daga abin da Muka azũrtã susunã ciyarwa."
    },
    {
      "ayah": 55,
      "arabic": "وَإِذَا سَمِعُوا۟ ٱللَّغْوَ أَعْرَضُوا۟ عَنْهُ وَقَالُوا۟ لَنَآ أَعْمَـٰلُنَا وَلَكُمْ أَعْمَـٰلُكُمْ سَلَـٰمٌ عَلَيْكُمْ لَا نَبْتَغِى ٱلْجَـٰهِلِينَ",
      "english": "And when they hear ill speech, they turn away from it and say, \"For us are our deeds, and for you are your deeds. Peace will be upon you; we seek not the ignorant.\"",
      "hausa": "Kuma idan sun ji yãsassar magana sukan kau da kai daga barinta, kuma sukan ce, \"Ayyukanmu sunã a gare mu, kuma ayyukanku sunã a gare ku, aminci ya tabbata a kanmu bã mu nẽman jãhilai (da husũma).\""
    },
    {
      "ayah": 56,
      "arabic": "إِنَّكَ لَا تَهْدِى مَنْ أَحْبَبْتَ وَلَـٰكِنَّ ٱللَّهَ يَهْدِى مَن يَشَآءُ ۚ وَهُوَ أَعْلَمُ بِٱلْمُهْتَدِينَ",
      "english": "Indeed, [O Muhammad], you do not guide whom you like, but Allah guides whom He wills. And He is most knowing of the [rightly] guided.",
      "hausa": "Lalle ne kai bã ka shiryar da wanda ka so, amma kuma Allah Yanã shiryar da wanda Yake so, kuma Shi ne Mafi sani daga mãsu shiryuwa."
    },
    {
      "ayah": 57,
      "arabic": "وَقَالُوٓا۟ إِن نَّتَّبِعِ ٱلْهُدَىٰ مَعَكَ نُتَخَطَّفْ مِنْ أَرْضِنَآ ۚ أَوَلَمْ نُمَكِّن لَّهُمْ حَرَمًا ءَامِنًا يُجْبَىٰٓ إِلَيْهِ ثَمَرَٰتُ كُلِّ شَىْءٍ رِّزْقًا مِّن لَّدُنَّا وَلَـٰكِنَّ أَكْثَرَهُمْ لَا يَعْلَمُونَ",
      "english": "And they say, \"If we were to follow the guidance with you, we would be swept from our land.\" Have we not established for them a safe sanctuary to which are brought the fruits of all things as provision from Us? But most of them do not know.",
      "hausa": "Kuma suka ce: \"Idan mun bi shiriya tãre da kai anã fizge mu daga ƙasamiu.\" Shin, ba Mu tabbatar musu da mallakar Hurumi ba, ya zama amintacce, anã jãwõwa zuwa gare shi, 'ya'yan itãcen kõwane iri, bisa ga azurtãwa daga gare Mu? Amma kuma mafi yawansu ba su sani ba."
    },
    {
      "ayah": 58,
      "arabic": "وَكَمْ أَهْلَكْنَا مِن قَرْيَةٍۭ بَطِرَتْ مَعِيشَتَهَا ۖ فَتِلْكَ مَسَـٰكِنُهُمْ لَمْ تُسْكَن مِّنۢ بَعْدِهِمْ إِلَّا قَلِيلًا ۖ وَكُنَّا نَحْنُ ٱلْوَٰرِثِينَ",
      "english": "And how many a city have We destroyed that was insolent in its [way of] living, and those are their dwellings which have not been inhabited after them except briefly. And it is We who were the inheritors.",
      "hausa": "Kuma da yawa Muka halakar da wata alƙarya wadda ta yi butulci ga rãyuwarta. To, waɗancan gidãjensu ne, ba a zaune su ba, a bãyansu, fãce kaɗan. Kuma mun kasance Mũ ne Magãda."
    },
    {
      "ayah": 59,
      "arabic": "وَمَا كَانَ رَبُّكَ مُهْلِكَ ٱلْقُرَىٰ حَتَّىٰ يَبْعَثَ فِىٓ أُمِّهَا رَسُولًا يَتْلُوا۟ عَلَيْهِمْ ءَايَـٰتِنَا ۚ وَمَا كُنَّا مُهْلِكِى ٱلْقُرَىٰٓ إِلَّا وَأَهْلُهَا ظَـٰلِمُونَ",
      "english": "And never would your Lord have destroyed the cities until He had sent to their mother a messenger reciting to them Our verses. And We would not destroy the cities except while their people were wrongdoers.",
      "hausa": "Kuma Ubangijinka bai kasance Mai halaka alƙaryu ba, sai Ya aika a cikin hedkwatarsu da wani Manzo yanã karanta ãyõyinMu a kansu. Kuma ba Mu kasance Mãsu halaka alƙaryu ba, fãce mutanensu sun kasance mãsu zãlunci."
    },
    {
      "ayah": 60,
      "arabic": "وَمَآ أُوتِيتُم مِّن شَىْءٍ فَمَتَـٰعُ ٱلْحَيَوٰةِ ٱلدُّنْيَا وَزِينَتُهَا ۚ وَمَا عِندَ ٱللَّهِ خَيْرٌ وَأَبْقَىٰٓ ۚ أَفَلَا تَعْقِلُونَ",
      "english": "And whatever thing you [people] have been given - it is [only for] the enjoyment of worldly life and its adornment. And what is with Allah is better and more lasting; so will you not use reason?",
      "hausa": "Kuma abin da aka bã su daga kõme, to, jin dãɗin rayuwar dũniya ne da ƙawarta. Kuma abin da ke wurin Allah, shĩ ne mafi alhẽri, knma mafi wanzuwa. Shin bã ku hankalta?"
    },
    {
      "ayah": 61,
      "arabic": "أَفَمَن وَعَدْنَـٰهُ وَعْدًا حَسَنًا فَهُوَ لَـٰقِيهِ كَمَن مَّتَّعْنَـٰهُ مَتَـٰعَ ٱلْحَيَوٰةِ ٱلدُّنْيَا ثُمَّ هُوَ يَوْمَ ٱلْقِيَـٰمَةِ مِنَ ٱلْمُحْضَرِينَ",
      "english": "Then is he whom We have promised a good promise which he will obtain like he for whom We provided enjoyment of worldly life [but] then he is, on the Day of Resurrection, among those presented [for punishment in Hell]?",
      "hausa": "Shin fa, wanda Muka yi wa wa'adi, wa'adi mai kyau, sa'an nan shĩ mai haɗuwa da shi ne, yanã zama kamar wanda Muka jiyar da shi ɗan dãɗi, dãɗin rãyuwar dũniya, sa'an nan shi a Rãnar ¡iyãma yanã daga mãsu shiga wuta?"
    },
    {
      "ayah": 62,
      "arabic": "وَيَوْمَ يُنَادِيهِمْ فَيَقُولُ أَيْنَ شُرَكَآءِىَ ٱلَّذِينَ كُنتُمْ تَزْعُمُونَ",
      "english": "And [warn of] the Day He will call them and say, \"Where are My 'partners' which you used to claim?\"",
      "hausa": "Kuma rãnar da (Allah) Yake kiran su sa'an nan Ya ce: \"Inã abõkan tãrayyaTa, waɗanda kuka kasance kunã riyãwa?\""
    },
    {
      "ayah": 63,
      "arabic": "قَالَ ٱلَّذِينَ حَقَّ عَلَيْهِمُ ٱلْقَوْلُ رَبَّنَا هَـٰٓؤُلَآءِ ٱلَّذِينَ أَغْوَيْنَآ أَغْوَيْنَـٰهُمْ كَمَا غَوَيْنَا ۖ تَبَرَّأْنَآ إِلَيْكَ ۖ مَا كَانُوٓا۟ إِيَّانَا يَعْبُدُونَ",
      "english": "Those upon whom the word will have come into effect will say, \"Our Lord, these are the ones we led to error. We led them to error just as we were in error. We declare our disassociation [from them] to You. They did not used to worship us.\"",
      "hausa": "Waɗanda magana ta wajaba a kansu, su ce: \"Yã Ubangijinmu! Waɗannan sũ ne waɗanda muka halakar mun halakar da su kamar yadda muka halaka. Mun barranta zuwa gare Ka, ba su kasance mũ suke bautã wa ba.\""
    },
    {
      "ayah": 64,
      "arabic": "وَقِيلَ ٱدْعُوا۟ شُرَكَآءَكُمْ فَدَعَوْهُمْ فَلَمْ يَسْتَجِيبُوا۟ لَهُمْ وَرَأَوُا۟ ٱلْعَذَابَ ۚ لَوْ أَنَّهُمْ كَانُوا۟ يَهْتَدُونَ",
      "english": "And it will be said, \"Invoke your 'partners' \" and they will invoke them; but they will not respond to them, and they will see the punishment. If only they had followed guidance!",
      "hausa": "Kuma a ce ku kirãwo abõkan tãrayyar ɗinku, sai su kira su, sai ba su amsa ba, kuma su ga azãbar. Dã dai lalle su sun kasance snnã shiryuwa!"
    },
    {
      "ayah": 65,
      "arabic": "وَيَوْمَ يُنَادِيهِمْ فَيَقُولُ مَاذَآ أَجَبْتُمُ ٱلْمُرْسَلِينَ",
      "english": "And [mention] the Day He will call them and say, \"What did you answer the messengers?\"",
      "hausa": "Kuma rãnar da Yake kiran su, sa'an nan Ya ce: \"Mẽne nekuka karɓa wa Mananni?\""
    },
    {
      "ayah": 66,
      "arabic": "فَعَمِيَتْ عَلَيْهِمُ ٱلْأَنۢبَآءُ يَوْمَئِذٍ فَهُمْ لَا يَتَسَآءَلُونَ",
      "english": "But the information will be unapparent to them that Day, so they will not [be able to] ask one another.",
      "hausa": "Sai lãbãru su ɓace musu a rãnar nan sa'an nan bã zã su tambayi jũnaosu ba."
    },
    {
      "ayah": 67,
      "arabic": "فَأَمَّا مَن تَابَ وَءَامَنَ وَعَمِلَ صَـٰلِحًا فَعَسَىٰٓ أَن يَكُونَ مِنَ ٱلْمُفْلِحِينَ",
      "english": "But as for one who had repented, believed, and done righteousness, it is promised by Allah that he will be among the successful.",
      "hausa": "To, amma wanda ya tũba, kuma ya yi ĩmãni' ya aikata aiki na ƙwarai, to, akwai fãtan su kasance daga mãsu cin nasara."
    },
    {
      "ayah": 68,
      "arabic": "وَرَبُّكَ يَخْلُقُ مَا يَشَآءُ وَيَخْتَارُ ۗ مَا كَانَ لَهُمُ ٱلْخِيَرَةُ ۚ سُبْحَـٰنَ ٱللَّهِ وَتَعَـٰلَىٰ عَمَّا يُشْرِكُونَ",
      "english": "And your Lord creates what He wills and chooses; not for them was the choice. Exalted is Allah and high above what they associate with Him.",
      "hausa": "Kuma Ubangijinka Yanã halitta abin da Yake so kuma Yake zãɓi. Zãɓi bai kasance a gare su ba. Tsarki ya tabbata ga Allah, kuma (Allah) Ya ɗaukaka daga barin abin da suke yi na shirka."
    },
    {
      "ayah": 69,
      "arabic": "وَرَبُّكَ يَعْلَمُ مَا تُكِنُّ صُدُورُهُمْ وَمَا يُعْلِنُونَ",
      "english": "And your Lord knows what their breasts conceal and what they declare.",
      "hausa": "Kuma Ubangijinka Yanã sanin abin da zukãtansu ke ɓõyẽwa, da abin da suke bayyanãwa."
    },
    {
      "ayah": 70,
      "arabic": "وَهُوَ ٱللَّهُ لَآ إِلَـٰهَ إِلَّا هُوَ ۖ لَهُ ٱلْحَمْدُ فِى ٱلْأُولَىٰ وَٱلْـَٔاخِرَةِ ۖ وَلَهُ ٱلْحُكْمُ وَإِلَيْهِ تُرْجَعُونَ",
      "english": "And He is Allah; there is no deity except Him. To Him is [due all] praise in the first [life] and the Hereafter. And His is the [final] decision, and to Him you will be returned.",
      "hausa": "Kuma Shĩ ne Allah, bãbu abin bautãwa fãce Shi. Kuma Shi ne abin gõdiya a cikin ta farko (dũniya), da ta ƙarshe (Lãhira). Kuma Shi ne da hukunci, kuma zuwa gare Shi ake mayar da ku."
    },
    {
      "ayah": 71,
      "arabic": "قُلْ أَرَءَيْتُمْ إِن جَعَلَ ٱللَّهُ عَلَيْكُمُ ٱلَّيْلَ سَرْمَدًا إِلَىٰ يَوْمِ ٱلْقِيَـٰمَةِ مَنْ إِلَـٰهٌ غَيْرُ ٱللَّهِ يَأْتِيكُم بِضِيَآءٍ ۖ أَفَلَا تَسْمَعُونَ",
      "english": "Say, \"Have you considered: if Allah should make for you the night continuous until the Day of Resurrection, what deity other than Allah could bring you light? Then will you not hear?\"",
      "hausa": "Ka ce: \"Shin, kun gani, idan Allah Ya sanya dare tutur a kanku har zuwa Rãnar ¡iyãma, wane abin bautãwa wanin Allah zai zo muku da haske? Shin, bã ku ji?\""
    },
    {
      "ayah": 72,
      "arabic": "قُلْ أَرَءَيْتُمْ إِن جَعَلَ ٱللَّهُ عَلَيْكُمُ ٱلنَّهَارَ سَرْمَدًا إِلَىٰ يَوْمِ ٱلْقِيَـٰمَةِ مَنْ إِلَـٰهٌ غَيْرُ ٱللَّهِ يَأْتِيكُم بِلَيْلٍ تَسْكُنُونَ فِيهِ ۖ أَفَلَا تُبْصِرُونَ",
      "english": "Say, \"Have you considered: if Allah should make for you the day continuous until the Day of Resurrection, what deity other than Allah could bring you a night in which you may rest? Then will you not see?\"",
      "hausa": "Ka ce: \"Shin, kun gani, idan Allah Ya sanya yini a kanku tutur zuwa Rãnar ¡iyãma, wane abin bautãwa, wanin Allah, zai zo muku da dare wanda kunã natsuwa a cikinsa? Shin fa, bã ku gani?\""
    },
    {
      "ayah": 73,
      "arabic": "وَمِن رَّحْمَتِهِۦ جَعَلَ لَكُمُ ٱلَّيْلَ وَٱلنَّهَارَ لِتَسْكُنُوا۟ فِيهِ وَلِتَبْتَغُوا۟ مِن فَضْلِهِۦ وَلَعَلَّكُمْ تَشْكُرُونَ",
      "english": "And out of His mercy He made for you the night and the day that you may rest therein and [by day] seek from His bounty and [that] perhaps you will be grateful.",
      "hausa": "\"Kuma daga rahamarSa Ya sanya muku dare da yini dõmin ku natsu a cikinsa, kuma dõmin ku nẽma daga falalarSa, kuma tsammãninku zã ku gõde.\""
    },
    {
      "ayah": 74,
      "arabic": "وَيَوْمَ يُنَادِيهِمْ فَيَقُولُ أَيْنَ شُرَكَآءِىَ ٱلَّذِينَ كُنتُمْ تَزْعُمُونَ",
      "english": "And [warn of] the Day He will call them and say, \"Where are my 'partners' which you used to claim?\"",
      "hausa": "Kuma a rãnar da Yake kiran su ya ce: \"Inã abõkan tarayya Ta, waɗanda kuka kasance kunã riyãwa\""
    },
    {
      "ayah": 75,
      "arabic": "وَنَزَعْنَا مِن كُلِّ أُمَّةٍ شَهِيدًا فَقُلْنَا هَاتُوا۟ بُرْهَـٰنَكُمْ فَعَلِمُوٓا۟ أَنَّ ٱلْحَقَّ لِلَّهِ وَضَلَّ عَنْهُم مَّا كَانُوا۟ يَفْتَرُونَ",
      "english": "And We will extract from every nation a witness and say, \"Produce your proof,\" and they will know that the truth belongs to Allah, and lost from them is that which they used to invent.",
      "hausa": "Kuma Muka zãre mai shaida daga kõwace al'umma, sa'an nan Muka ce: \"Ku kãwo dalilinku.\" Sai suka san cẽwa lalle gaskiya ga Allah take. Kuma abin da suka kasance sunã ƙirƙirãwa na ƙarya ya ɓace daga barinsu."
    },
    {
      "ayah": 76,
      "arabic": "إِنَّ قَـٰرُونَ كَانَ مِن قَوْمِ مُوسَىٰ فَبَغَىٰ عَلَيْهِمْ ۖ وَءَاتَيْنَـٰهُ مِنَ ٱلْكُنُوزِ مَآ إِنَّ مَفَاتِحَهُۥ لَتَنُوٓأُ بِٱلْعُصْبَةِ أُو۟لِى ٱلْقُوَّةِ إِذْ قَالَ لَهُۥ قَوْمُهُۥ لَا تَفْرَحْ ۖ إِنَّ ٱللَّهَ لَا يُحِبُّ ٱلْفَرِحِينَ",
      "english": "Indeed, Qarun was from the people of Moses, but he tyrannized them. And We gave him of treasures whose keys would burden a band of strong men; thereupon his people said to him, \"Do not exult. Indeed, Allah does not like the exultant.",
      "hausa": "Lalle ne ¡ãrũna ya kasance daga mutãnen Mũsã, sai ya fita daga tsãrinsu alhãli Mun bã shi taskõkin abin da yake mabũɗansa sunã nauyi ga jama'a ma'abũta ƙarfi a lõkacin da mutãnensa suka ce masa, \"Kada ka yi annashuwa, lalle ne Allah bã Ya son mãsu annashuwa.\""
    },
    {
      "ayah": 77,
      "arabic": "وَٱبْتَغِ فِيمَآ ءَاتَىٰكَ ٱللَّهُ ٱلدَّارَ ٱلْـَٔاخِرَةَ ۖ وَلَا تَنسَ نَصِيبَكَ مِنَ ٱلدُّنْيَا ۖ وَأَحْسِن كَمَآ أَحْسَنَ ٱللَّهُ إِلَيْكَ ۖ وَلَا تَبْغِ ٱلْفَسَادَ فِى ٱلْأَرْضِ ۖ إِنَّ ٱللَّهَ لَا يُحِبُّ ٱلْمُفْسِدِينَ",
      "english": "But seek, through that which Allah has given you, the home of the Hereafter; and [yet], do not forget your share of the world. And do good as Allah has done good to you. And desire not corruption in the land. Indeed, Allah does not like corrupters.\"",
      "hausa": "\"Kuma ka biɗã a cikin abin da Allah Ya bã ka, gidan Lãhira, kuma kada ka manta da rabonka daga dũniya. Kuma ka kyautata, kamar yadda Allah Ya kyautata zuwa gare ka, kuma kada ka nẽmi ɓarna a cikin ƙasa, lalle ne Allah bã Ya son mãsu barna.\""
    },
    {
      "ayah": 78,
      "arabic": "قَالَ إِنَّمَآ أُوتِيتُهُۥ عَلَىٰ عِلْمٍ عِندِىٓ ۚ أَوَلَمْ يَعْلَمْ أَنَّ ٱللَّهَ قَدْ أَهْلَكَ مِن قَبْلِهِۦ مِنَ ٱلْقُرُونِ مَنْ هُوَ أَشَدُّ مِنْهُ قُوَّةً وَأَكْثَرُ جَمْعًا ۚ وَلَا يُسْـَٔلُ عَن ذُنُوبِهِمُ ٱلْمُجْرِمُونَ",
      "english": "He said, \"I was only given it because of knowledge I have.\" Did he not know that Allah had destroyed before him of generations those who were greater than him in power and greater in accumulation [of wealth]? But the criminals, about their sins, will not be asked.",
      "hausa": "Ya ce: \"An bã ni shi a kan wani ilmi wanda yake gare ni ne kawai.\" Shin, kuma bai sani ba cẽwa lalle Allah haƙiƙa Ya halakar a gabaninsa, daga ƙarnõni, wanda yake Shi ne mafi tsananin ƙarfi daga gare shi, kuma mafi yawan tãrawar dũkiya, kuma bã zã a tambayi mãsu laifi daga zunubansu ba?"
    },
    {
      "ayah": 79,
      "arabic": "فَخَرَجَ عَلَىٰ قَوْمِهِۦ فِى زِينَتِهِۦ ۖ قَالَ ٱلَّذِينَ يُرِيدُونَ ٱلْحَيَوٰةَ ٱلدُّنْيَا يَـٰلَيْتَ لَنَا مِثْلَ مَآ أُوتِىَ قَـٰرُونُ إِنَّهُۥ لَذُو حَظٍّ عَظِيمٍ",
      "english": "So he came out before his people in his adornment. Those who desired the worldly life said, \"Oh, would that we had like what was given to Qarun. Indeed, he is one of great fortune.\"",
      "hausa": "Sai (¡ãrũna) ya fita a kan mutãnensa a cikin adonsa. Waɗanda suke nufin rãyuwar dũniya suka ce: \"Inã dai munã da kwatancin abin da aka bai wa ¡ãrũna! Lalle shĩ haƙĩƙa ma'abũcin rabo babba ne.\""
    },
    {
      "ayah": 80,
      "arabic": "وَقَالَ ٱلَّذِينَ أُوتُوا۟ ٱلْعِلْمَ وَيْلَكُمْ ثَوَابُ ٱللَّهِ خَيْرٌ لِّمَنْ ءَامَنَ وَعَمِلَ صَـٰلِحًا وَلَا يُلَقَّىٰهَآ إِلَّا ٱلصَّـٰبِرُونَ",
      "english": "But those who had been given knowledge said, \"Woe to you! The reward of Allah is better for he who believes and does righteousness. And none are granted it except the patient.\"",
      "hausa": "Kuma waɗanda aka bai wa ilmi suka ce: \"Kaitonku! sakamakon Allah ne mafi alhẽri a wanda ya yi tunãni, kuma ya aikata aikin ƙwarai, kuma bãbu wanda ake haɗãwa da ita fãce mai ha ƙuri.\""
    },
    {
      "ayah": 81,
      "arabic": "فَخَسَفْنَا بِهِۦ وَبِدَارِهِ ٱلْأَرْضَ فَمَا كَانَ لَهُۥ مِن فِئَةٍ يَنصُرُونَهُۥ مِن دُونِ ٱللَّهِ وَمَا كَانَ مِنَ ٱلْمُنتَصِرِينَ",
      "english": "And We caused the earth to swallow him and his home. And there was for him no company to aid him other than Allah, nor was he of those who [could] defend themselves.",
      "hausa": "Sai Muka shãfe ƙasa da shi da kuma gidansa. To, waɗansu jama'a ba su kasance gare shi ba, waɗanda suke taimakon sa, baicin Allah, kuma shi bai kasance daga mãsu taimakon kansu ba."
    },
    {
      "ayah": 82,
      "arabic": "وَأَصْبَحَ ٱلَّذِينَ تَمَنَّوْا۟ مَكَانَهُۥ بِٱلْأَمْسِ يَقُولُونَ وَيْكَأَنَّ ٱللَّهَ يَبْسُطُ ٱلرِّزْقَ لِمَن يَشَآءُ مِنْ عِبَادِهِۦ وَيَقْدِرُ ۖ لَوْلَآ أَن مَّنَّ ٱللَّهُ عَلَيْنَا لَخَسَفَ بِنَا ۖ وَيْكَأَنَّهُۥ لَا يُفْلِحُ ٱلْكَـٰفِرُونَ",
      "english": "And those who had wished for his position the previous day began to say, \"Oh, how Allah extends provision to whom He wills of His servants and restricts it! If not that Allah had conferred favor on us, He would have caused it to swallow us. Oh, how the disbelievers do not succeed!\"",
      "hausa": "Kuma waɗanda suka yi bũrin matsayinsa a jiya suka wãyi gari sunã cẽwa, \"Wai! Allah Yanã shimfiɗa arziki, ga wanda Yake so daga bãyinsa, kuma Yanã ƙuntatãwa. Bã dõmin Allah Ya yi mana falala ba dã Yã shãfe ƙasa da mu. Wai! lalle ne shi, kãfirai bã su cin nasara.\""
    },
    {
      "ayah": 83,
      "arabic": "تِلْكَ ٱلدَّارُ ٱلْـَٔاخِرَةُ نَجْعَلُهَا لِلَّذِينَ لَا يُرِيدُونَ عُلُوًّا فِى ٱلْأَرْضِ وَلَا فَسَادًا ۚ وَٱلْعَـٰقِبَةُ لِلْمُتَّقِينَ",
      "english": "That home of the Hereafter We assign to those who do not desire exaltedness upon the earth or corruption. And the [best] outcome is for the righteous.",
      "hausa": "Wancan gidan Lãhira Munã sanya shi ga waɗanda suke bã su nufin ɗaukaka a cikin rãyuwar dũniya kuma bã su son ɓarna. Kuma ãkiba ga mãsu taƙawa take."
    },
    {
      "ayah": 84,
      "arabic": "مَن جَآءَ بِٱلْحَسَنَةِ فَلَهُۥ خَيْرٌ مِّنْهَا ۖ وَمَن جَآءَ بِٱلسَّيِّئَةِ فَلَا يُجْزَى ٱلَّذِينَ عَمِلُوا۟ ٱلسَّيِّـَٔاتِ إِلَّا مَا كَانُوا۟ يَعْمَلُونَ",
      "english": "Whoever comes [on the Day of Judgement] with a good deed will have better than it; and whoever comes with an evil deed - then those who did evil deeds will not be recompensed except [as much as] what they used to do.",
      "hausa": "Wanda ya zo da abu mai kyau, to, yana da mafi alhẽri daga gare shi, kuma wanda ya zo da mũgun abu, to, bã zã a sãkawa waɗanda suka aikata miyãgun ayyuka ba, fãce da abin da suka kasance sunã aikatãwa."
    },
    {
      "ayah": 85,
      "arabic": "إِنَّ ٱلَّذِى فَرَضَ عَلَيْكَ ٱلْقُرْءَانَ لَرَآدُّكَ إِلَىٰ مَعَادٍ ۚ قُل رَّبِّىٓ أَعْلَمُ مَن جَآءَ بِٱلْهُدَىٰ وَمَنْ هُوَ فِى ضَلَـٰلٍ مُّبِينٍ",
      "english": "Indeed, [O Muhammad], He who imposed upon you the Qur'an will take you back to a place of return. Say, \"My Lord is most knowing of who brings guidance and who is in clear error.\"",
      "hausa": "Lalle ne wanda Ya faralta Alƙur'ãni a kanka, haƙĩƙa, Mai Mayar da kai ne zuwa ga makõma. ka ce: \"Ubangijĩna ne Mafi sani ga wanda ya zo da shiriya, da kuma wanda yake a cikin ɓata bayyananna.\""
    },
    {
      "ayah": 86,
      "arabic": "وَمَا كُنتَ تَرْجُوٓا۟ أَن يُلْقَىٰٓ إِلَيْكَ ٱلْكِتَـٰبُ إِلَّا رَحْمَةً مِّن رَّبِّكَ ۖ فَلَا تَكُونَنَّ ظَهِيرًا لِّلْكَـٰفِرِينَ",
      "english": "And you were not expecting that the Book would be conveyed to you, but [it is] a mercy from your Lord. So do not be an assistant to the disbelievers.",
      "hausa": "Kuma ba ka kasance kanã fãtan a jẽfa Littafin nan zuwa gare ka ba, fãce dai dõmin rahama daga Ubangijinka. Sabõda haka kada ka zama mai taimako ga kãfirai."
    },
    {
      "ayah": 87,
      "arabic": "وَلَا يَصُدُّنَّكَ عَنْ ءَايَـٰتِ ٱللَّهِ بَعْدَ إِذْ أُنزِلَتْ إِلَيْكَ ۖ وَٱدْعُ إِلَىٰ رَبِّكَ ۖ وَلَا تَكُونَنَّ مِنَ ٱلْمُشْرِكِينَ",
      "english": "And never let them avert you from the verses of Allah after they have been revealed to you. And invite [people] to your Lord. And never be of those who associate others with Allah.",
      "hausa": "Kuma kada lalle su karkatar da kai daga barin ãyõyin Allah, a bãyãn har an saukar da su uwa gare ka. Ka yi kira zuwa ga Ubangijinka, kuma kada lalle ka kasance daga mãsu shirka."
    },
    {
      "ayah": 88,
      "arabic": "وَلَا تَدْعُ مَعَ ٱللَّهِ إِلَـٰهًا ءَاخَرَ ۘ لَآ إِلَـٰهَ إِلَّا هُوَ ۚ كُلُّ شَىْءٍ هَالِكٌ إِلَّا وَجْهَهُۥ ۚ لَهُ ٱلْحُكْمُ وَإِلَيْهِ تُرْجَعُونَ",
      "english": "And do not invoke with Allah another deity. There is no deity except Him. Everything will be destroyed except His Face. His is the judgement, and to Him you will be returned.",
      "hausa": "Kada ka kira wani abin bautãwa na dabam tãre da Allah. Bãbu abin bautãwa fãce Shi. Kõwane abu mai halaka ne fãce fuskarSa. Shi ne da hukunci kuma zuwa gare Shi ake mayar da ku."
    }
  ]
}