{
  "surah": 95,
  "hasBasmallah": false,
  "basmallah": "",
  "verses": [
    {
      "ayah": 1,
      "arabic": "بِّسْمِ ٱللَّهِ ٱلرَّحْمَـٰنِ ٱلرَّحِيمِ وَٱلتِّينِ وَٱلزَّيْتُونِ",
      "english": "By the fig and the olive",
      "hausa": "Inã rantsuwa da Attinu da Azzaitũn."
    },
    {
      "ayah": 2,
      "arabic": "وَطُورِ سِينِينَ",
      "english": "And [by] Mount Sinai",
      "hausa": "Da Dũr Sĩnĩna."
    },
    {
      "ayah": 3,
      "arabic": "وَهَـٰذَا ٱلْبَلَدِ ٱلْأَمِينِ",
      "english": "And [by] this secure city [Makkah],",
      "hausa": "Da wannan gari amintacce."
    },
    {
      "ayah": 4,
      "arabic": "لَقَدْ خَلَقْنَا ٱلْإِنسَـٰنَ فِىٓ أَحْسَنِ تَقْوِيمٍ",
      "english": "We have certainly created man in the best of stature;",
      "hausa": "Lalle ne, Mun halitta mutum a cikin mafi kyawon tsayuwa."
    },
    {
      "ayah": 5,
      "arabic": "ثُمَّ رَدَدْنَـٰهُ أَسْفَلَ سَـٰفِلِينَ",
      "english": "Then We return him to the lowest of the low,",
      "hausa": "Sa'an nan, Muka mayar da shi mafi ƙasƙantar masu rauni"
    },
    {
      "ayah": 6,
      "arabic": "إِلَّا ٱلَّذِينَ ءَامَنُوا۟ وَعَمِلُوا۟ ٱلصَّـٰلِحَـٰتِ فَلَهُمْ أَجْرٌ غَيْرُ مَمْنُونٍ",
      "english": "Except for those who believe and do righteous deeds, for they will have a reward uninterrupted.",
      "hausa": "Face waɗanda suka yi imani, kuma suka aikata ayyukan ƙwarai, saboda haka suna da sakamako wanda bã ya yankewa."
    },
    {
      "ayah": 7,
      "arabic": "فَمَا يُكَذِّبُكَ بَعْدُ بِٱلدِّينِ",
      "english": "So what yet causes you to deny the Recompense?",
      "hausa": "To, bãyan haka mẽ ya sanya ka ka ƙaryata sakamako (wanda za a yi a bãyan Tãshin ¡iyãma)?"
    },
    {
      "ayah": 8,
      "arabic": "أَلَيْسَ ٱللَّهُ بِأَحْكَمِ ٱلْحَـٰكِمِينَ",
      "english": "Is not Allah the most just of judges?",
      "hausa": "Ashe Allah bã Shi ne Mafi mãsu hukunci kyãwon hukunci ba?"
    }
  ]
}