{
  "surah": 107,
  "hasBasmallah": false,
  "basmallah": "",
  "verses": [
    {
      "ayah": 1,
      "arabic": "أَرَءَيْتَ ٱلَّذِى يُكَذِّبُ بِٱلدِّينِ",
      "english": "Have you seen the one who denies the Recompense?",
      "hausa": "Shin, ka ga wanda ke ƙaryatãwa game da sakamako?"
    },
    {
      "ayah": 2,
      "arabic": "فَذَٰلِكَ ٱلَّذِى يَدُعُّ ٱلْيَتِيمَ",
      "english": "For that is the one who drives away the orphan",
      "hausa": "To, wannan shi ne ke tunkue marãya (daga haƙƙinsa)."
    },
    {
      "ayah": 3,
      "arabic": "وَلَا يَحُضُّ عَلَىٰ طَعَامِ ٱلْمِسْكِينِ",
      "english": "And does not encourage the feeding of the poor.",
      "hausa": "Kuma bã ya kwaaitarwa bisa bãyar da abinci ga matalauci."
    },
    {
      "ayah": 4,
      "arabic": "فَوَيْلٌ لِّلْمُصَلِّينَ",
      "english": "So woe to those who pray",
      "hausa": "To, bone yã tabbata ga masallata."
    },
    {
      "ayah": 5,
      "arabic": "ٱلَّذِينَ هُمْ عَن صَلَاتِهِمْ سَاهُونَ",
      "english": "[But] who are heedless of their prayer -",
      "hausa": "Waɗanda suke masu shagala daga sallarsu."
    },
    {
      "ayah": 6,
      "arabic": "ٱلَّذِينَ هُمْ يُرَآءُونَ",
      "english": "Those who make show [of their deeds]",
      "hausa": "Waɗanda suke yin riya (ga ayyukansu)"
    },
    {
      "ayah": 7,
      "arabic": "وَيَمْنَعُونَ ٱلْمَاعُونَ",
      "english": "And withhold [simple] assistance.",
      "hausa": "Kuma suna hana taimako."
    }
  ]
}