{
  "surah": 75,
  "hasBasmallah": false,
  "basmallah": "",
  "verses": [
    {
      "ayah": 1,
      "arabic": "لَآ أُقْسِمُ بِيَوْمِ ٱلْقِيَـٰمَةِ",
      "english": "I swear by the Day of Resurrection",
      "hausa": "Bã sai Nã yi rantsuwa da Rãnar ¡iyãma ba."
    },
    {
      "ayah": 2,
      "arabic": "وَلَآ أُقْسِمُ بِٱلنَّفْسِ ٱللَّوَّامَةِ",
      "english": "And I swear by the reproaching soul [to the certainty of resurrection].",
      "hausa": "Bã sai Nã yi rantsuwa da rai mai yawan zargin kansa ba."
    },
    {
      "ayah": 3,
      "arabic": "أَيَحْسَبُ ٱلْإِنسَـٰنُ أَلَّن نَّجْمَعَ عِظَامَهُۥ",
      "english": "Does man think that We will not assemble his bones?",
      "hausa": "Sin, mutum yana zaton cẽwa bã zã Mu tãra ƙasusuwansa ba?"
    },
    {
      "ayah": 4,
      "arabic": "بَلَىٰ قَـٰدِرِينَ عَلَىٰٓ أَن نُّسَوِّىَ بَنَانَهُۥ",
      "english": "Yes. [We are] Able [even] to proportion his fingertips.",
      "hausa": "Na'am! Mãsu ĩkon yi Muke a kan Mu daidaita gaɓõɓin yãtsunsa."
    },
    {
      "ayah": 5,
      "arabic": "بَلْ يُرِيدُ ٱلْإِنسَـٰنُ لِيَفْجُرَ أَمَامَهُۥ",
      "english": "But man desires to continue in sin.",
      "hausa": "Ba haka ba! Mutum so yake, ya yi fãjirci, ya ƙaryata abin da yake a gabansa."
    },
    {
      "ayah": 6,
      "arabic": "يَسْـَٔلُ أَيَّانَ يَوْمُ ٱلْقِيَـٰمَةِ",
      "english": "He asks, \"When is the Day of Resurrection?\"",
      "hausa": "Yanã tambaya: \"Yaushe ne Rãnar ¡iyãma?\""
    },
    {
      "ayah": 7,
      "arabic": "فَإِذَا بَرِقَ ٱلْبَصَرُ",
      "english": "So when vision is dazzled",
      "hausa": "To, idan gani ya ɗimauta (ya yi ƙyalli)."
    },
    {
      "ayah": 8,
      "arabic": "وَخَسَفَ ٱلْقَمَرُ",
      "english": "And the moon darkens",
      "hausa": "Kuma, watã ya yi husũfi (haskensa ya dushe)."
    },
    {
      "ayah": 9,
      "arabic": "وَجُمِعَ ٱلشَّمْسُ وَٱلْقَمَرُ",
      "english": "And the sun and the moon are joined,",
      "hausa": "Aka tãra rãnã da watã"
    },
    {
      "ayah": 10,
      "arabic": "يَقُولُ ٱلْإِنسَـٰنُ يَوْمَئِذٍ أَيْنَ ٱلْمَفَرُّ",
      "english": "Man will say on that Day, \"Where is the [place of] escape?\"",
      "hausa": "Mutum zai ce a rãn nan \"Ina wurin gudu?\""
    },
    {
      "ayah": 11,
      "arabic": "كَلَّا لَا وَزَرَ",
      "english": "No! There is no refuge.",
      "hausa": "A'aha! bãbu mafaka."
    },
    {
      "ayah": 12,
      "arabic": "إِلَىٰ رَبِّكَ يَوْمَئِذٍ ٱلْمُسْتَقَرُّ",
      "english": "To your Lord, that Day, is the [place of] permanence.",
      "hausa": "zuwa ga Ubangijinka wurin tabbata, a rãnar nan, yake."
    },
    {
      "ayah": 13,
      "arabic": "يُنَبَّؤُا۟ ٱلْإِنسَـٰنُ يَوْمَئِذٍۭ بِمَا قَدَّمَ وَأَخَّرَ",
      "english": "Man will be informed that Day of what he sent ahead and kept back.",
      "hausa": "Ana gayã wa mutum, a rãnar nan, abin da ya gabatar da wanda ya jinkirtar."
    },
    {
      "ayah": 14,
      "arabic": "بَلِ ٱلْإِنسَـٰنُ عَلَىٰ نَفْسِهِۦ بَصِيرَةٌ",
      "english": "Rather, man, against himself, will be a witness,",
      "hausa": "Ba haka ba! Mutum, ga abin da ya shafi kansa, masani ne."
    },
    {
      "ayah": 15,
      "arabic": "وَلَوْ أَلْقَىٰ مَعَاذِيرَهُۥ",
      "english": "Even if he presents his excuses.",
      "hausa": "Kuma ko da yã jẽfa uzurorinsa (bã zã a saurãre shi ba)."
    },
    {
      "ayah": 16,
      "arabic": "لَا تُحَرِّكْ بِهِۦ لِسَانَكَ لِتَعْجَلَ بِهِۦٓ",
      "english": "Move not your tongue with it, [O Muhammad], to hasten with recitation of the Qur'an.",
      "hausa": "Kada ka mõtsar da harshenka game da shi dõmin ka yi gaugãwar riƙe shi (Alƙur'ãni)."
    },
    {
      "ayah": 17,
      "arabic": "إِنَّ عَلَيْنَا جَمْعَهُۥ وَقُرْءَانَهُۥ",
      "english": "Indeed, upon Us is its collection [in your heart] and [to make possible] its recitation.",
      "hausa": "Lalle ne, wãjibi ne a gare Mu, Mu tãra shi. Mu (tsare maka) karãtunsa."
    },
    {
      "ayah": 18,
      "arabic": "فَإِذَا قَرَأْنَـٰهُ فَٱتَّبِعْ قُرْءَانَهُۥ",
      "english": "So when We have recited it [through Gabriel], then follow its recitation.",
      "hausa": "To idan Muka karanta shi sai ka bi karatunsa."
    },
    {
      "ayah": 19,
      "arabic": "ثُمَّ إِنَّ عَلَيْنَا بَيَانَهُۥ",
      "english": "Then upon Us is its clarification [to you].",
      "hausa": "sa'an nan, lalle wãjibi ne a gare Mu, bayãninsa."
    },
    {
      "ayah": 20,
      "arabic": "كَلَّا بَلْ تُحِبُّونَ ٱلْعَاجِلَةَ",
      "english": "No! But you love the immediate",
      "hausa": "A'aha! Bã haka ba kunã son mai gaugawar nan (duniya) ne."
    },
    {
      "ayah": 21,
      "arabic": "وَتَذَرُونَ ٱلْـَٔاخِرَةَ",
      "english": "And leave the Hereafter.",
      "hausa": "Kunã barin ta ƙarshen (Lãhira)."
    },
    {
      "ayah": 22,
      "arabic": "وُجُوهٌ يَوْمَئِذٍ نَّاضِرَةٌ",
      "english": "[Some] faces, that Day, will be radiant,",
      "hausa": "Wasu huskõki, a rãnar nan, mãsu annuri ne."
    },
    {
      "ayah": 23,
      "arabic": "إِلَىٰ رَبِّهَا نَاظِرَةٌ",
      "english": "Looking at their Lord.",
      "hausa": "Zuwa ga Ubangijinsu mãsu kallo ne."
    },
    {
      "ayah": 24,
      "arabic": "وَوُجُوهٌ يَوْمَئِذٍۭ بَاسِرَةٌ",
      "english": "And [some] faces, that Day, will be contorted,",
      "hausa": "Wasu huskõki, a rãnar nan, mãsu gintsẽwa ne."
    },
    {
      "ayah": 25,
      "arabic": "تَظُنُّ أَن يُفْعَلَ بِهَا فَاقِرَةٌ",
      "english": "Expecting that there will be done to them [something] backbreaking.",
      "hausa": "Sunã zaton a sako musu masĩfa mai karya tsatso."
    },
    {
      "ayah": 26,
      "arabic": "كَلَّآ إِذَا بَلَغَتِ ٱلتَّرَاقِىَ",
      "english": "No! When the soul has reached the collar bones",
      "hausa": "A'aha! Iadan (rai) ya kai ga karankarmai."
    },
    {
      "ayah": 27,
      "arabic": "وَقِيلَ مَنْ ۜ رَاقٍ",
      "english": "And it is said, \"Who will cure [him]?\"",
      "hausa": "kuma aka ce: \"Wãne ne mai tawada?\""
    },
    {
      "ayah": 28,
      "arabic": "وَظَنَّ أَنَّهُ ٱلْفِرَاقُ",
      "english": "And the dying one is certain that it is the [time of] separation",
      "hausa": "Kuma ya tabbata cẽwa rabuwa dai ce."
    },
    {
      "ayah": 29,
      "arabic": "وَٱلْتَفَّتِ ٱلسَّاقُ بِٱلسَّاقِ",
      "english": "And the leg is wound about the leg,",
      "hausa": "Kuma ƙwabri ya lauye da wani ƙwabri."
    },
    {
      "ayah": 30,
      "arabic": "إِلَىٰ رَبِّكَ يَوْمَئِذٍ ٱلْمَسَاقُ",
      "english": "To your Lord, that Day, will be the procession.",
      "hausa": "Zuwa ga Ubangijinka, a rãnar nan, magargaɗa take."
    },
    {
      "ayah": 31,
      "arabic": "فَلَا صَدَّقَ وَلَا صَلَّىٰ",
      "english": "And the disbeliever had not believed, nor had he prayed.",
      "hausa": "To, bai gaskatã ba, kuma bai yi salla ba!"
    },
    {
      "ayah": 32,
      "arabic": "وَلَـٰكِن كَذَّبَ وَتَوَلَّىٰ",
      "english": "But [instead], he denied and turned away.",
      "hausa": "Amma dai ya ƙaryata, kuma ya jũya baya!"
    },
    {
      "ayah": 33,
      "arabic": "ثُمَّ ذَهَبَ إِلَىٰٓ أَهْلِهِۦ يَتَمَطَّىٰٓ",
      "english": "And then he went to his people, swaggering [in pride].",
      "hausa": "Sa'an nan, ya tafi zuwa ga mutãnensa, yana tãƙama."
    },
    {
      "ayah": 34,
      "arabic": "أَوْلَىٰ لَكَ فَأَوْلَىٰ",
      "english": "Woe to you, and woe!",
      "hausa": "Halaka tã tabbata a gare ka, sa'an nan ita ce mafi dãcewa."
    },
    {
      "ayah": 35,
      "arabic": "ثُمَّ أَوْلَىٰ لَكَ فَأَوْلَىٰٓ",
      "english": "Then woe to you, and woe!",
      "hausa": "Sa'an nan, wata halaka tã tabbata a gare ka dõmin tã fi dãce wa."
    },
    {
      "ayah": 36,
      "arabic": "أَيَحْسَبُ ٱلْإِنسَـٰنُ أَن يُتْرَكَ سُدًى",
      "english": "Does man think that he will be left neglected?",
      "hausa": "Shin, mutum nã zaton a bar shi sagaga (wãto bãbu nufin kõme game da shi)?"
    },
    {
      "ayah": 37,
      "arabic": "أَلَمْ يَكُ نُطْفَةً مِّن مَّنِىٍّ يُمْنَىٰ",
      "english": "Had he not been a sperm from semen emitted?",
      "hausa": "Bai kasance iɗgo na maniyyi ba, wanda ake jefarwa (a cikin mahaifa)"
    },
    {
      "ayah": 38,
      "arabic": "ثُمَّ كَانَ عَلَقَةً فَخَلَقَ فَسَوَّىٰ",
      "english": "Then he was a clinging clot, and [Allah] created [his form] and proportioned [him]",
      "hausa": "Sa'an nan, ya zama gudan jini, sa'an nan Allah Ya halitta shi, sa'an nan Ya daidaita gaɓõɓinsa;"
    },
    {
      "ayah": 39,
      "arabic": "فَجَعَلَ مِنْهُ ٱلزَّوْجَيْنِ ٱلذَّكَرَ وَٱلْأُنثَىٰٓ",
      "english": "And made of him two mates, the male and the female.",
      "hausa": "Sa'an nan, Ya sanya daga gare shi, nau'i biyu: namiji damace?"
    },
    {
      "ayah": 40,
      "arabic": "أَلَيْسَ ذَٰلِكَ بِقَـٰدِرٍ عَلَىٰٓ أَن يُحْـِۧىَ ٱلْمَوْتَىٰ",
      "english": "Is not that [Creator] Able to give life to the dead?",
      "hausa": "Ashẽ wannan bai zama Mai iko ba bisa ga rãyar da matattu?"
    }
  ]
}