{
  "surah": 42,
  "hasBasmallah": false,
  "basmallah": "",
  "verses": [
    {
      "ayah": 1,
      "arabic": "حمٓ",
      "english": "Ha, Meem.",
      "hausa": "Ḥ. M̃."
    },
    {
      "ayah": 2,
      "arabic": "عٓسٓقٓ",
      "english": "'Ayn, Seen, Qaf.",
      "hausa": "Ĩ. Ṣ̃."
    },
    {
      "ayah": 3,
      "arabic": "كَذَٰلِكَ يُوحِىٓ إِلَيْكَ وَإِلَى ٱلَّذِينَ مِن قَبْلِكَ ٱللَّهُ ٱلْعَزِيزُ ٱلْحَكِيمُ",
      "english": "Thus has He revealed to you, [O Muhammad], and to those before you - Allah, the Exalted in Might, the Wise.",
      "hausa": "Kamar wancãn (asĩrin) Allah, Mabuwayi, Mai hikima, ke yin wahayi zuwa gare ka da zuwa ga waɗanda ke gabãninka."
    },
    {
      "ayah": 4,
      "arabic": "لَهُۥ مَا فِى ٱلسَّمَـٰوَٰتِ وَمَا فِى ٱلْأَرْضِ ۖ وَهُوَ ٱلْعَلِىُّ ٱلْعَظِيمُ",
      "english": "To Him belongs whatever is in the heavens and whatever is in the earth, and He is the Most High, the Most Great.",
      "hausa": "(Allah) Shi ne da abin da ke cikin sammai da abin da ke cikin ƙasa, kuma Shi ne Maɗaukaki, Mai girma."
    },
    {
      "ayah": 5,
      "arabic": "تَكَادُ ٱلسَّمَـٰوَٰتُ يَتَفَطَّرْنَ مِن فَوْقِهِنَّ ۚ وَٱلْمَلَـٰٓئِكَةُ يُسَبِّحُونَ بِحَمْدِ رَبِّهِمْ وَيَسْتَغْفِرُونَ لِمَن فِى ٱلْأَرْضِ ۗ أَلَآ إِنَّ ٱللَّهَ هُوَ ٱلْغَفُورُ ٱلرَّحِيمُ",
      "english": "The heavens almost break from above them, and the angels exalt [Allah] with praise of their Lord and ask forgiveness for those on earth. Unquestionably, it is Allah who is the Forgiving, the Merciful.",
      "hausa": "Sammai nã kusan su tsãge daga bisansu, kuma malã'iku nã yin tasĩhi game da gõdẽ wa Ubangijinsu kuma sunã istigfãri dõmin wanda ke cikin ƙasa. To, lalle Allah Shĩ ne Mai gãfara, Mai jin ƙai."
    },
    {
      "ayah": 6,
      "arabic": "وَٱلَّذِينَ ٱتَّخَذُوا۟ مِن دُونِهِۦٓ أَوْلِيَآءَ ٱللَّهُ حَفِيظٌ عَلَيْهِمْ وَمَآ أَنتَ عَلَيْهِم بِوَكِيلٍ",
      "english": "And those who take as allies other than Him - Allah is [yet] Guardian over them; and you, [O Muhammad], are not over them a manager.",
      "hausa": "Kuma waɗanda suka riƙi waɗansu majiɓinta waɗanda bã Shĩ ba Allah ne Mai tsaro a kansu, kuma kai, bã wakili ne a kansu ba."
    },
    {
      "ayah": 7,
      "arabic": "وَكَذَٰلِكَ أَوْحَيْنَآ إِلَيْكَ قُرْءَانًا عَرَبِيًّا لِّتُنذِرَ أُمَّ ٱلْقُرَىٰ وَمَنْ حَوْلَهَا وَتُنذِرَ يَوْمَ ٱلْجَمْعِ لَا رَيْبَ فِيهِ ۚ فَرِيقٌ فِى ٱلْجَنَّةِ وَفَرِيقٌ فِى ٱلسَّعِيرِ",
      "english": "And thus We have revealed to you an Arabic Qur'an that you may warn the Mother of Cities [Makkah] and those around it and warn of the Day of Assembly, about which there is no doubt. A party will be in Paradise and a party in the Blaze.",
      "hausa": "Kuma kamar haka ne Muka yi wahayin abin karãntãwa (Alƙur'ãni) na Lãrabci zuwa gare ka, dõmin ka yi gargaɗi ga Uwar Alƙaryu (Makka) da wanda ke a kẽwayenta, kuma ka yi gargaɗi game da rãnar taruwa, bãbu shakka gare ta, wata ƙungiya tanã a cikin Aljanna kuma wata ƙungiya tãna a cikin sa'ĩr."
    },
    {
      "ayah": 8,
      "arabic": "وَلَوْ شَآءَ ٱللَّهُ لَجَعَلَهُمْ أُمَّةً وَٰحِدَةً وَلَـٰكِن يُدْخِلُ مَن يَشَآءُ فِى رَحْمَتِهِۦ ۚ وَٱلظَّـٰلِمُونَ مَا لَهُم مِّن وَلِىٍّ وَلَا نَصِيرٍ",
      "english": "And if Allah willed, He could have made them [of] one religion, but He admits whom He wills into His mercy. And the wrongdoers have not any protector or helper.",
      "hausa": "Kuma dã Allah Ya so, da Ya haɗã su al'umma guda, kuma Amma Yanã shigar da wanda Ya so a cikin rahamarSa alhãli kuwa azzãluMai bã su da, wani majiɓinci, kuma bã su da wani mataimaki."
    },
    {
      "ayah": 9,
      "arabic": "أَمِ ٱتَّخَذُوا۟ مِن دُونِهِۦٓ أَوْلِيَآءَ ۖ فَٱللَّهُ هُوَ ٱلْوَلِىُّ وَهُوَ يُحْىِ ٱلْمَوْتَىٰ وَهُوَ عَلَىٰ كُلِّ شَىْءٍ قَدِيرٌ",
      "english": "Or have they taken protectors [or allies] besides him? But Allah - He is the Protector, and He gives life to the dead, and He is over all things competent.",
      "hausa": "Kõ kuma sun riƙi waninSa majiɓinta? To Allah Shĩ ne Majiɓinci, kuma Shĩ ne ke rãyar da matattu alhãli kuwa Shĩ, Maiĩkon yi ne a kan dukan kõme."
    },
    {
      "ayah": 10,
      "arabic": "وَمَا ٱخْتَلَفْتُمْ فِيهِ مِن شَىْءٍ فَحُكْمُهُۥٓ إِلَى ٱللَّهِ ۚ ذَٰلِكُمُ ٱللَّهُ رَبِّى عَلَيْهِ تَوَكَّلْتُ وَإِلَيْهِ أُنِيبُ",
      "english": "And in anything over which you disagree - its ruling is [to be referred] to Allah. [Say], \"That is Allah, my Lord; upon Him I have relied, and to Him I turn back.\"",
      "hausa": "Kuma abin da kuka sãɓã wa jũna a cikinsa kõ mêne ne, to, hukuncinsa (a mayar da shi) zuwa ga Allah. Wancan Shĩ ne Allah Ubangijĩna, a gare Shi na dõgara, kuma zuwa gare Shi nake mayar da al'amarĩna."
    },
    {
      "ayah": 11,
      "arabic": "فَاطِرُ ٱلسَّمَـٰوَٰتِ وَٱلْأَرْضِ ۚ جَعَلَ لَكُم مِّنْ أَنفُسِكُمْ أَزْوَٰجًا وَمِنَ ٱلْأَنْعَـٰمِ أَزْوَٰجًا ۖ يَذْرَؤُكُمْ فِيهِ ۚ لَيْسَ كَمِثْلِهِۦ شَىْءٌ ۖ وَهُوَ ٱلسَّمِيعُ ٱلْبَصِيرُ",
      "english": "[He is] Creator of the heavens and the earth. He has made for you from yourselves, mates, and among the cattle, mates; He multiplies you thereby. There is nothing like unto Him, and He is the Hearing, the Seeing.",
      "hausa": "(Shĩ ne) Mai ƙãga halittar sammai da ƙasa, Ya sanya muku ma'aura daga jinsinku, kuma (Ya sanya) daga dabbõbi maza da mãtã, Yanã halitta ku a cikinsu, wani abu bai zama kamar tamkarSa ba, kuma Shĩ ne Mai ji, Mai gani."
    },
    {
      "ayah": 12,
      "arabic": "لَهُۥ مَقَالِيدُ ٱلسَّمَـٰوَٰتِ وَٱلْأَرْضِ ۖ يَبْسُطُ ٱلرِّزْقَ لِمَن يَشَآءُ وَيَقْدِرُ ۚ إِنَّهُۥ بِكُلِّ شَىْءٍ عَلِيمٌ",
      "english": "To Him belong the keys of the heavens and the earth. He extends provision for whom He wills and restricts [it]. Indeed He is, of all things, Knowing.",
      "hausa": "Shĩ ne da mabuɗan sammai da ƙasa Yanã shimfiɗa arziki ga wanda ya so kuma Yanã hukuntãwa. Lalle ne, Shĩ Masani ne ga dukan kõme."
    },
    {
      "ayah": 13,
      "arabic": "شَرَعَ لَكُم مِّنَ ٱلدِّينِ مَا وَصَّىٰ بِهِۦ نُوحًا وَٱلَّذِىٓ أَوْحَيْنَآ إِلَيْكَ وَمَا وَصَّيْنَا بِهِۦٓ إِبْرَٰهِيمَ وَمُوسَىٰ وَعِيسَىٰٓ ۖ أَنْ أَقِيمُوا۟ ٱلدِّينَ وَلَا تَتَفَرَّقُوا۟ فِيهِ ۚ كَبُرَ عَلَى ٱلْمُشْرِكِينَ مَا تَدْعُوهُمْ إِلَيْهِ ۚ ٱللَّهُ يَجْتَبِىٓ إِلَيْهِ مَن يَشَآءُ وَيَهْدِىٓ إِلَيْهِ مَن يُنِيبُ",
      "english": "He has ordained for you of religion what He enjoined upon Noah and that which We have revealed to you, [O Muhammad], and what We enjoined upon Abraham and Moses and Jesus - to establish the religion and not be divided therein. Difficult for those who associate others with Allah is that to which you invite them. Allah chooses for Himself whom He wills and guides to Himself whoever turns back [to Him].",
      "hausa": "Ya shar'anta muku, game da addini, abin da Ya yi wasiyya da shi ga Nũhu da abin da Muka yi wahayi da shi zuwa gare ka, da abin da Muka yi wasiyya da shi ga Ibrãhĩm da Mũsã da Ĩsã, cẽwa ku tsayar da addini sõsai kuma kada ku rarrabu a cikinsa. Abin da kuke kira zuwa gare shi, ya yi nauyi a kan mãsu shirki. Allah na zãɓen wanda Yake so zuwa gare Shi, kuma Yanã shiryar da wanda ke tawakkali gare Shi, ga hanyarSa."
    },
    {
      "ayah": 14,
      "arabic": "وَمَا تَفَرَّقُوٓا۟ إِلَّا مِنۢ بَعْدِ مَا جَآءَهُمُ ٱلْعِلْمُ بَغْيًۢا بَيْنَهُمْ ۚ وَلَوْلَا كَلِمَةٌ سَبَقَتْ مِن رَّبِّكَ إِلَىٰٓ أَجَلٍ مُّسَمًّى لَّقُضِىَ بَيْنَهُمْ ۚ وَإِنَّ ٱلَّذِينَ أُورِثُوا۟ ٱلْكِتَـٰبَ مِنۢ بَعْدِهِمْ لَفِى شَكٍّ مِّنْهُ مُرِيبٍ",
      "english": "And they did not become divided until after knowledge had come to them - out of jealous animosity between themselves. And if not for a word that preceded from your Lord [postponing the penalty] until a specified time, it would have been concluded between them. And indeed, those who were granted inheritance of the Scripture after them are, concerning it, in disquieting doubt.",
      "hausa": "Kuma ba su rarraba ba fãce bãyan da ilmi ya jẽ musu, dõmin zãlunci a tsakãninsu kuma bã dõmin wata kalma tã gabata ba daga Ubangijinka, zuwa ga wani ajali ambatacce, dã an yi hukunci a tsakaninsu. Kuma lalle ne waɗanda aka gãdar wa Littafi daga bãyansu, haƙiƙa, sunã cikin shakka a gare shi, mai sanya kokanto."
    },
    {
      "ayah": 15,
      "arabic": "فَلِذَٰلِكَ فَٱدْعُ ۖ وَٱسْتَقِمْ كَمَآ أُمِرْتَ ۖ وَلَا تَتَّبِعْ أَهْوَآءَهُمْ ۖ وَقُلْ ءَامَنتُ بِمَآ أَنزَلَ ٱللَّهُ مِن كِتَـٰبٍ ۖ وَأُمِرْتُ لِأَعْدِلَ بَيْنَكُمُ ۖ ٱللَّهُ رَبُّنَا وَرَبُّكُمْ ۖ لَنَآ أَعْمَـٰلُنَا وَلَكُمْ أَعْمَـٰلُكُمْ ۖ لَا حُجَّةَ بَيْنَنَا وَبَيْنَكُمُ ۖ ٱللَّهُ يَجْمَعُ بَيْنَنَا ۖ وَإِلَيْهِ ٱلْمَصِيرُ",
      "english": "So to that [religion of Allah] invite, [O Muhammad], and remain on a right course as you are commanded and do not follow their inclinations but say, \"I have believed in what Allah has revealed of the Qur'an, and I have been commanded to do justice among you. Allah is our Lord and your Lord. For us are our deeds, and for you your deeds. There is no [need for] argument between us and you. Allah will bring us together, and to Him is the [final] destination.\"",
      "hausa": "Sabõda haka, sai ka yi kira kuma kai ka daidaitu kamar yadda aka umurce ka, kuma kada ka bi son zũciyõyinsu, kumaka ce, \"Nã yi ĩmãni da abin da Allah Ya saukar na littãfi, kuma an umurce ni da in yi ãdalci a tsakãninku. Allah ne Ubangijinmu, kuma Shĩ ne Ubangijinku, ayyukanmu nã gare mu, kuma ayyukanku nã gare ku, kuma bãbu wata hujja a tsakãninmu da tsakãninku. Allah zai tara mu, kuma zuwa gare Shi makõma take.\""
    },
    {
      "ayah": 16,
      "arabic": "وَٱلَّذِينَ يُحَآجُّونَ فِى ٱللَّهِ مِنۢ بَعْدِ مَا ٱسْتُجِيبَ لَهُۥ حُجَّتُهُمْ دَاحِضَةٌ عِندَ رَبِّهِمْ وَعَلَيْهِمْ غَضَبٌ وَلَهُمْ عَذَابٌ شَدِيدٌ",
      "english": "And those who argue concerning Allah after He has been responded to - their argument is invalid with their Lord, and upon them is [His] wrath, and for them is a severe punishment.",
      "hausa": "Kuma waɗannan da ke jãyayya a cikin al'amarin Allah daga bãyan an karɓa masa, hujjarsu ɓãtãcciya ce a wurin Ubangijinsu, kuma akwai fushi a kansu, kuma sunã da wata azãba mai tsanani."
    },
    {
      "ayah": 17,
      "arabic": "ٱللَّهُ ٱلَّذِىٓ أَنزَلَ ٱلْكِتَـٰبَ بِٱلْحَقِّ وَٱلْمِيزَانَ ۗ وَمَا يُدْرِيكَ لَعَلَّ ٱلسَّاعَةَ قَرِيبٌ",
      "english": "It is Allah who has sent down the Book in truth and [also] the balance. And what will make you perceive? Perhaps the Hour is near.",
      "hausa": "Allah ne Wanda Ya saukar da Littãfi da gaskiya, da sikeli. Kuma me ya sanar da kai (cẽwa anã) tsammãnin Sa'ar kusa take?"
    },
    {
      "ayah": 18,
      "arabic": "يَسْتَعْجِلُ بِهَا ٱلَّذِينَ لَا يُؤْمِنُونَ بِهَا ۖ وَٱلَّذِينَ ءَامَنُوا۟ مُشْفِقُونَ مِنْهَا وَيَعْلَمُونَ أَنَّهَا ٱلْحَقُّ ۗ أَلَآ إِنَّ ٱلَّذِينَ يُمَارُونَ فِى ٱلسَّاعَةِ لَفِى ضَلَـٰلٍۭ بَعِيدٍ",
      "english": "Those who do not believe in it are impatient for it, but those who believe are fearful of it and know that it is the truth. Unquestionably, those who dispute concerning the Hour are in extreme error.",
      "hausa": "Waɗanda ba su yi ĩmãnida ita ba, (sũ) ke nẽman gaggautõwarta. Alhãli kuwa waɗanda suka yi ĩmãni, mãsu tsõro ne daga gare ta, kuma sun sani, cẽwa ita gaskiya ce. To, lalle ne waɗanda ke shakka a cikin Sa'a, haƙĩƙa, sunã a cikin ɓata Mai nĩsa."
    },
    {
      "ayah": 19,
      "arabic": "ٱللَّهُ لَطِيفٌۢ بِعِبَادِهِۦ يَرْزُقُ مَن يَشَآءُ ۖ وَهُوَ ٱلْقَوِىُّ ٱلْعَزِيزُ",
      "english": "Allah is Subtle with His servants; He gives provisions to whom He wills. And He is the Powerful, the Exalted in Might.",
      "hausa": "Allah Mai tausasãwa ne ga bãyinsa. Yanã azurta wanda yake so, alhãli kuma Shĩ ne Maiƙarfi, Mabuwãyi."
    },
    {
      "ayah": 20,
      "arabic": "مَن كَانَ يُرِيدُ حَرْثَ ٱلْـَٔاخِرَةِ نَزِدْ لَهُۥ فِى حَرْثِهِۦ ۖ وَمَن كَانَ يُرِيدُ حَرْثَ ٱلدُّنْيَا نُؤْتِهِۦ مِنْهَا وَمَا لَهُۥ فِى ٱلْـَٔاخِرَةِ مِن نَّصِيبٍ",
      "english": "Whoever desires the harvest of the Hereafter - We increase for him in his harvest. And whoever desires the harvest of this world - We give him thereof, but there is not for him in the Hereafter any share.",
      "hausa": "Wanda ya kasance yanã nufin nõman Lãhira zã Mu ƙãra masa a cikin nõmansa, kuma wanda ya kasance yanã nufin nõman dũniya, zã Mu sam masa daga gare ta, alhãli kuwa bã shi da wani rabo a cikin Lãhira."
    },
    {
      "ayah": 21,
      "arabic": "أَمْ لَهُمْ شُرَكَـٰٓؤُا۟ شَرَعُوا۟ لَهُم مِّنَ ٱلدِّينِ مَا لَمْ يَأْذَنۢ بِهِ ٱللَّهُ ۚ وَلَوْلَا كَلِمَةُ ٱلْفَصْلِ لَقُضِىَ بَيْنَهُمْ ۗ وَإِنَّ ٱلظَّـٰلِمِينَ لَهُمْ عَذَابٌ أَلِيمٌ",
      "english": "Or have they other deities who have ordained for them a religion to which Allah has not consented? But if not for the decisive word, it would have been concluded between them. And indeed, the wrongdoers will have a painful punishment.",
      "hausa": "Kõ sunã da waɗansu abõkan tãrayya (da Allah) waɗanda suka shar'anta musu, game da addini, abin da Allah bai yi izni ba da shi? Kuma bã dõmin kalmar hukunci ba, da lalle, an yi hukunci a tsakãninsu. Kuma lalle azzãlumai sunã da azãba mai raɗaɗi."
    },
    {
      "ayah": 22,
      "arabic": "تَرَى ٱلظَّـٰلِمِينَ مُشْفِقِينَ مِمَّا كَسَبُوا۟ وَهُوَ وَاقِعٌۢ بِهِمْ ۗ وَٱلَّذِينَ ءَامَنُوا۟ وَعَمِلُوا۟ ٱلصَّـٰلِحَـٰتِ فِى رَوْضَاتِ ٱلْجَنَّاتِ ۖ لَهُم مَّا يَشَآءُونَ عِندَ رَبِّهِمْ ۚ ذَٰلِكَ هُوَ ٱلْفَضْلُ ٱلْكَبِيرُ",
      "english": "You will see the wrongdoers fearful of what they have earned, and it will [certainly] befall them. And those who have believed and done righteous deeds will be in lush regions of the gardens [in Paradise] having whatever they will in the presence of their Lord. That is what is the great bounty.",
      "hausa": "Kanã ganin azzãlumai sunã mãsu tsõro daga abin da suka sanã'anta alhãli kuwa shi abin tsoron, mai aukuwa ne gare su, kuma waɗanda suka yi ĩmãni kuma suka aikata ayyukan ƙwarai sunã a cikin fadamun Aljanna sunã da abin da suke so a wurin Ubangijinsu. Waccan fa ita ce falala mai girma."
    },
    {
      "ayah": 23,
      "arabic": "ذَٰلِكَ ٱلَّذِى يُبَشِّرُ ٱللَّهُ عِبَادَهُ ٱلَّذِينَ ءَامَنُوا۟ وَعَمِلُوا۟ ٱلصَّـٰلِحَـٰتِ ۗ قُل لَّآ أَسْـَٔلُكُمْ عَلَيْهِ أَجْرًا إِلَّا ٱلْمَوَدَّةَ فِى ٱلْقُرْبَىٰ ۗ وَمَن يَقْتَرِفْ حَسَنَةً نَّزِدْ لَهُۥ فِيهَا حُسْنًا ۚ إِنَّ ٱللَّهَ غَفُورٌ شَكُورٌ",
      "english": "It is that of which Allah gives good tidings to His servants who believe and do righteous deeds. Say, [O Muhammad], \"I do not ask you for this message any payment [but] only good will through kinship.\" And whoever commits a good deed - We will increase for him good therein. Indeed, Allah is Forgiving and Appreciative.",
      "hausa": "Wancan shĩ ne Allah ke bãyar da bushãra da shi ga bãyinSa waɗanda suka yi ĩmãni kuma suka aikata ayyukan ƙwarai. Ka ce: \"Bã ni tambayar ku wata ijãra a kansa, fãce dai sõyayya ta cikin zumunta.\" Kuma wanda ya aikata wani abu mai kyau, zã Mu ƙarã masa kyau a cikinsa, lalle Allah Mai gãfara ne, Mai gõdiya."
    },
    {
      "ayah": 24,
      "arabic": "أَمْ يَقُولُونَ ٱفْتَرَىٰ عَلَى ٱللَّهِ كَذِبًا ۖ فَإِن يَشَإِ ٱللَّهُ يَخْتِمْ عَلَىٰ قَلْبِكَ ۗ وَيَمْحُ ٱللَّهُ ٱلْبَـٰطِلَ وَيُحِقُّ ٱلْحَقَّ بِكَلِمَـٰتِهِۦٓ ۚ إِنَّهُۥ عَلِيمٌۢ بِذَاتِ ٱلصُّدُورِ",
      "english": "Or do they say, \"He has invented about Allah a lie\"? But if Allah willed, He could seal over your heart. And Allah eliminates falsehood and establishes the truth by His words. Indeed, He is Knowing of that within the breasts.",
      "hausa": "Kõ zã su ce: \"Ya ƙirƙira ƙarya ga Allah ne?\" To, idan Allah Ya so, zai yunƙe a kan zũciyarka, kuma Allah Yana shãfe ƙarya kuma Yana tabbatar da gaskiya da kalmõminSa. Lalle ne Shĩ Masani ne ga abin da ke cikin zukata."
    },
    {
      "ayah": 25,
      "arabic": "وَهُوَ ٱلَّذِى يَقْبَلُ ٱلتَّوْبَةَ عَنْ عِبَادِهِۦ وَيَعْفُوا۟ عَنِ ٱلسَّيِّـَٔاتِ وَيَعْلَمُ مَا تَفْعَلُونَ",
      "english": "And it is He who accepts repentance from his servants and pardons misdeeds, and He knows what you do.",
      "hausa": "Kuma Shi ne ke karɓar tũba daga bãyinSa, kuma Yanã Yafe ƙananan laifuffuka, alhãli kuwa Yanã sanin abin da kuke aikatãwa."
    },
    {
      "ayah": 26,
      "arabic": "وَيَسْتَجِيبُ ٱلَّذِينَ ءَامَنُوا۟ وَعَمِلُوا۟ ٱلصَّـٰلِحَـٰتِ وَيَزِيدُهُم مِّن فَضْلِهِۦ ۚ وَٱلْكَـٰفِرُونَ لَهُمْ عَذَابٌ شَدِيدٌ",
      "english": "And He answers [the supplication of] those who have believed and done righteous deeds and increases [for] them from His bounty. But the disbelievers will have a severe punishment.",
      "hausa": "Kuma Yanã karɓa wa waɗannan da suka yi ĩmãni kuma suka aikata ayyukan ƙwarai, kuma Yanã ƙãra musu (sakamako) daga falalarSa. Kuma kãfirai sunã da wata azãba mai tsanani."
    },
    {
      "ayah": 27,
      "arabic": "وَلَوْ بَسَطَ ٱللَّهُ ٱلرِّزْقَ لِعِبَادِهِۦ لَبَغَوْا۟ فِى ٱلْأَرْضِ وَلَـٰكِن يُنَزِّلُ بِقَدَرٍ مَّا يَشَآءُ ۚ إِنَّهُۥ بِعِبَادِهِۦ خَبِيرٌۢ بَصِيرٌ",
      "english": "And if Allah had extended [excessively] provision for His servants, they would have committed tyranny throughout the earth. But He sends [it] down in an amount which He wills. Indeed He is, of His servants, Acquainted and Seeing.",
      "hausa": "Kuma dã Allah Ya shimfiɗa arziki ga bãyinSa, dã sun yi zãluncin rarraba jama'a a cikin ƙasa, kuma amma Yanã sassaukarwa gwargwado ga abin da Yake so. Lalle ne Shĩ, game da bãyinSa, Mai labartawa ne, Mai gani."
    },
    {
      "ayah": 28,
      "arabic": "وَهُوَ ٱلَّذِى يُنَزِّلُ ٱلْغَيْثَ مِنۢ بَعْدِ مَا قَنَطُوا۟ وَيَنشُرُ رَحْمَتَهُۥ ۚ وَهُوَ ٱلْوَلِىُّ ٱلْحَمِيدُ",
      "english": "And it is He who sends down the rain after they had despaired and spreads His mercy. And He is the Protector, the Praiseworthy.",
      "hausa": "Kuma Shĩ ne ke sassaukar da girgije (ruwa) a bãyan sun yanke ƙauna kuma Yana wãtsa rahamarSa, alhãli kuwa Shĩ ne Majiɓinci, Mai gõdiya."
    },
    {
      "ayah": 29,
      "arabic": "وَمِنْ ءَايَـٰتِهِۦ خَلْقُ ٱلسَّمَـٰوَٰتِ وَٱلْأَرْضِ وَمَا بَثَّ فِيهِمَا مِن دَآبَّةٍ ۚ وَهُوَ عَلَىٰ جَمْعِهِمْ إِذَا يَشَآءُ قَدِيرٌ",
      "english": "And of his signs is the creation of the heavens and earth and what He has dispersed throughout them of creatures. And He, for gathering them when He wills, is competent.",
      "hausa": "Kuma akwai daga ãyõyinSa, halittar sammai da ƙasa da abin da Ya wãtsa a cikinsu na dabba alhãli kuwa Shĩ Mai ĩko ne ga tãra su, a lõkacin da Yake so."
    },
    {
      "ayah": 30,
      "arabic": "وَمَآ أَصَـٰبَكُم مِّن مُّصِيبَةٍ فَبِمَا كَسَبَتْ أَيْدِيكُمْ وَيَعْفُوا۟ عَن كَثِيرٍ",
      "english": "And whatever strikes you of disaster - it is for what your hands have earned; but He pardons much.",
      "hausa": "Kuma abin da ya sãme ku na wata masifa, to, game da abin da hannãyenku suka sana' anta ne kuma (Alah) Yanã Yafẽwar (waɗansu laifuffuka) mãsu yawa."
    },
    {
      "ayah": 31,
      "arabic": "وَمَآ أَنتُم بِمُعْجِزِينَ فِى ٱلْأَرْضِ ۖ وَمَا لَكُم مِّن دُونِ ٱللَّهِ مِن وَلِىٍّ وَلَا نَصِيرٍ",
      "english": "And you will not cause failure [to Allah] upon the earth. And you have not besides Allah any protector or helper.",
      "hausa": "Kuma ba ku zama mãsu buwãya ba a cikin ƙasa kuma bã ku da wani majiɓinci, wanin Allah, kuma bã ku da wani mataimaki."
    },
    {
      "ayah": 32,
      "arabic": "وَمِنْ ءَايَـٰتِهِ ٱلْجَوَارِ فِى ٱلْبَحْرِ كَٱلْأَعْلَـٰمِ",
      "english": "And of His signs are the ships in the sea, like mountains.",
      "hausa": "Kuma akwai daga ãyõyinsa, jirãge mãsu gudãna a cikin tẽku kamar duwãtsu."
    },
    {
      "ayah": 33,
      "arabic": "إِن يَشَأْ يُسْكِنِ ٱلرِّيحَ فَيَظْلَلْنَ رَوَاكِدَ عَلَىٰ ظَهْرِهِۦٓ ۚ إِنَّ فِى ذَٰلِكَ لَـَٔايَـٰتٍ لِّكُلِّ صَبَّارٍ شَكُورٍ",
      "english": "If He willed, He could still the wind, and they would remain motionless on its surface. Indeed in that are signs for everyone patient and grateful.",
      "hausa": "Idan Ya so, sai Ya kwantar da iskar, sai jirãgen su yini sunã mãsu kawaici a kan bãyan tẽkun, Lalle ne ga wancan, haƙĩƙa, akwai ãyõyi ga dukan mai haƙuri, Mai gõdiya."
    },
    {
      "ayah": 34,
      "arabic": "أَوْ يُوبِقْهُنَّ بِمَا كَسَبُوا۟ وَيَعْفُ عَن كَثِيرٍ",
      "english": "Or He could destroy them for what they earned; but He pardons much.",
      "hausa": "Kõ Ya halakã su (sũ jirãgen) sabõda abin da mãsu su suka sanã'anta, alhãli kuwa Yanã yãfe (laifuffuka) mãsu yawa."
    },
    {
      "ayah": 35,
      "arabic": "وَيَعْلَمَ ٱلَّذِينَ يُجَـٰدِلُونَ فِىٓ ءَايَـٰتِنَا مَا لَهُم مِّن مَّحِيصٍ",
      "english": "And [that is so] those who dispute concerning Our signs may know that for them there is no place of escape.",
      "hausa": "Kuma dõmin waɗanda ke jãyayya a cikin ãyõyinMu su sani (cẽwa) bã su da wata mafaka."
    },
    {
      "ayah": 36,
      "arabic": "فَمَآ أُوتِيتُم مِّن شَىْءٍ فَمَتَـٰعُ ٱلْحَيَوٰةِ ٱلدُّنْيَا ۖ وَمَا عِندَ ٱللَّهِ خَيْرٌ وَأَبْقَىٰ لِلَّذِينَ ءَامَنُوا۟ وَعَلَىٰ رَبِّهِمْ يَتَوَكَّلُونَ",
      "english": "So whatever thing you have been given - it is but [for] enjoyment of the worldly life. But what is with Allah is better and more lasting for those who have believed and upon their Lord rely",
      "hausa": "Sabõda haka abin da aka bã ku, kõ mẽne ne, to, jin dãɗin rayuwar dũniya ne, kuma abin da ke a wurin Allah Shĩ ne mafĩfĩci, kuma Shĩ ne mafi wanzuwa ga waɗanda suka yi ĩmãni kuma sunã dõgara a kan Ubangijinsu kawai."
    },
    {
      "ayah": 37,
      "arabic": "وَٱلَّذِينَ يَجْتَنِبُونَ كَبَـٰٓئِرَ ٱلْإِثْمِ وَٱلْفَوَٰحِشَ وَإِذَا مَا غَضِبُوا۟ هُمْ يَغْفِرُونَ",
      "english": "And those who avoid the major sins and immoralities, and when they are angry, they forgive,",
      "hausa": "Kuma waɗanda ke nisantar manyan zunubbai da ayyukan alfãsha, kuma idan sun yi fushi, sũ, sunã gãfartawa."
    },
    {
      "ayah": 38,
      "arabic": "وَٱلَّذِينَ ٱسْتَجَابُوا۟ لِرَبِّهِمْ وَأَقَامُوا۟ ٱلصَّلَوٰةَ وَأَمْرُهُمْ شُورَىٰ بَيْنَهُمْ وَمِمَّا رَزَقْنَـٰهُمْ يُنفِقُونَ",
      "english": "And those who have responded to their lord and established prayer and whose affair is [determined by] consultation among themselves, and from what We have provided them, they spend.",
      "hausa": "Da waɗanda suka karɓa kira ga Ubangijinsu, kuma suka tsayar da salla, kuma al'amarinsu shãwara ne a tsakãninsu, kuma daga abin da Muka azurta su sunã ciyarwa."
    },
    {
      "ayah": 39,
      "arabic": "وَٱلَّذِينَ إِذَآ أَصَابَهُمُ ٱلْبَغْىُ هُمْ يَنتَصِرُونَ",
      "english": "And those who, when tyranny strikes them, they defend themselves,",
      "hausa": "Da waɗanda idan zãlunci ya sãme su, sunã nẽman taimako (su rãma)."
    },
    {
      "ayah": 40,
      "arabic": "وَجَزَٰٓؤُا۟ سَيِّئَةٍ سَيِّئَةٌ مِّثْلُهَا ۖ فَمَنْ عَفَا وَأَصْلَحَ فَأَجْرُهُۥ عَلَى ٱللَّهِ ۚ إِنَّهُۥ لَا يُحِبُّ ٱلظَّـٰلِمِينَ",
      "english": "And the retribution for an evil act is an evil one like it, but whoever pardons and makes reconciliation - his reward is [due] from Allah. Indeed, He does not like wrongdoers.",
      "hausa": "Kuma sakamakon cũta shĩ ne wata cũta kamarta, sai dai wanda Ya yãfe kuma ya kyautata, to lãdarsa nã ga Allah. Lalle ne, Shĩ (Allah) bã Ya son azzãlumai."
    },
    {
      "ayah": 41,
      "arabic": "وَلَمَنِ ٱنتَصَرَ بَعْدَ ظُلْمِهِۦ فَأُو۟لَـٰٓئِكَ مَا عَلَيْهِم مِّن سَبِيلٍ",
      "english": "And whoever avenges himself after having been wronged - those have not upon them any cause [for blame].",
      "hausa": "Kuma Lalle ne, wanda ya nẽmi taimakon rãmãwa a bãyan an zãlunce shi, to waɗannan bãbu wata hanyar zargi a kansu."
    },
    {
      "ayah": 42,
      "arabic": "إِنَّمَا ٱلسَّبِيلُ عَلَى ٱلَّذِينَ يَظْلِمُونَ ٱلنَّاسَ وَيَبْغُونَ فِى ٱلْأَرْضِ بِغَيْرِ ٱلْحَقِّ ۚ أُو۟لَـٰٓئِكَ لَهُمْ عَذَابٌ أَلِيمٌ",
      "english": "The cause is only against the ones who wrong the people and tyrannize upon the earth without right. Those will have a painful punishment.",
      "hausa": "lnda hanyar zargi kawai take, shĩ ne a kan waɗanda ke zãluntar mutãne kuma sunã ƙẽtare haddin shari'a cikin ƙasa bã tare da haƙƙi ba. Waɗannan sunã da azãba Mai raɗaɗi."
    },
    {
      "ayah": 43,
      "arabic": "وَلَمَن صَبَرَ وَغَفَرَ إِنَّ ذَٰلِكَ لَمِنْ عَزْمِ ٱلْأُمُورِ",
      "english": "And whoever is patient and forgives - indeed, that is of the matters [requiring] determination.",
      "hausa": "Kuma Lalle ne, wanda ya yi haƙuri kuma ya gãfarta (wa wanda ya zãlunce shi), to shĩ wancan aiki haƙĩƙa, yanã daga manyan al'amura (da Allah ke so)."
    },
    {
      "ayah": 44,
      "arabic": "وَمَن يُضْلِلِ ٱللَّهُ فَمَا لَهُۥ مِن وَلِىٍّ مِّنۢ بَعْدِهِۦ ۗ وَتَرَى ٱلظَّـٰلِمِينَ لَمَّا رَأَوُا۟ ٱلْعَذَابَ يَقُولُونَ هَلْ إِلَىٰ مَرَدٍّ مِّن سَبِيلٍ",
      "english": "And he whom Allah sends astray - for him there is no protector beyond Him. And you will see the wrongdoers, when they see the punishment, saying, \"Is there for return [to the former world] any way?\"",
      "hausa": "Kuma wanda (Allah Ya ɓatar, to, bã shi da wani majiɓinci bãyanSa, kuma zã ka ga azzãlumai, a lõkacin da suka ga azãba, sunã cẽwa, \"Shin, akwai hanya zuwa ga kõmãwa?\""
    },
    {
      "ayah": 45,
      "arabic": "وَتَرَىٰهُمْ يُعْرَضُونَ عَلَيْهَا خَـٰشِعِينَ مِنَ ٱلذُّلِّ يَنظُرُونَ مِن طَرْفٍ خَفِىٍّ ۗ وَقَالَ ٱلَّذِينَ ءَامَنُوٓا۟ إِنَّ ٱلْخَـٰسِرِينَ ٱلَّذِينَ خَسِرُوٓا۟ أَنفُسَهُمْ وَأَهْلِيهِمْ يَوْمَ ٱلْقِيَـٰمَةِ ۗ أَلَآ إِنَّ ٱلظَّـٰلِمِينَ فِى عَذَابٍ مُّقِيمٍ",
      "english": "And you will see them being exposed to the Fire, humbled from humiliation, looking from [behind] a covert glance. And those who had believed will say, \"Indeed, the [true] losers are the ones who lost themselves and their families on the Day of Resurrection. Unquestionably, the wrongdoers are in an enduring punishment.\"",
      "hausa": "Kuma kanã ganin su anã gitta su a kanta, sunã ƙasƙantattu sabõda wulãkanci, sunã hange daga gefen gani ɓoyayye. Kuma waɗanda suka yi ĩmãni sai su ce, \"Lalle ne, mãsu hasãra, sũ ne waɗanda suka yi hasãrar rãyukansu da iyãlansu a Rãnar ¡iyãma.\" To, lalle ne, azzãlumai sunã a cikin wata azãba zaunanniya."
    },
    {
      "ayah": 46,
      "arabic": "وَمَا كَانَ لَهُم مِّنْ أَوْلِيَآءَ يَنصُرُونَهُم مِّن دُونِ ٱللَّهِ ۗ وَمَن يُضْلِلِ ٱللَّهُ فَمَا لَهُۥ مِن سَبِيلٍ",
      "english": "And there will not be for them any allies to aid them other than Allah. And whoever Allah sends astray - for him there is no way.",
      "hausa": "Kuma waɗansu majiɓinta ba su kasance ba a gare su, waɗanda ke iya taimakonsu, baicin Allah. Kuma wanda Allah Ya ɓatar, to, bã shi da wani gõdabe na tsĩra."
    },
    {
      "ayah": 47,
      "arabic": "ٱسْتَجِيبُوا۟ لِرَبِّكُم مِّن قَبْلِ أَن يَأْتِىَ يَوْمٌ لَّا مَرَدَّ لَهُۥ مِنَ ٱللَّهِ ۚ مَا لَكُم مِّن مَّلْجَإٍ يَوْمَئِذٍ وَمَا لَكُم مِّن نَّكِيرٍ",
      "english": "Respond to your Lord before a Day comes from Allah of which there is no repelling. No refuge will you have that day, nor for you will there be any denial.",
      "hausa": "Ku karɓã wa Ubangijinku tun gabãnin wani yini ya zo, bãbu makawa gare shi daga Allah, bã ku da wata mafaka a rãnar nan, kuma bã ku iya yin wani musu."
    },
    {
      "ayah": 48,
      "arabic": "فَإِنْ أَعْرَضُوا۟ فَمَآ أَرْسَلْنَـٰكَ عَلَيْهِمْ حَفِيظًا ۖ إِنْ عَلَيْكَ إِلَّا ٱلْبَلَـٰغُ ۗ وَإِنَّآ إِذَآ أَذَقْنَا ٱلْإِنسَـٰنَ مِنَّا رَحْمَةً فَرِحَ بِهَا ۖ وَإِن تُصِبْهُمْ سَيِّئَةٌۢ بِمَا قَدَّمَتْ أَيْدِيهِمْ فَإِنَّ ٱلْإِنسَـٰنَ كَفُورٌ",
      "english": "But if they turn away - then We have not sent you, [O Muhammad], over them as a guardian; upon you is only [the duty of] notification. And indeed, when We let man taste mercy from us, he rejoices in it; but if evil afflicts him for what his hands have put forth, then indeed, man is ungrateful.",
      "hausa": "To, idan sun bijire, to, ba Mu aike ka kanã mai tsaro a kansu ba, bãbu abin da ke a kanka fãce iyar da Manzanci. Kuma lalle ne, Mũ idan Mun ɗanɗana wa mutum wata rahama daga gare Mu, sai ya yi farin ciki da ita, kuma idan wata masĩfa ta sãme su sabõda abin da hannayensu suka gabãtar, to, lalle ne mutum mai tsananin kãfirci ne."
    },
    {
      "ayah": 49,
      "arabic": "لِّلَّهِ مُلْكُ ٱلسَّمَـٰوَٰتِ وَٱلْأَرْضِ ۚ يَخْلُقُ مَا يَشَآءُ ۚ يَهَبُ لِمَن يَشَآءُ إِنَـٰثًا وَيَهَبُ لِمَن يَشَآءُ ٱلذُّكُورَ",
      "english": "To Allah belongs the dominion of the heavens and the earth; He creates what he wills. He gives to whom He wills female [children], and He gives to whom He wills males.",
      "hausa": "Mulkin sammai da ƙasa na Allah kawai ne. Yanã halitta abin da Yake so. Yanã bãyar da 'ya'ya mãtã ga wanda yake so, kuma Yanã bãyar da ɗiya maza ga wanda Yake so."
    },
    {
      "ayah": 50,
      "arabic": "أَوْ يُزَوِّجُهُمْ ذُكْرَانًا وَإِنَـٰثًا ۖ وَيَجْعَلُ مَن يَشَآءُ عَقِيمًا ۚ إِنَّهُۥ عَلِيمٌ قَدِيرٌ",
      "english": "Or He makes them [both] males and females, and He renders whom He wills barren. Indeed, He is Knowing and Competent.",
      "hausa": "Kõ kuma Ya haɗa su maza da mãtã, kuma Yanã sanya wanda Ya so bakarãre. Lalle shi, Mai ilmi ne, Mai ĩkon yi."
    },
    {
      "ayah": 51,
      "arabic": "وَمَا كَانَ لِبَشَرٍ أَن يُكَلِّمَهُ ٱللَّهُ إِلَّا وَحْيًا أَوْ مِن وَرَآئِ حِجَابٍ أَوْ يُرْسِلَ رَسُولًا فَيُوحِىَ بِإِذْنِهِۦ مَا يَشَآءُ ۚ إِنَّهُۥ عَلِىٌّ حَكِيمٌ",
      "english": "And it is not for any human being that Allah should speak to him except by revelation or from behind a partition or that He sends a messenger to reveal, by His permission, what He wills. Indeed, He is Most High and Wise.",
      "hausa": "Kuma bã ya kasancẽwa ga wani mutum Allah Ya yi masa magana fãce da wahayi, kõ daga bãYan wani shãmaki, kõ Ya aika wani Manzo, sa'an nan Ya yi wahayi, da izninsa ga abin da Yake so. Lalle Shĩ, Maɗaukaki ne Mai hikima."
    },
    {
      "ayah": 52,
      "arabic": "وَكَذَٰلِكَ أَوْحَيْنَآ إِلَيْكَ رُوحًا مِّنْ أَمْرِنَا ۚ مَا كُنتَ تَدْرِى مَا ٱلْكِتَـٰبُ وَلَا ٱلْإِيمَـٰنُ وَلَـٰكِن جَعَلْنَـٰهُ نُورًا نَّهْدِى بِهِۦ مَن نَّشَآءُ مِنْ عِبَادِنَا ۚ وَإِنَّكَ لَتَهْدِىٓ إِلَىٰ صِرَٰطٍ مُّسْتَقِيمٍ",
      "english": "And thus We have revealed to you an inspiration of Our command. You did not know what is the Book or [what is] faith, but We have made it a light by which We guide whom We will of Our servants. And indeed, [O Muhammad], you guide to a straight path -",
      "hausa": "Kuma kamar wancan Mun aika wani rũhi (rai mai haɗa jama'a) zuwa gare ka, daga gare Mu. Ba ka kasance kã san abin da yake littãfi ba, kõ abin da Yake ĩmãni, kuma amma Mun sanya shi (rũhin, watau Alƙur'ãni) wani haske ne, Munã shiryar da wanda Muke so daga cikin bãyĩnMu game da shi. Kuma Lalle kai, haƙĩƙa, kanã shiryarwa zuwa ga hanya, madaidaiciya."
    },
    {
      "ayah": 53,
      "arabic": "صِرَٰطِ ٱللَّهِ ٱلَّذِى لَهُۥ مَا فِى ٱلسَّمَـٰوَٰتِ وَمَا فِى ٱلْأَرْضِ ۗ أَلَآ إِلَى ٱللَّهِ تَصِيرُ ٱلْأُمُورُ",
      "english": "The path of Allah, to whom belongs whatever is in the heavens and whatever is on the earth. Unquestionably, to Allah do [all] matters evolve.",
      "hausa": "Hanyar Allah wanda ke da mulkin abin da ke cikin sammai da abin da ke cikin ƙasa. To, zuwa ga Allah kawai al'amura ke kõmãwa."
    }
  ]
}