{
  "surah": 70,
  "hasBasmallah": false,
  "basmallah": "",
  "verses": [
    {
      "ayah": 1,
      "arabic": "سَأَلَ سَآئِلٌۢ بِعَذَابٍ وَاقِعٍ",
      "english": "A supplicant asked for a punishment bound to happen",
      "hausa": "Wani mai tambaya yã yi tambaya game da azãba, mai aukuwa."
    },
    {
      "ayah": 2,
      "arabic": "لِّلْكَـٰفِرِينَ لَيْسَ لَهُۥ دَافِعٌ",
      "english": "To the disbelievers; of it there is no preventer.",
      "hausa": "Ga kãfirai, bã ta da mai tunkuɗẽwa."
    },
    {
      "ayah": 3,
      "arabic": "مِّنَ ٱللَّهِ ذِى ٱلْمَعَارِجِ",
      "english": "[It is] from Allah, owner of the ways of ascent.",
      "hausa": "Daga Allah Mai matãkala."
    },
    {
      "ayah": 4,
      "arabic": "تَعْرُجُ ٱلْمَلَـٰٓئِكَةُ وَٱلرُّوحُ إِلَيْهِ فِى يَوْمٍ كَانَ مِقْدَارُهُۥ خَمْسِينَ أَلْفَ سَنَةٍ",
      "english": "The angels and the Spirit will ascend to Him during a Day the extent of which is fifty thousand years.",
      "hausa": "Malã'iku da Ruhi (Jibrila) sunã tãkãwa zuwa gare Shi, a cikin yini wanda gwargwadonsa, shẽkara dubu hamsin ne."
    },
    {
      "ayah": 5,
      "arabic": "فَٱصْبِرْ صَبْرًا جَمِيلًا",
      "english": "So be patient with gracious patience.",
      "hausa": "Sabõda haka, ka yi haƙuri, haƙuri mai kyãwo."
    },
    {
      "ayah": 6,
      "arabic": "إِنَّهُمْ يَرَوْنَهُۥ بَعِيدًا",
      "english": "Indeed, they see it [as] distant,",
      "hausa": "Lalle ne su, sunã ganin ta mai nĩsa."
    },
    {
      "ayah": 7,
      "arabic": "وَنَرَىٰهُ قَرِيبًا",
      "english": "But We see it [as] near.",
      "hausa": "Kuma Mu, Muna ganin ta a kusa."
    },
    {
      "ayah": 8,
      "arabic": "يَوْمَ تَكُونُ ٱلسَّمَآءُ كَٱلْمُهْلِ",
      "english": "On the Day the sky will be like murky oil,",
      "hausa": "Rãnar da sama zã ta kasance kamar narkakkar azurfa."
    },
    {
      "ayah": 9,
      "arabic": "وَتَكُونُ ٱلْجِبَالُ كَٱلْعِهْنِ",
      "english": "And the mountains will be like wool,",
      "hausa": "Kuma duwãtsu su zama kamar saɓin sũfi."
    },
    {
      "ayah": 10,
      "arabic": "وَلَا يَسْـَٔلُ حَمِيمٌ حَمِيمًا",
      "english": "And no friend will ask [anything of] a friend,",
      "hausa": "Kuma abõki bã ya tambayar inda wani abõki yake."
    },
    {
      "ayah": 11,
      "arabic": "يُبَصَّرُونَهُمْ ۚ يَوَدُّ ٱلْمُجْرِمُ لَوْ يَفْتَدِى مِنْ عَذَابِ يَوْمِئِذٍۭ بِبَنِيهِ",
      "english": "They will be shown each other. The criminal will wish that he could be ransomed from the punishment of that Day by his children",
      "hausa": "Ana sanya su, su gajũna, mai laifi na gũrin dã zai iya yin fansa, daga azãbar rãnar nan, da ɗiyansa,"
    },
    {
      "ayah": 12,
      "arabic": "وَصَـٰحِبَتِهِۦ وَأَخِيهِ",
      "english": "And his wife and his brother",
      "hausa": "Da matarsa da ɗan'uwansa."
    },
    {
      "ayah": 13,
      "arabic": "وَفَصِيلَتِهِ ٱلَّتِى تُـْٔوِيهِ",
      "english": "And his nearest kindred who shelter him",
      "hausa": "Da danginsa, mãsu tattarã shi."
    },
    {
      "ayah": 14,
      "arabic": "وَمَن فِى ٱلْأَرْضِ جَمِيعًا ثُمَّ يُنجِيهِ",
      "english": "And whoever is on earth entirely [so] then it could save him.",
      "hausa": "Da wanda ke a cikin dũniya duka gabã ɗaya, sa'an nan fansar, ta tsĩrar da shi."
    },
    {
      "ayah": 15,
      "arabic": "كَلَّآ ۖ إِنَّهَا لَظَىٰ",
      "english": "No! Indeed, it is the Flame [of Hell],",
      "hausa": "A'aha! Lalle ne fa, ita ce Lazã,"
    },
    {
      "ayah": 16,
      "arabic": "نَزَّاعَةً لِّلشَّوَىٰ",
      "english": "A remover of exteriors.",
      "hausa": "Mai twãle fãtar goshi."
    },
    {
      "ayah": 17,
      "arabic": "تَدْعُوا۟ مَنْ أَدْبَرَ وَتَوَلَّىٰ",
      "english": "It invites he who turned his back [on truth] and went away [from obedience]",
      "hausa": "Tanã kiran wanda ya jũya bãya (daga addini) kuma ya kau da kai."
    },
    {
      "ayah": 18,
      "arabic": "وَجَمَعَ فَأَوْعَىٰٓ",
      "english": "And collected [wealth] and hoarded.",
      "hausa": "Ya tãra (dũkiya), kuma ya sanya ta a cikin jaka."
    },
    {
      "ayah": 19,
      "arabic": "إِنَّ ٱلْإِنسَـٰنَ خُلِقَ هَلُوعًا",
      "english": "Indeed, mankind was created anxious:",
      "hausa": "Lalle ne mutum an halitta shi mai ciwon kwaɗayi."
    },
    {
      "ayah": 20,
      "arabic": "إِذَا مَسَّهُ ٱلشَّرُّ جَزُوعًا",
      "english": "When evil touches him, impatient,",
      "hausa": "Idan sharri ya shãfe shi, ya kãsa haƙuri."
    },
    {
      "ayah": 21,
      "arabic": "وَإِذَا مَسَّهُ ٱلْخَيْرُ مَنُوعًا",
      "english": "And when good touches him, withholding [of it],",
      "hausa": "Kuma idan alhẽri ya shãfe shi, ya yi rõwa."
    },
    {
      "ayah": 22,
      "arabic": "إِلَّا ٱلْمُصَلِّينَ",
      "english": "Except the observers of prayer -",
      "hausa": "Sai mãsu yin salla,"
    },
    {
      "ayah": 23,
      "arabic": "ٱلَّذِينَ هُمْ عَلَىٰ صَلَاتِهِمْ دَآئِمُونَ",
      "english": "Those who are constant in their prayer",
      "hausa": "Waɗanda suke, a kan sallarsu, su, mãsu dawwama ne."
    },
    {
      "ayah": 24,
      "arabic": "وَٱلَّذِينَ فِىٓ أَمْوَٰلِهِمْ حَقٌّ مَّعْلُومٌ",
      "english": "And those within whose wealth is a known right",
      "hausa": "Kuma waɗanda a cikin dũkiyarsu, akwai wani haƙƙi sananne."
    },
    {
      "ayah": 25,
      "arabic": "لِّلسَّآئِلِ وَٱلْمَحْرُومِ",
      "english": "For the petitioner and the deprived -",
      "hausa": "Ga (matalauci) mai rõƙo da wanda aka hanã wa roƙon."
    },
    {
      "ayah": 26,
      "arabic": "وَٱلَّذِينَ يُصَدِّقُونَ بِيَوْمِ ٱلدِّينِ",
      "english": "And those who believe in the Day of Recompense",
      "hausa": "Da waɗannan da ke gaskata rãnar sakamako."
    },
    {
      "ayah": 27,
      "arabic": "وَٱلَّذِينَ هُم مِّنْ عَذَابِ رَبِّهِم مُّشْفِقُونَ",
      "english": "And those who are fearful of the punishment of their Lord -",
      "hausa": "Da waɗannan sabõda azãbar Ubangijinsu, suna jin tsõro."
    },
    {
      "ayah": 28,
      "arabic": "إِنَّ عَذَابَ رَبِّهِمْ غَيْرُ مَأْمُونٍ",
      "english": "Indeed, the punishment of their Lord is not that from which one is safe -",
      "hausa": "Lalle ne, azãbar Ubangijinsu bã wadda ake iya amincẽwaba ce."
    },
    {
      "ayah": 29,
      "arabic": "وَٱلَّذِينَ هُمْ لِفُرُوجِهِمْ حَـٰفِظُونَ",
      "english": "And those who guard their private parts",
      "hausa": "Da waɗanda suke, ga farjojinsu, mãsu tsarewa ne."
    },
    {
      "ayah": 30,
      "arabic": "إِلَّا عَلَىٰٓ أَزْوَٰجِهِمْ أَوْ مَا مَلَكَتْ أَيْمَـٰنُهُمْ فَإِنَّهُمْ غَيْرُ مَلُومِينَ",
      "english": "Except from their wives or those their right hands possess, for indeed, they are not to be blamed -",
      "hausa": "Sai fa a kan matan aurensu da abin da hannayensu na dãma suka mallaka. To lalle ne sũkam ba waɗanda ake zargi ba ne."
    },
    {
      "ayah": 31,
      "arabic": "فَمَنِ ٱبْتَغَىٰ وَرَآءَ ذَٰلِكَ فَأُو۟لَـٰٓئِكَ هُمُ ٱلْعَادُونَ",
      "english": "But whoever seeks beyond that, then they are the transgressors -",
      "hausa": "To, duk wanda ya nẽmi abin da yake a bayan wannan, to, waɗancan sũ ne mãsu ƙetare iyãka."
    },
    {
      "ayah": 32,
      "arabic": "وَٱلَّذِينَ هُمْ لِأَمَـٰنَـٰتِهِمْ وَعَهْدِهِمْ رَٰعُونَ",
      "english": "And those who are to their trusts and promises attentive",
      "hausa": "Kuma da waɗannan da suke ga amãnõninsu da alkawarinsu mãsu tsarẽwa ne."
    },
    {
      "ayah": 33,
      "arabic": "وَٱلَّذِينَ هُم بِشَهَـٰدَٰتِهِمْ قَآئِمُونَ",
      "english": "And those who are in their testimonies upright",
      "hausa": "Kuma da waɗanda suke, ga shaidarsu, mãsu dãgẽwa ne."
    },
    {
      "ayah": 34,
      "arabic": "وَٱلَّذِينَ هُمْ عَلَىٰ صَلَاتِهِمْ يُحَافِظُونَ",
      "english": "And those who [carefully] maintain their prayer:",
      "hausa": "Kuma waɗanda suke, a kan sallarsu, mãsu tsarẽwa ne."
    },
    {
      "ayah": 35,
      "arabic": "أُو۟لَـٰٓئِكَ فِى جَنَّـٰتٍ مُّكْرَمُونَ",
      "english": "They will be in gardens, honored.",
      "hausa": "Waɗannan, a cikin gidãjen Aljanna, waɗanda ake girmamãwa ne"
    },
    {
      "ayah": 36,
      "arabic": "فَمَالِ ٱلَّذِينَ كَفَرُوا۟ قِبَلَكَ مُهْطِعِينَ",
      "english": "So what is [the matter] with those who disbelieve, hastening [from] before you, [O Muhammad],",
      "hausa": "Mẽ yã sãmi waɗanda suka kãfirta, a wajenka, sunã gaugãwar (gudu)."
    },
    {
      "ayah": 37,
      "arabic": "عَنِ ٱلْيَمِينِ وَعَنِ ٱلشِّمَالِ عِزِينَ",
      "english": "[To sit] on [your] right and [your] left in separate groups?",
      "hausa": "Daga jihar dãma, kuma daga jihar hagu, jama'a-jama'a!"
    },
    {
      "ayah": 38,
      "arabic": "أَيَطْمَعُ كُلُّ ٱمْرِئٍ مِّنْهُمْ أَن يُدْخَلَ جَنَّةَ نَعِيمٍ",
      "english": "Does every person among them aspire to enter a garden of pleasure?",
      "hausa": "Shin kõwane mutum daga cikinsu yana nẽman a shigar da shi a Aljannar ni'ima ne (ba da wani aiki ba)?"
    },
    {
      "ayah": 39,
      "arabic": "كَلَّآ ۖ إِنَّا خَلَقْنَـٰهُم مِّمَّا يَعْلَمُونَ",
      "english": "No! Indeed, We have created them from that which they know.",
      "hausa": "A'aha! Lalle Mũ, Mun halitta su, daga abin da suka sani."
    },
    {
      "ayah": 40,
      "arabic": "فَلَآ أُقْسِمُ بِرَبِّ ٱلْمَشَـٰرِقِ وَٱلْمَغَـٰرِبِ إِنَّا لَقَـٰدِرُونَ",
      "english": "So I swear by the Lord of [all] risings and settings that indeed We are able",
      "hausa": "Sabõda haka ba sai Na yi rantsuwa da Ubangijin wurãren ɓullõwar rãna da wurãren fãɗuwarta ba, lalle Mũ, Mãsu iyãwa ne."
    },
    {
      "ayah": 41,
      "arabic": "عَلَىٰٓ أَن نُّبَدِّلَ خَيْرًا مِّنْهُمْ وَمَا نَحْنُ بِمَسْبُوقِينَ",
      "english": "To replace them with better than them; and We are not to be outdone.",
      "hausa": "Ga Mu musanya waɗanda suke mafi alhẽri, daga gare su. Kuma ba Mu kasance waɗanda ake rinjãya ba."
    },
    {
      "ayah": 42,
      "arabic": "فَذَرْهُمْ يَخُوضُوا۟ وَيَلْعَبُوا۟ حَتَّىٰ يُلَـٰقُوا۟ يَوْمَهُمُ ٱلَّذِى يُوعَدُونَ",
      "english": "So leave them to converse vainly and amuse themselves until they meet their Day which they are promised -",
      "hausa": "Sabõda haka ka bar su, su dulmuya, kuma su yi wãsã, har su haɗu da rãnarsu wadda ake yi musu alkawari (da ita)."
    },
    {
      "ayah": 43,
      "arabic": "يَوْمَ يَخْرُجُونَ مِنَ ٱلْأَجْدَاثِ سِرَاعًا كَأَنَّهُمْ إِلَىٰ نُصُبٍ يُوفِضُونَ",
      "english": "The Day they will emerge from the graves rapidly as if they were, toward an erected idol, hastening.",
      "hausa": "Rãnar da suke fitowa daga kaburbura da gaugãwa, kamar sũ, zuwa ga wata kafaffiyar (tuta), suke yin gaugãwa."
    },
    {
      "ayah": 44,
      "arabic": "خَـٰشِعَةً أَبْصَـٰرُهُمْ تَرْهَقُهُمْ ذِلَّةٌ ۚ ذَٰلِكَ ٱلْيَوْمُ ٱلَّذِى كَانُوا۟ يُوعَدُونَ",
      "english": "Their eyes humbled, humiliation will cover them. That is the Day which they had been promised.",
      "hausa": "Maƙaskanta ga idanunsu, wani walakanci yana rufe su. wannan shi ne yinin da suka kasance ana yi musa alkawari (a kansa.)"
    }
  ]
}