{
  "surah": 47,
  "hasBasmallah": false,
  "basmallah": "",
  "verses": [
    {
      "ayah": 1,
      "arabic": "ٱلَّذِينَ كَفَرُوا۟ وَصَدُّوا۟ عَن سَبِيلِ ٱللَّهِ أَضَلَّ أَعْمَـٰلَهُمْ",
      "english": "Those who disbelieve and avert [people] from the way of Allah - He will waste their deeds.",
      "hausa": "Waɗanda suka kãfirta kuma suka kange mutãne daga tafarkin Allah, (Allah) Ya ɓatar da ayyukansu."
    },
    {
      "ayah": 2,
      "arabic": "وَٱلَّذِينَ ءَامَنُوا۟ وَعَمِلُوا۟ ٱلصَّـٰلِحَـٰتِ وَءَامَنُوا۟ بِمَا نُزِّلَ عَلَىٰ مُحَمَّدٍ وَهُوَ ٱلْحَقُّ مِن رَّبِّهِمْ ۙ كَفَّرَ عَنْهُمْ سَيِّـَٔاتِهِمْ وَأَصْلَحَ بَالَهُمْ",
      "english": "And those who believe and do righteous deeds and believe in what has been sent down upon Muhammad - and it is the truth from their Lord - He will remove from them their misdeeds and amend their condition.",
      "hausa": "Kuma waɗanda suka yi ĩmani, kuma suka aikata ayyukan ƙwarai, kuma suka yi ĩmani da abinda aka sassaukar ga Muhammadu, alhãli kuwa shĩ ne gaskiya daga Ubangijinsu, (Allah) Yã karkare musu miyãgun ayyukansu, kuma Yã kyautata hãlãyensu."
    },
    {
      "ayah": 3,
      "arabic": "ذَٰلِكَ بِأَنَّ ٱلَّذِينَ كَفَرُوا۟ ٱتَّبَعُوا۟ ٱلْبَـٰطِلَ وَأَنَّ ٱلَّذِينَ ءَامَنُوا۟ ٱتَّبَعُوا۟ ٱلْحَقَّ مِن رَّبِّهِمْ ۚ كَذَٰلِكَ يَضْرِبُ ٱللَّهُ لِلنَّاسِ أَمْثَـٰلَهُمْ",
      "english": "That is because those who disbelieve follow falsehood, and those who believe follow the truth from their Lord. Thus does Allah present to the people their comparisons.",
      "hausa": "Wannan kuwa sabõda lalle, waɗanda suka kãfirta sun bi ƙarya, kumar lalle waɗanda suka yi ĩmãni, sun bi gaskiya daga Ubangijinsu. Kamar wannan ne Allah Yake bayyana wa mutãne misãlansu."
    },
    {
      "ayah": 4,
      "arabic": "فَإِذَا لَقِيتُمُ ٱلَّذِينَ كَفَرُوا۟ فَضَرْبَ ٱلرِّقَابِ حَتَّىٰٓ إِذَآ أَثْخَنتُمُوهُمْ فَشُدُّوا۟ ٱلْوَثَاقَ فَإِمَّا مَنًّۢا بَعْدُ وَإِمَّا فِدَآءً حَتَّىٰ تَضَعَ ٱلْحَرْبُ أَوْزَارَهَا ۚ ذَٰلِكَ وَلَوْ يَشَآءُ ٱللَّهُ لَٱنتَصَرَ مِنْهُمْ وَلَـٰكِن لِّيَبْلُوَا۟ بَعْضَكُم بِبَعْضٍ ۗ وَٱلَّذِينَ قُتِلُوا۟ فِى سَبِيلِ ٱللَّهِ فَلَن يُضِلَّ أَعْمَـٰلَهُمْ",
      "english": "So when you meet those who disbelieve [in battle], strike [their] necks until, when you have inflicted slaughter upon them, then secure their bonds, and either [confer] favor afterwards or ransom [them] until the war lays down its burdens. That [is the command]. And if Allah had willed, He could have taken vengeance upon them [Himself], but [He ordered armed struggle] to test some of you by means of others. And those who are killed in the cause of Allah - never will He waste their deeds.",
      "hausa": "Sabõda haka idan kun haɗu da waɗanda suka kãfirta, sai ku yi ta dũkan wuyõyinsu har a lõkacin da suka yawaita musu kisa, to, ku tsananta ɗaurinsu sa'an nan imma karimci a bãyan' haka kõ biyan fansa, har yãƙi ya saukar da kayansa mãsu nauyi. Wancan, dã Allah nã so da Ya ci nasara a kansu (ba tare da yaƙin ba) kuma amma (ya wajabta jihadi) dõmin Ya jarraba sãshenku da sãshe. Kuma waɗanda zaka kashe a cikin tafarkin Allah, to, bã ai ɓatar da ayyukansu ba."
    },
    {
      "ayah": 5,
      "arabic": "سَيَهْدِيهِمْ وَيُصْلِحُ بَالَهُمْ",
      "english": "He will guide them and amend their condition",
      "hausa": "Zai shiryar da su, kuma Ya kyautata hãlãyensu."
    },
    {
      "ayah": 6,
      "arabic": "وَيُدْخِلُهُمُ ٱلْجَنَّةَ عَرَّفَهَا لَهُمْ",
      "english": "And admit them to Paradise, which He has made known to them.",
      "hausa": "Kuma Ya shigarda su Aljanna (wadda) Ya siffanta ta a gare su."
    },
    {
      "ayah": 7,
      "arabic": "يَـٰٓأَيُّهَا ٱلَّذِينَ ءَامَنُوٓا۟ إِن تَنصُرُوا۟ ٱللَّهَ يَنصُرْكُمْ وَيُثَبِّتْ أَقْدَامَكُمْ",
      "english": "O you who have believed, if you support Allah, He will support you and plant firmly your feet.",
      "hausa": "Yã kũ waɗanda suka yi ĩmani! Idan kun taimaki Allah, zai taimake ku, kuma Ya tabbatar da dugãduganku.."
    },
    {
      "ayah": 8,
      "arabic": "وَٱلَّذِينَ كَفَرُوا۟ فَتَعْسًا لَّهُمْ وَأَضَلَّ أَعْمَـٰلَهُمْ",
      "english": "But those who disbelieve - for them is misery, and He will waste their deeds.",
      "hausa": "Kuma waɗanda suka kãfirta, to, ruɓushi ya tabbata a gare su, kuma (Allah) Ya ɓatar da ayyukansu."
    },
    {
      "ayah": 9,
      "arabic": "ذَٰلِكَ بِأَنَّهُمْ كَرِهُوا۟ مَآ أَنزَلَ ٱللَّهُ فَأَحْبَطَ أَعْمَـٰلَهُمْ",
      "english": "That is because they disliked what Allah revealed, so He rendered worthless their deeds.",
      "hausa": "Wannan, sabõda lalle sũ, sun ƙi abin da Allah Ya saukar dõmin haka Ya ɓata ayyukansu."
    },
    {
      "ayah": 10,
      "arabic": "أَفَلَمْ يَسِيرُوا۟ فِى ٱلْأَرْضِ فَيَنظُرُوا۟ كَيْفَ كَانَ عَـٰقِبَةُ ٱلَّذِينَ مِن قَبْلِهِمْ ۚ دَمَّرَ ٱللَّهُ عَلَيْهِمْ ۖ وَلِلْكَـٰفِرِينَ أَمْثَـٰلُهَا",
      "english": "Have they not traveled through the land and seen how was the end of those before them? Allah destroyed [everything] over them, and for the disbelievers is something comparable.",
      "hausa": "Shin, ba su yi tafiya ba, a cikin ƙasa, dõmin su gani yadda ãƙibar waɗanda ke a gabãninsu ta kasance? Allah Ya darkãke a kansu. Kuma akwai misãlan wannan ãƙibar ga kãfirai (na kõwane zãmani)."
    },
    {
      "ayah": 11,
      "arabic": "ذَٰلِكَ بِأَنَّ ٱللَّهَ مَوْلَى ٱلَّذِينَ ءَامَنُوا۟ وَأَنَّ ٱلْكَـٰفِرِينَ لَا مَوْلَىٰ لَهُمْ",
      "english": "That is because Allah is the protector of those who have believed and because the disbelievers have no protector.",
      "hausa": "Wancan! Sabõda lalle Allah ne Majiɓincin waɗanda suka yi ĩmãni, kuma lalle, kafirai bãbu wani majiɓinci a gare su."
    },
    {
      "ayah": 12,
      "arabic": "إِنَّ ٱللَّهَ يُدْخِلُ ٱلَّذِينَ ءَامَنُوا۟ وَعَمِلُوا۟ ٱلصَّـٰلِحَـٰتِ جَنَّـٰتٍ تَجْرِى مِن تَحْتِهَا ٱلْأَنْهَـٰرُ ۖ وَٱلَّذِينَ كَفَرُوا۟ يَتَمَتَّعُونَ وَيَأْكُلُونَ كَمَا تَأْكُلُ ٱلْأَنْعَـٰمُ وَٱلنَّارُ مَثْوًى لَّهُمْ",
      "english": "Indeed, Allah will admit those who have believed and done righteous deeds to gardens beneath which rivers flow, but those who disbelieve enjoy themselves and eat as grazing livestock eat, and the Fire will be a residence for them.",
      "hausa": "Lalle ne, Allah nã shigar da waɗanda suka yi ĩmani kuma suka aikata ayyukan ƙwarai a gidãjen Aljanna, kõgunan ruwa na gudana daga ƙarƙashinsu, kuma waɗanda suka kãfirta sunã jin ɗan daɗi (adũniya) kuma sunã ci, kamar yadda dabbõbi ke ci, kuma wutã ita ce mazauni a gare su."
    },
    {
      "ayah": 13,
      "arabic": "وَكَأَيِّن مِّن قَرْيَةٍ هِىَ أَشَدُّ قُوَّةً مِّن قَرْيَتِكَ ٱلَّتِىٓ أَخْرَجَتْكَ أَهْلَكْنَـٰهُمْ فَلَا نَاصِرَ لَهُمْ",
      "english": "And how many a city was stronger than your city [Makkah] which drove you out? We destroyed them; and there was no helper for them.",
      "hausa": "Kuma da yawa akwai alƙarya, ita ce mafi tsanani ga ƙarfi daga alƙaryarka wadda ta fitar da kai, Mun halaka ta, sa'an nan kuwa bãbu wani mai taimako a gare su."
    },
    {
      "ayah": 14,
      "arabic": "أَفَمَن كَانَ عَلَىٰ بَيِّنَةٍ مِّن رَّبِّهِۦ كَمَن زُيِّنَ لَهُۥ سُوٓءُ عَمَلِهِۦ وَٱتَّبَعُوٓا۟ أَهْوَآءَهُم",
      "english": "So is he who is on clear evidence from his Lord like him to whom the evil of his work has been made attractive and they follow their [own] desires?",
      "hausa": "Shin, wanda ya kasance a kan wata hujja daga Ubangijinsa, zai zama kamar wanda aka ƙawãce masa mugun aikinsa, kuma suka bibbiyi son zũciyõyinsu?"
    },
    {
      "ayah": 15,
      "arabic": "مَّثَلُ ٱلْجَنَّةِ ٱلَّتِى وُعِدَ ٱلْمُتَّقُونَ ۖ فِيهَآ أَنْهَـٰرٌ مِّن مَّآءٍ غَيْرِ ءَاسِنٍ وَأَنْهَـٰرٌ مِّن لَّبَنٍ لَّمْ يَتَغَيَّرْ طَعْمُهُۥ وَأَنْهَـٰرٌ مِّنْ خَمْرٍ لَّذَّةٍ لِّلشَّـٰرِبِينَ وَأَنْهَـٰرٌ مِّنْ عَسَلٍ مُّصَفًّى ۖ وَلَهُمْ فِيهَا مِن كُلِّ ٱلثَّمَرَٰتِ وَمَغْفِرَةٌ مِّن رَّبِّهِمْ ۖ كَمَنْ هُوَ خَـٰلِدٌ فِى ٱلنَّارِ وَسُقُوا۟ مَآءً حَمِيمًا فَقَطَّعَ أَمْعَآءَهُمْ",
      "english": "Is the description of Paradise, which the righteous are promised, wherein are rivers of water unaltered, rivers of milk the taste of which never changes, rivers of wine delicious to those who drink, and rivers of purified honey, in which they will have from all [kinds of] fruits and forgiveness from their Lord, like [that of] those who abide eternally in the Fire and are given to drink scalding water that will sever their intestines?",
      "hausa": "Misãlin Aljanna, wadda aka yi wa'adinta ga mãsu taƙawa, a cikinta akwai waɗansu kõguna na ruwa ba mai sãkẽwa ba da waɗansu kõguna na madara wadda ɗanɗanonta bã ya canjãwa, da waɗansu kõguna na giya mai dãɗi ga mashãya, da waɗansu kõguna na zuma tãtacce kuma suna sãmu, a cikinta, daga kõwane irin 'ya'yan itãce, da wata gãfara daga Ubangijinsu. (Shin, mãsu wannan ni'ima nã daidaita) kamar wanda yake madawwami ne a cikin wutã kuma an shãyar da su wani ruwa mai zãfi har ya kakkãtse hanjinsu?"
    },
    {
      "ayah": 16,
      "arabic": "وَمِنْهُم مَّن يَسْتَمِعُ إِلَيْكَ حَتَّىٰٓ إِذَا خَرَجُوا۟ مِنْ عِندِكَ قَالُوا۟ لِلَّذِينَ أُوتُوا۟ ٱلْعِلْمَ مَاذَا قَالَ ءَانِفًا ۚ أُو۟لَـٰٓئِكَ ٱلَّذِينَ طَبَعَ ٱللَّهُ عَلَىٰ قُلُوبِهِمْ وَٱتَّبَعُوٓا۟ أَهْوَآءَهُمْ",
      "english": "And among them, [O Muhammad], are those who listen to you, until when they depart from you, they say to those who were given knowledge, \"What has he said just now?\" Those are the ones of whom Allah has sealed over their hearts and who have followed their [own] desires.",
      "hausa": "Kuma daga cikinsu akwai wanda ke saurare zuwa gare ka, har idan sun fita daga wurinka, su ce wa waɗanda aka bai wa ilmi \"Mẽne ne (Muhammadu) ya fãɗa ɗazu?\" Waɗannan ne waɗanda Allah Ya shãfe haske daga zukãtansu, kuma suka bi son zũciyõyinsu."
    },
    {
      "ayah": 17,
      "arabic": "وَٱلَّذِينَ ٱهْتَدَوْا۟ زَادَهُمْ هُدًى وَءَاتَىٰهُمْ تَقْوَىٰهُمْ",
      "english": "And those who are guided - He increases them in guidance and gives them their righteousness.",
      "hausa": "Kuma waɗannan da suka nẽmi shiryuwa (Allah) Ya ƙara musu shiryuwarsu, kuma Yã bã su (sakamakon) taƙawarsu."
    },
    {
      "ayah": 18,
      "arabic": "فَهَلْ يَنظُرُونَ إِلَّا ٱلسَّاعَةَ أَن تَأْتِيَهُم بَغْتَةً ۖ فَقَدْ جَآءَ أَشْرَاطُهَا ۚ فَأَنَّىٰ لَهُمْ إِذَا جَآءَتْهُمْ ذِكْرَىٰهُمْ",
      "english": "Then do they await except that the Hour should come upon them unexpectedly? But already there have come [some of] its indications. Then what good to them, when it has come, will be their remembrance?",
      "hausa": "To shin sunã jiran (wani abu)? Fãce S'a ta jẽ musu bisa abke, dõmin lalle sharuɗɗanta sun zo. To, yãya tunãwarsu take, idan har ta jẽ musu?"
    },
    {
      "ayah": 19,
      "arabic": "فَٱعْلَمْ أَنَّهُۥ لَآ إِلَـٰهَ إِلَّا ٱللَّهُ وَٱسْتَغْفِرْ لِذَنۢبِكَ وَلِلْمُؤْمِنِينَ وَٱلْمُؤْمِنَـٰتِ ۗ وَٱللَّهُ يَعْلَمُ مُتَقَلَّبَكُمْ وَمَثْوَىٰكُمْ",
      "english": "So know, [O Muhammad], that there is no deity except Allah and ask forgiveness for your sin and for the believing men and believing women. And Allah knows of your movement and your resting place.",
      "hausa": "Sabõda hakaa ka sani, cẽwa bãbu abin bautãwa fãce Allah, kuma ka nẽmi gãfara ga zunubin, ka, (kuma sabõda mũminai maza da mũminai mãtã kuma Allah Ya san majũyaiku da mazauninku."
    },
    {
      "ayah": 20,
      "arabic": "وَيَقُولُ ٱلَّذِينَ ءَامَنُوا۟ لَوْلَا نُزِّلَتْ سُورَةٌ ۖ فَإِذَآ أُنزِلَتْ سُورَةٌ مُّحْكَمَةٌ وَذُكِرَ فِيهَا ٱلْقِتَالُ ۙ رَأَيْتَ ٱلَّذِينَ فِى قُلُوبِهِم مَّرَضٌ يَنظُرُونَ إِلَيْكَ نَظَرَ ٱلْمَغْشِىِّ عَلَيْهِ مِنَ ٱلْمَوْتِ ۖ فَأَوْلَىٰ لَهُمْ",
      "english": "Those who believe say, \"Why has a surah not been sent down? But when a precise surah is revealed and fighting is mentioned therein, you see those in whose hearts is hypocrisy looking at you with a look of one overcome by death. And more appropriate for them [would have been]",
      "hausa": "Kuma waɗanda suka yi ĩmãni sunã cẽwa: \"Don mẽne ne ba a saukar da wata sũra ba? \"To idan aka saukar da wata sũra, bayyananna, kuma aka ambaci yãƙi a cikinta, zã ka ga waɗanda yake akwai wata cuta a cikin zukatansu sunã kallo zuwa gare ka, irin kallon wanda aka rufe da mãgãgi sabõda mutuwa. To, abin da yake mafĩfĩci a gare su:"
    },
    {
      "ayah": 21,
      "arabic": "طَاعَةٌ وَقَوْلٌ مَّعْرُوفٌ ۚ فَإِذَا عَزَمَ ٱلْأَمْرُ فَلَوْ صَدَقُوا۟ ٱللَّهَ لَكَانَ خَيْرًا لَّهُمْ",
      "english": "Obedience and good words. And when the matter [of fighting] was determined, if they had been true to Allah, it would have been better for them.",
      "hausa": "Yin ɗã'a da magana mai kyau. Sa'an nan idan al'marin ya ƙullu, to, dã sun yi wa Allah gaskiya, lalle dã ya kasance mafifi ci a gare su."
    },
    {
      "ayah": 22,
      "arabic": "فَهَلْ عَسَيْتُمْ إِن تَوَلَّيْتُمْ أَن تُفْسِدُوا۟ فِى ٱلْأَرْضِ وَتُقَطِّعُوٓا۟ أَرْحَامَكُمْ",
      "english": "So would you perhaps, if you turned away, cause corruption on earth and sever your [ties of] relationship?",
      "hausa": "To, shin, kunã fãtan idan kun jũya (daga umurnin) zã ku yi ɓarna a cikin ƙasã, kuma ku yan yanke zumuntarku?"
    },
    {
      "ayah": 23,
      "arabic": "أُو۟لَـٰٓئِكَ ٱلَّذِينَ لَعَنَهُمُ ٱللَّهُ فَأَصَمَّهُمْ وَأَعْمَىٰٓ أَبْصَـٰرَهُمْ",
      "english": "Those [who do so] are the ones that Allah has cursed, so He deafened them and blinded their vision.",
      "hausa": "Waɗannan sũ ne waɗanda Allah Ya la'anẽ su, sa'an nan Ya kurumtar da su, kuma Ya makantar da ganinsu."
    },
    {
      "ayah": 24,
      "arabic": "أَفَلَا يَتَدَبَّرُونَ ٱلْقُرْءَانَ أَمْ عَلَىٰ قُلُوبٍ أَقْفَالُهَآ",
      "english": "Then do they not reflect upon the Qur'an, or are there locks upon [their] hearts?",
      "hausa": "Shin to, bã zã su, kula da Alƙur'ãni ba, kõ kuwa a bin zukã tansu akwai makullansu?"
    },
    {
      "ayah": 25,
      "arabic": "إِنَّ ٱلَّذِينَ ٱرْتَدُّوا۟ عَلَىٰٓ أَدْبَـٰرِهِم مِّنۢ بَعْدِ مَا تَبَيَّنَ لَهُمُ ٱلْهُدَى ۙ ٱلشَّيْطَـٰنُ سَوَّلَ لَهُمْ وَأَمْلَىٰ لَهُمْ",
      "english": "Indeed, those who reverted back [to disbelief] after guidance had become clear to them - Satan enticed them and prolonged hope for them.",
      "hausa": "lalle ne, waɗanda suka kõma bãya a kan dugãdugansu a bãyan shiryuwa tã bayyana a gare su, Shaiɗan ne ya ƙawãta musu (haka), kuma ya yi musu shibta."
    },
    {
      "ayah": 26,
      "arabic": "ذَٰلِكَ بِأَنَّهُمْ قَالُوا۟ لِلَّذِينَ كَرِهُوا۟ مَا نَزَّلَ ٱللَّهُ سَنُطِيعُكُمْ فِى بَعْضِ ٱلْأَمْرِ ۖ وَٱللَّهُ يَعْلَمُ إِسْرَارَهُمْ",
      "english": "That is because they said to those who disliked what Allah sent down, \"We will obey you in part of the matter.\" And Allah knows what they conceal.",
      "hausa": "Wancan, dõmin lalle sũ sun ce wa waɗanda suka ƙi abin da Allah Ya saukar: \"Za mu yi muku ɗã'ã ga sãshen al'amarin,\" alhãli kuwa Allah Yanã sane da gãnawarsu ta asĩri."
    },
    {
      "ayah": 27,
      "arabic": "فَكَيْفَ إِذَا تَوَفَّتْهُمُ ٱلْمَلَـٰٓئِكَةُ يَضْرِبُونَ وُجُوهَهُمْ وَأَدْبَـٰرَهُمْ",
      "english": "Then how [will it be] when the angels take them in death, striking their faces and their backs?",
      "hausa": "To, yãya hãlinsu yake a lõkacin da malã'iku ke karɓar rãyukansu, sunã dũkan fuskõkinsu da ɗuwaiwansu?"
    },
    {
      "ayah": 28,
      "arabic": "ذَٰلِكَ بِأَنَّهُمُ ٱتَّبَعُوا۟ مَآ أَسْخَطَ ٱللَّهَ وَكَرِهُوا۟ رِضْوَٰنَهُۥ فَأَحْبَطَ أَعْمَـٰلَهُمْ",
      "english": "That is because they followed what angered Allah and disliked [what earns] His pleasure, so He rendered worthless their deeds.",
      "hausa": "Wannan, dõmin lalle sũ sun bi abin da ya, fusãtar da Allah kuma sun ƙi yardarSa, sabõda haka Ya ɓãta ayyukansu."
    },
    {
      "ayah": 29,
      "arabic": "أَمْ حَسِبَ ٱلَّذِينَ فِى قُلُوبِهِم مَّرَضٌ أَن لَّن يُخْرِجَ ٱللَّهُ أَضْغَـٰنَهُمْ",
      "english": "Or do those in whose hearts is disease think that Allah would never expose their [feelings of] hatred?",
      "hausa": "Ko kuwa waɗanda ke da wata cũta a cikin zukatansu suna zaton cẽwa Allah ba zai fitar da mugun ƙulle-ƙullen su (ga Musulunci) ba?"
    },
    {
      "ayah": 30,
      "arabic": "وَلَوْ نَشَآءُ لَأَرَيْنَـٰكَهُمْ فَلَعَرَفْتَهُم بِسِيمَـٰهُمْ ۚ وَلَتَعْرِفَنَّهُمْ فِى لَحْنِ ٱلْقَوْلِ ۚ وَٱللَّهُ يَعْلَمُ أَعْمَـٰلَكُمْ",
      "english": "And if We willed, We could show them to you, and you would know them by their mark; but you will surely know them by the tone of [their] speech. And Allah knows your deeds.",
      "hausa": "Kuma dã Munã so, dã lalle Mun nũna maka su. To, lalle kanã sanin su game da alãmarsu. Kuma lalle kanã sanin su ga shaguɓen magana, alhali kuwa Allah Yanã sanin ayyukanku."
    },
    {
      "ayah": 31,
      "arabic": "وَلَنَبْلُوَنَّكُمْ حَتَّىٰ نَعْلَمَ ٱلْمُجَـٰهِدِينَ مِنكُمْ وَٱلصَّـٰبِرِينَ وَنَبْلُوَا۟ أَخْبَارَكُمْ",
      "english": "And We will surely test you until We make evident those who strive among you [for the cause of Allah] and the patient, and We will test your affairs.",
      "hausa": "Kuma lalle ne, Munã jarraba ku, har Mu san mãsu jihãdi daga cikinku da mãsu haƙuri kuma Muna jbrraba lãbãran ku."
    },
    {
      "ayah": 32,
      "arabic": "إِنَّ ٱلَّذِينَ كَفَرُوا۟ وَصَدُّوا۟ عَن سَبِيلِ ٱللَّهِ وَشَآقُّوا۟ ٱلرَّسُولَ مِنۢ بَعْدِ مَا تَبَيَّنَ لَهُمُ ٱلْهُدَىٰ لَن يَضُرُّوا۟ ٱللَّهَ شَيْـًٔا وَسَيُحْبِطُ أَعْمَـٰلَهُمْ",
      "english": "Indeed, those who disbelieved and averted [people] from the path of Allah and opposed the Messenger after guidance had become clear to them - never will they harm Allah at all, and He will render worthless their deeds.",
      "hausa": "Lalle ne, waɗanda suka kãfirta, kuma suka kange daga tafarkin Allah, kuma suka saɓa wa Manzon sa a bãyan shiriyar ta bayyana a gare su, bã za su cũci Allah da kõme ba, kuma zã Ya ɓãta ayyukansu."
    },
    {
      "ayah": 33,
      "arabic": "يَـٰٓأَيُّهَا ٱلَّذِينَ ءَامَنُوٓا۟ أَطِيعُوا۟ ٱللَّهَ وَأَطِيعُوا۟ ٱلرَّسُولَ وَلَا تُبْطِلُوٓا۟ أَعْمَـٰلَكُمْ",
      "english": "O you who have believed, obey Allah and obey the Messenger and do not invalidate your deeds.",
      "hausa": "Yã kũ waɗanda suka yi ĩmãni! Ku yi ɗã'a ga Allah, kuma ku yi ɗa'a ga ManzonSa, kuma kada ku ɓãta ayyukanku."
    },
    {
      "ayah": 34,
      "arabic": "إِنَّ ٱلَّذِينَ كَفَرُوا۟ وَصَدُّوا۟ عَن سَبِيلِ ٱللَّهِ ثُمَّ مَاتُوا۟ وَهُمْ كُفَّارٌ فَلَن يَغْفِرَ ٱللَّهُ لَهُمْ",
      "english": "Indeed, those who disbelieved and averted [people] from the path of Allah and then died while they were disbelievers - never will Allah forgive them.",
      "hausa": "Lalle ne waɗanda suka kãfirta sa'an nan kuma suka kange (mutãne) daga tafarkin Allah, sa'an nan suka mutu, alhãli kuwa sunã kãfirai, to, Allah bã zai yi gãfara ba a gare su."
    },
    {
      "ayah": 35,
      "arabic": "فَلَا تَهِنُوا۟ وَتَدْعُوٓا۟ إِلَى ٱلسَّلْمِ وَأَنتُمُ ٱلْأَعْلَوْنَ وَٱللَّهُ مَعَكُمْ وَلَن يَتِرَكُمْ أَعْمَـٰلَكُمْ",
      "english": "So do not weaken and call for peace while you are superior; and Allah is with you and will never deprive you of [the reward of] your deeds.",
      "hausa": "Sabõda haka kada ku yi rauni, kuma (kada) ku yi kira zũwaga sulhi alhãli kuwa kũ ne mafiɗaukaka kuma Allah na tãre da ku, kuma bã, zai naƙasa muku ayyukanku ba."
    },
    {
      "ayah": 36,
      "arabic": "إِنَّمَا ٱلْحَيَوٰةُ ٱلدُّنْيَا لَعِبٌ وَلَهْوٌ ۚ وَإِن تُؤْمِنُوا۟ وَتَتَّقُوا۟ يُؤْتِكُمْ أُجُورَكُمْ وَلَا يَسْـَٔلْكُمْ أَمْوَٰلَكُمْ",
      "english": "[This] worldly life is only amusement and diversion. And if you believe and fear Allah, He will give you your rewards and not ask you for your properties.",
      "hausa": "Rãyuwar dũniya, wãsã da abin shagala kawai ce, kuma idan kun yi ĩmãni, kuma kun yi taƙawa, Allah zai kãwo muku ijarõrinku, kuma bã zai tambaye ku dũkiyarku ba."
    },
    {
      "ayah": 37,
      "arabic": "إِن يَسْـَٔلْكُمُوهَا فَيُحْفِكُمْ تَبْخَلُوا۟ وَيُخْرِجْ أَضْغَـٰنَكُمْ",
      "english": "If He should ask you for them and press you, you would withhold, and He would expose your unwillingness.",
      "hausa": "Dã Allah zai tambaye ku su (dũkiyõyin) har Ya wajabta muku bãyarwa, zã ku yi rõwa kuma Ya fitar da miyãgun ƙulle-ƙullenku."
    },
    {
      "ayah": 38,
      "arabic": "هَـٰٓأَنتُمْ هَـٰٓؤُلَآءِ تُدْعَوْنَ لِتُنفِقُوا۟ فِى سَبِيلِ ٱللَّهِ فَمِنكُم مَّن يَبْخَلُ ۖ وَمَن يَبْخَلْ فَإِنَّمَا يَبْخَلُ عَن نَّفْسِهِۦ ۚ وَٱللَّهُ ٱلْغَنِىُّ وَأَنتُمُ ٱلْفُقَرَآءُ ۚ وَإِن تَتَوَلَّوْا۟ يَسْتَبْدِلْ قَوْمًا غَيْرَكُمْ ثُمَّ لَا يَكُونُوٓا۟ أَمْثَـٰلَكُم",
      "english": "Here you are - those invited to spend in the cause of Allah - but among you are those who withhold [out of greed]. And whoever withholds only withholds [benefit] from himself; and Allah is the Free of need, while you are the needy. And if you turn away, He will replace you with another people; then they will not be the likes of you.",
      "hausa": "Ga ku, ya ku waɗannan! Anã kiran ku dõmin ku ciyar ga tafarkin Allah, sa'an nan daga cikinku akwai mai yin rõwa. Kuma wanda ke yin rõwa, to, yanã yin rõwar ne ga kansa. Kuma Allah ne wadãtacce alhãli kuwa kũ fãƙĩrai ne. Kuma idan kuka jũya (daga yi Masa ɗã'a), zai musanya waɗansu mutãne waɗansunku sa'an nan bã zã su kasance kwatankwacinku ba."
    }
  ]
}