{
  "surah": 86,
  "hasBasmallah": false,
  "basmallah": "",
  "verses": [
    {
      "ayah": 1,
      "arabic": "وَٱلسَّمَآءِ وَٱلطَّارِقِ",
      "english": "By the sky and the night comer -",
      "hausa": "Inã rantsuwa da sama da mai aukõwa da dare."
    },
    {
      "ayah": 2,
      "arabic": "وَمَآ أَدْرَىٰكَ مَا ٱلطَّارِقُ",
      "english": "And what can make you know what is the night comer?",
      "hausa": "To, mẽ yã sanar da kai abin da ake cẽwa mai aukõwa da dare?"
    },
    {
      "ayah": 3,
      "arabic": "ٱلنَّجْمُ ٱلثَّاقِبُ",
      "english": "It is the piercing star -",
      "hausa": "Shi ne taurãron nan mai tsananin haske."
    },
    {
      "ayah": 4,
      "arabic": "إِن كُلُّ نَفْسٍ لَّمَّا عَلَيْهَا حَافِظٌ",
      "english": "There is no soul but that it has over it a protector.",
      "hausa": "Bãbu wani rai fãce a kansa akwai wani mai tsaro."
    },
    {
      "ayah": 5,
      "arabic": "فَلْيَنظُرِ ٱلْإِنسَـٰنُ مِمَّ خُلِقَ",
      "english": "So let man observe from what he was created.",
      "hausa": "To, mutum ya dũba, daga mẽ aka halittã shi?"
    },
    {
      "ayah": 6,
      "arabic": "خُلِقَ مِن مَّآءٍ دَافِقٍ",
      "english": "He was created from a fluid, ejected,",
      "hausa": "An halittã shi daga wani ruwa mai tunkuɗar jũna."
    },
    {
      "ayah": 7,
      "arabic": "يَخْرُجُ مِنۢ بَيْنِ ٱلصُّلْبِ وَٱلتَّرَآئِبِ",
      "english": "Emerging from between the backbone and the ribs.",
      "hausa": "Yanã fita daga tsakanin tsatso da karankarman ƙirji."
    },
    {
      "ayah": 8,
      "arabic": "إِنَّهُۥ عَلَىٰ رَجْعِهِۦ لَقَادِرٌ",
      "english": "Indeed, Allah, to return him [to life], is Able.",
      "hausa": "Lalle ne Shi (Allah), ga mayar da shi (mutum), tabbas Mai iyãwa ne."
    },
    {
      "ayah": 9,
      "arabic": "يَوْمَ تُبْلَى ٱلسَّرَآئِرُ",
      "english": "The Day when secrets will be put on trial,",
      "hausa": "Rãnar da ake jarrabawar asirai."
    },
    {
      "ayah": 10,
      "arabic": "فَمَا لَهُۥ مِن قُوَّةٍ وَلَا نَاصِرٍ",
      "english": "Then man will have no power or any helper.",
      "hausa": "Saboda haka, bã shi da wani ƙarfi, kuma bã shi da wani mai taimako (da zai iya kãre shi daga azãbar Allah)."
    },
    {
      "ayah": 11,
      "arabic": "وَٱلسَّمَآءِ ذَاتِ ٱلرَّجْعِ",
      "english": "By the sky which returns [rain]",
      "hausa": "Ina rantsuwa da sama ma'abũciyar ruwa mai kõmãwa yana yankẽwa."
    },
    {
      "ayah": 12,
      "arabic": "وَٱلْأَرْضِ ذَاتِ ٱلصَّدْعِ",
      "english": "And [by] the earth which cracks open,",
      "hausa": "Da ƙasa ma'abũciyar tsãgẽwa,"
    },
    {
      "ayah": 13,
      "arabic": "إِنَّهُۥ لَقَوْلٌ فَصْلٌ",
      "english": "Indeed, the Qur'an is a decisive statement,",
      "hausa": "Lalle ne shĩ (Alƙur'ãni), haƙĩƙa magana ce daki-daki"
    },
    {
      "ayah": 14,
      "arabic": "وَمَا هُوَ بِٱلْهَزْلِ",
      "english": "And it is not amusement.",
      "hausa": "Kuma shĩ bã bananci bane"
    },
    {
      "ayah": 15,
      "arabic": "إِنَّهُمْ يَكِيدُونَ كَيْدًا",
      "english": "Indeed, they are planning a plan,",
      "hausa": "Lalle ne sũ, suna ƙulla kaidi na sõsai."
    },
    {
      "ayah": 16,
      "arabic": "وَأَكِيدُ كَيْدًا",
      "english": "But I am planning a plan.",
      "hausa": "Kuma Ni, Ina mayar da kaidi (gare su) kamar yadda suke ƙulla kaidi."
    },
    {
      "ayah": 17,
      "arabic": "فَمَهِّلِ ٱلْكَـٰفِرِينَ أَمْهِلْهُمْ رُوَيْدًۢا",
      "english": "So allow time for the disbelievers. Leave them awhile.",
      "hausa": "Saboda haka, ka yi wa kafirai jinkiri, ka dakata musu, sannu-sannu."
    }
  ]
}