{
  "surah": 35,
  "hasBasmallah": false,
  "basmallah": "",
  "verses": [
    {
      "ayah": 1,
      "arabic": "ٱلْحَمْدُ لِلَّهِ فَاطِرِ ٱلسَّمَـٰوَٰتِ وَٱلْأَرْضِ جَاعِلِ ٱلْمَلَـٰٓئِكَةِ رُسُلًا أُو۟لِىٓ أَجْنِحَةٍ مَّثْنَىٰ وَثُلَـٰثَ وَرُبَـٰعَ ۚ يَزِيدُ فِى ٱلْخَلْقِ مَا يَشَآءُ ۚ إِنَّ ٱللَّهَ عَلَىٰ كُلِّ شَىْءٍ قَدِيرٌ",
      "english": "[All] praise is [due] to Allah, Creator of the heavens and the earth, [who] made the angels messengers having wings, two or three or four. He increases in creation what He wills. Indeed, Allah is over all things competent.",
      "hausa": "Gõdiya ta tabbata ga Allah, Mai fãra halittar sammai da ƙasã, Mai sanya malã'iku manzanni mãsu fukãfukai, bibbiyu, da uku-uku da hurhuɗu. Yanã ƙãrãwar abin da Ya ke so a cikin halittar. Lalle Allah Mai ĩkon yi ne a kan kõme."
    },
    {
      "ayah": 2,
      "arabic": "مَّا يَفْتَحِ ٱللَّهُ لِلنَّاسِ مِن رَّحْمَةٍ فَلَا مُمْسِكَ لَهَا ۖ وَمَا يُمْسِكْ فَلَا مُرْسِلَ لَهُۥ مِنۢ بَعْدِهِۦ ۚ وَهُوَ ٱلْعَزِيزُ ٱلْحَكِيمُ",
      "english": "Whatever Allah grants to people of mercy - none can withhold it; and whatever He withholds - none can release it thereafter. And He is the Exalted in Might, the Wise.",
      "hausa": "Abin da Allah Ya buɗa wa mutãne daga rahama, to, bãbu mai riƙewa a gare shi, kuma abin da Ya riƙe, to, bãbu mai saki a gare shi, waninSa, kuma Shĩ ne Mabuwãyi, Mai hikima."
    },
    {
      "ayah": 3,
      "arabic": "يَـٰٓأَيُّهَا ٱلنَّاسُ ٱذْكُرُوا۟ نِعْمَتَ ٱللَّهِ عَلَيْكُمْ ۚ هَلْ مِنْ خَـٰلِقٍ غَيْرُ ٱللَّهِ يَرْزُقُكُم مِّنَ ٱلسَّمَآءِ وَٱلْأَرْضِ ۚ لَآ إِلَـٰهَ إِلَّا هُوَ ۖ فَأَنَّىٰ تُؤْفَكُونَ",
      "english": "O mankind, remember the favor of Allah upon you. Is there any creator other than Allah who provides for you from the heaven and earth? There is no deity except Him, so how are you deluded?",
      "hausa": "Yã kũ mutãne! Ku tuna ni'imar Allah a kanku. Shin, akwai wani mai halitta wanin Allah da zai azurta ku daga sama da, ƙasã? Bãbu wani abin bautãwa, fãce Shi. To, yãya ake karkatar da ku?"
    },
    {
      "ayah": 4,
      "arabic": "وَإِن يُكَذِّبُوكَ فَقَدْ كُذِّبَتْ رُسُلٌ مِّن قَبْلِكَ ۚ وَإِلَى ٱللَّهِ تُرْجَعُ ٱلْأُمُورُ",
      "english": "And if they deny you, [O Muhammad] - already were messengers denied before you. And to Allah are returned [all] matters.",
      "hausa": "Kuma idan sun ƙaryata ka, to, lalle, an ƙaryata waɗansu Manzanni a gabãninka, kuma zuwa ga Allah ake mayar da al'amura."
    },
    {
      "ayah": 5,
      "arabic": "يَـٰٓأَيُّهَا ٱلنَّاسُ إِنَّ وَعْدَ ٱللَّهِ حَقٌّ ۖ فَلَا تَغُرَّنَّكُمُ ٱلْحَيَوٰةُ ٱلدُّنْيَا ۖ وَلَا يَغُرَّنَّكُم بِٱللَّهِ ٱلْغَرُورُ",
      "english": "O mankind, indeed the promise of Allah is truth, so let not the worldly life delude you and be not deceived about Allah by the Deceiver.",
      "hausa": "Yã kũ mutãne! Lalle wa'adin Allah gaskiya ne, sabõda haka kada rãyuwar dũniya ta rũɗar da ku, kuma kada marũɗi ya rũɗe ku game da Allah."
    },
    {
      "ayah": 6,
      "arabic": "إِنَّ ٱلشَّيْطَـٰنَ لَكُمْ عَدُوٌّ فَٱتَّخِذُوهُ عَدُوًّا ۚ إِنَّمَا يَدْعُوا۟ حِزْبَهُۥ لِيَكُونُوا۟ مِنْ أَصْحَـٰبِ ٱلسَّعِيرِ",
      "english": "Indeed, Satan is an enemy to you; so take him as an enemy. He only invites his party to be among the companions of the Blaze.",
      "hausa": "Lalle Shaiɗan maƙiyi ne a gare ku, sai ku riƙe shi maƙiyi. Yanã kiran ƙungiyarsa kawai ne, dõmin su kasance 'yan sa'ir."
    },
    {
      "ayah": 7,
      "arabic": "ٱلَّذِينَ كَفَرُوا۟ لَهُمْ عَذَابٌ شَدِيدٌ ۖ وَٱلَّذِينَ ءَامَنُوا۟ وَعَمِلُوا۟ ٱلصَّـٰلِحَـٰتِ لَهُم مَّغْفِرَةٌ وَأَجْرٌ كَبِيرٌ",
      "english": "Those who disbelieve will have a severe punishment, and those who believe and do righteous deeds will have forgiveness and great reward.",
      "hausa": "Waɗanda suka kãfirta suna da azãba mai tsanani kuma waɗanda suka yi ĩmãni, kuma suka aikata ayyukan ƙwarai, sunã da wata gãfara da sakamako mai girma."
    },
    {
      "ayah": 8,
      "arabic": "أَفَمَن زُيِّنَ لَهُۥ سُوٓءُ عَمَلِهِۦ فَرَءَاهُ حَسَنًا ۖ فَإِنَّ ٱللَّهَ يُضِلُّ مَن يَشَآءُ وَيَهْدِى مَن يَشَآءُ ۖ فَلَا تَذْهَبْ نَفْسُكَ عَلَيْهِمْ حَسَرَٰتٍ ۚ إِنَّ ٱللَّهَ عَلِيمٌۢ بِمَا يَصْنَعُونَ",
      "english": "Then is one to whom the evil of his deed has been made attractive so he considers it good [like one rightly guided]? For indeed, Allah sends astray whom He wills and guides whom He wills. So do not let yourself perish over them in regret. Indeed, Allah is Knowing of what they do.",
      "hausa": "Shin to, wanda aka ƙawãta masa aikinsa, har ya gan shi mai kyau (yanã daidai da waninsa)? Sabõda haka, lalle, Allah Yanã ɓatar da wanda Yake so, kuma Yanã shiryar da wanda Yake so, sabõda haka kada ranka ya halaka a kansu dômin baƙin ciki. Lalle Allah Masani ne ga abin da suke sanã'antawa."
    },
    {
      "ayah": 9,
      "arabic": "وَٱللَّهُ ٱلَّذِىٓ أَرْسَلَ ٱلرِّيَـٰحَ فَتُثِيرُ سَحَابًا فَسُقْنَـٰهُ إِلَىٰ بَلَدٍ مَّيِّتٍ فَأَحْيَيْنَا بِهِ ٱلْأَرْضَ بَعْدَ مَوْتِهَا ۚ كَذَٰلِكَ ٱلنُّشُورُ",
      "english": "And it is Allah who sends the winds, and they stir the clouds, and We drive them to a dead land and give life thereby to the earth after its lifelessness. Thus is the resurrection.",
      "hausa": "Kuma Allah ne Ya aika da iskõki har su mõtsar da girgije, sa'an nan Mu kõra shi zuwa ga gari matacce, sa'an nan Mu rãyar da ƙasã game da shi a bayan mutuwarta. Kamar wancan ne Tãshin ¡iyãma yake."
    },
    {
      "ayah": 10,
      "arabic": "مَن كَانَ يُرِيدُ ٱلْعِزَّةَ فَلِلَّهِ ٱلْعِزَّةُ جَمِيعًا ۚ إِلَيْهِ يَصْعَدُ ٱلْكَلِمُ ٱلطَّيِّبُ وَٱلْعَمَلُ ٱلصَّـٰلِحُ يَرْفَعُهُۥ ۚ وَٱلَّذِينَ يَمْكُرُونَ ٱلسَّيِّـَٔاتِ لَهُمْ عَذَابٌ شَدِيدٌ ۖ وَمَكْرُ أُو۟لَـٰٓئِكَ هُوَ يَبُورُ",
      "english": "Whoever desires honor [through power] - then to Allah belongs all honor. To Him ascends good speech, and righteous work raises it. But they who plot evil deeds will have a severe punishment, and the plotting of those - it will perish.",
      "hausa": "Wanda ya kasance yanã nẽman wata izza, to, Allah ne da izza gabã ɗaya. zuwa gare Shi magana mai dãɗi ke hawa, kuma aiki na ƙwarai Yanã ɗaukar ta Kuma waɗanda ke yin mãkircin mũnanan ayyuka, sunã da wata azãba mai tsanani, kuma mãkircin waɗannan yanã yin tasgaro."
    },
    {
      "ayah": 11,
      "arabic": "وَٱللَّهُ خَلَقَكُم مِّن تُرَابٍ ثُمَّ مِن نُّطْفَةٍ ثُمَّ جَعَلَكُمْ أَزْوَٰجًا ۚ وَمَا تَحْمِلُ مِنْ أُنثَىٰ وَلَا تَضَعُ إِلَّا بِعِلْمِهِۦ ۚ وَمَا يُعَمَّرُ مِن مُّعَمَّرٍ وَلَا يُنقَصُ مِنْ عُمُرِهِۦٓ إِلَّا فِى كِتَـٰبٍ ۚ إِنَّ ذَٰلِكَ عَلَى ٱللَّهِ يَسِيرٌ",
      "english": "And Allah created you from dust, then from a sperm-drop; then He made you mates. And no female conceives nor does she give birth except with His knowledge. And no aged person is granted [additional] life nor is his lifespan lessened but that it is in a register. Indeed, that for Allah is easy.",
      "hausa": "Kuma Allah ne Ya halitta ku daga turɓãya, sa'an nan daga ɗigon maniyyi, sa'an nan Ya sanya ku surkin maza da mãtã. Kuma wata mace bã ta yin ciki, kuma bã ta haihuwa, fãce da saninSa, kuma bã zã a rãyar da wanda ake rãyarwa ba, kuma bã zã a rage tsawon ransa ba fãce yanã a cikin Littãfi. Lalle, wancan mai sauki ne ga Allah."
    },
    {
      "ayah": 12,
      "arabic": "وَمَا يَسْتَوِى ٱلْبَحْرَانِ هَـٰذَا عَذْبٌ فُرَاتٌ سَآئِغٌ شَرَابُهُۥ وَهَـٰذَا مِلْحٌ أُجَاجٌ ۖ وَمِن كُلٍّ تَأْكُلُونَ لَحْمًا طَرِيًّا وَتَسْتَخْرِجُونَ حِلْيَةً تَلْبَسُونَهَا ۖ وَتَرَى ٱلْفُلْكَ فِيهِ مَوَاخِرَ لِتَبْتَغُوا۟ مِن فَضْلِهِۦ وَلَعَلَّكُمْ تَشْكُرُونَ",
      "english": "And not alike are the two bodies of water. One is fresh and sweet, palatable for drinking, and one is salty and bitter. And from each you eat tender meat and extract ornaments which you wear, and you see the ships plowing through [them] that you might seek of His bounty; and perhaps you will be grateful.",
      "hausa": "Kuma kõguna biyu ba su daidaita: Wannan mai ruwan dãɗi, mai zãƙi, mai sauƙin haɗiya kuma wannan mai ruwan gishiri mai zartsi, kuma daga kõwane, kunã cin wani nama sãbo, kuma kunã fitar da kawa wadda kuke tufantarta, kuma kanã ganin jirãge a cikinsa sunã mãsu gudãna, dõmin ku nẽmo daga falalarSa, kuma ɗammãninku zã ku dinga gõdẽwa."
    },
    {
      "ayah": 13,
      "arabic": "يُولِجُ ٱلَّيْلَ فِى ٱلنَّهَارِ وَيُولِجُ ٱلنَّهَارَ فِى ٱلَّيْلِ وَسَخَّرَ ٱلشَّمْسَ وَٱلْقَمَرَ كُلٌّ يَجْرِى لِأَجَلٍ مُّسَمًّى ۚ ذَٰلِكُمُ ٱللَّهُ رَبُّكُمْ لَهُ ٱلْمُلْكُ ۚ وَٱلَّذِينَ تَدْعُونَ مِن دُونِهِۦ مَا يَمْلِكُونَ مِن قِطْمِيرٍ",
      "english": "He causes the night to enter the day, and He causes the day to enter the night and has subjected the sun and the moon - each running [its course] for a specified term. That is Allah, your Lord; to Him belongs sovereignty. And those whom you invoke other than Him do not possess [as much as] the membrane of a date seed.",
      "hausa": "Yanã shigar da dare a cikin rãna, kuma Yanã shigar da rãna a cikin dare. Kuma Ya hõre rãnã da watã kõwannensu yanã gudãna zuwa ga ajali ambatacce Wannan Shĩ ne Allah, Ubangijinku, gare Shi mulki yake, kuma waɗanda kuke kira waninSa bã su mallakar kõ fãtar gurtsun dabĩno."
    },
    {
      "ayah": 14,
      "arabic": "إِن تَدْعُوهُمْ لَا يَسْمَعُوا۟ دُعَآءَكُمْ وَلَوْ سَمِعُوا۟ مَا ٱسْتَجَابُوا۟ لَكُمْ ۖ وَيَوْمَ ٱلْقِيَـٰمَةِ يَكْفُرُونَ بِشِرْكِكُمْ ۚ وَلَا يُنَبِّئُكَ مِثْلُ خَبِيرٍ",
      "english": "If you invoke them, they do not hear your supplication; and if they heard, they would not respond to you. And on the Day of Resurrection they will deny your association. And none can inform you like [one] Acquainted [with all matters].",
      "hausa": "Idan kun kira su, bã zã su ji kiranku ba, kuma kõ sun jiya, bã zã su karɓa muku ba, kuma a Rãnar ¡iyãma zã su kãfirce wa shirkinku, kuma bãbu mai bã ka lãbãri, kamar wanda ya sani."
    },
    {
      "ayah": 15,
      "arabic": "يَـٰٓأَيُّهَا ٱلنَّاسُ أَنتُمُ ٱلْفُقَرَآءُ إِلَى ٱللَّهِ ۖ وَٱللَّهُ هُوَ ٱلْغَنِىُّ ٱلْحَمِيدُ",
      "english": "O mankind, you are those in need of Allah, while Allah is the Free of need, the Praiseworthy.",
      "hausa": "Yã kũ mutãne! Kũ ne mãsu bukãta zuwa ga Allah, kuma Allah, Shĩ ne Mawadãci, Gõdadde."
    },
    {
      "ayah": 16,
      "arabic": "إِن يَشَأْ يُذْهِبْكُمْ وَيَأْتِ بِخَلْقٍ جَدِيدٍ",
      "english": "If He wills, He can do away with you and bring forth a new creation.",
      "hausa": "Idan Ya so, zai tafi da ku, kuma Ya zo da wata halitta sãbuwa."
    },
    {
      "ayah": 17,
      "arabic": "وَمَا ذَٰلِكَ عَلَى ٱللَّهِ بِعَزِيزٍ",
      "english": "And that is for Allah not difficult.",
      "hausa": "Kuma wancan bai zama mabuwãyi ba ga Allah."
    },
    {
      "ayah": 18,
      "arabic": "وَلَا تَزِرُ وَازِرَةٌ وِزْرَ أُخْرَىٰ ۚ وَإِن تَدْعُ مُثْقَلَةٌ إِلَىٰ حِمْلِهَا لَا يُحْمَلْ مِنْهُ شَىْءٌ وَلَوْ كَانَ ذَا قُرْبَىٰٓ ۗ إِنَّمَا تُنذِرُ ٱلَّذِينَ يَخْشَوْنَ رَبَّهُم بِٱلْغَيْبِ وَأَقَامُوا۟ ٱلصَّلَوٰةَ ۚ وَمَن تَزَكَّىٰ فَإِنَّمَا يَتَزَكَّىٰ لِنَفْسِهِۦ ۚ وَإِلَى ٱللَّهِ ٱلْمَصِيرُ",
      "english": "And no bearer of burdens will bear the burden of another. And if a heavily laden soul calls [another] to [carry some of] its load, nothing of it will be carried, even if he should be a close relative. You can only warn those who fear their Lord unseen and have established prayer. And whoever purifies himself only purifies himself for [the benefit of] his soul. And to Allah is the [final] destination.",
      "hausa": "Kuma wani rai mai ɗaukar nauyi, bai ɗaukar nauyin wani rai. Kuma idan ran da aka nauyaya wa kãya ya yi kira (ga wani mataimaki) zuwa ga kãyansa, bã zã a dauki kõme ba daga gare shi, kuma kõ dã (wanda ake kiran) yã kasance makusancin zumunta ne. Kanã gargaɗi kawai ne ga waɗanda ke tsoron Ubangijinsu a fake, kuma suka tsayar da salla. Kuma wanda ya tsarkake, to, yanã tsarkaka ne dõmin kansa. Kuma zuwa ga Allah kawai makõma take."
    },
    {
      "ayah": 19,
      "arabic": "وَمَا يَسْتَوِى ٱلْأَعْمَىٰ وَٱلْبَصِيرُ",
      "english": "Not equal are the blind and the seeing,",
      "hausa": "Kuma makãho bã ya daidaita da mai gani."
    },
    {
      "ayah": 20,
      "arabic": "وَلَا ٱلظُّلُمَـٰتُ وَلَا ٱلنُّورُ",
      "english": "Nor are the darknesses and the light,",
      "hausa": "Kuma duffai bã su daidaita, kuma haske bã ya daidaita."
    },
    {
      "ayah": 21,
      "arabic": "وَلَا ٱلظِّلُّ وَلَا ٱلْحَرُورُ",
      "english": "Nor are the shade and the heat,",
      "hausa": "Kuma inuwa bã ta daidaita, kuma iskar zãfi bã ta daidaita."
    },
    {
      "ayah": 22,
      "arabic": "وَمَا يَسْتَوِى ٱلْأَحْيَآءُ وَلَا ٱلْأَمْوَٰتُ ۚ إِنَّ ٱللَّهَ يُسْمِعُ مَن يَشَآءُ ۖ وَمَآ أَنتَ بِمُسْمِعٍ مَّن فِى ٱلْقُبُورِ",
      "english": "And not equal are the living and the dead. Indeed, Allah causes to hear whom He wills, but you cannot make hear those in the graves.",
      "hausa": "Kuma rãyayyu bã su daidaita kuma matattu ba su daidaita. Lalle Allah Yanã jiyar da wa'azi ga wanda Ya so, kuma ba ka jiyar da waɗanda suke a cikin kaburbura."
    },
    {
      "ayah": 23,
      "arabic": "إِنْ أَنتَ إِلَّا نَذِيرٌ",
      "english": "You, [O Muhammad], are not but a warner.",
      "hausa": "Ba ka zama ba fãce mai gargaɗi kawai."
    },
    {
      "ayah": 24,
      "arabic": "إِنَّآ أَرْسَلْنَـٰكَ بِٱلْحَقِّ بَشِيرًا وَنَذِيرًا ۚ وَإِن مِّنْ أُمَّةٍ إِلَّا خَلَا فِيهَا نَذِيرٌ",
      "english": "Indeed, We have sent you with the truth as a bringer of good tidings and a warner. And there was no nation but that there had passed within it a warner.",
      "hausa": "Lalle Mũ Mun aike ka da gaskiya, kanã mai bãyar da bushãra kuma mai gargaɗi. Kuma bãbu wata al'umma fãce wani mai gargaɗi yã shũɗe a cikinta."
    },
    {
      "ayah": 25,
      "arabic": "وَإِن يُكَذِّبُوكَ فَقَدْ كَذَّبَ ٱلَّذِينَ مِن قَبْلِهِمْ جَآءَتْهُمْ رُسُلُهُم بِٱلْبَيِّنَـٰتِ وَبِٱلزُّبُرِ وَبِٱلْكِتَـٰبِ ٱلْمُنِيرِ",
      "english": "And if they deny you - then already have those before them denied. Their messengers came to them with clear proofs and written ordinances and with the enlightening Scripture.",
      "hausa": "Kuma idan sunã ƙaryata ka, to, haƙĩƙa, waɗanda suke a gabãninsu sun ƙaryata. Manzanninsu sun jẽ musu da hujjõji, kuma da takardu, kuma da Littafi mai haske."
    },
    {
      "ayah": 26,
      "arabic": "ثُمَّ أَخَذْتُ ٱلَّذِينَ كَفَرُوا۟ ۖ فَكَيْفَ كَانَ نَكِيرِ",
      "english": "Then I seized the ones who disbelieved, and how [terrible] was My reproach.",
      "hausa": "Sa'an nan Na kãma waɗanda suka kãfirta. To, yãya musũNa yake?"
    },
    {
      "ayah": 27,
      "arabic": "أَلَمْ تَرَ أَنَّ ٱللَّهَ أَنزَلَ مِنَ ٱلسَّمَآءِ مَآءً فَأَخْرَجْنَا بِهِۦ ثَمَرَٰتٍ مُّخْتَلِفًا أَلْوَٰنُهَا ۚ وَمِنَ ٱلْجِبَالِ جُدَدٌۢ بِيضٌ وَحُمْرٌ مُّخْتَلِفٌ أَلْوَٰنُهَا وَغَرَابِيبُ سُودٌ",
      "english": "Do you not see that Allah sends down rain from the sky, and We produce thereby fruits of varying colors? And in the mountains are tracts, white and red of varying shades and [some] extremely black.",
      "hausa": "Ba ka gani ba, lalle Allah Ya saukar da ruwa daga sama? Sai Muka fitar, game da shi,'yã'yan itãce mãsu sãɓanin launuka kuma daga duwatsu akwai zane-zane, farfaru da jãjãye, mãsu sãɓanin launin, da mãsu launin baƙin ƙarfe, baƙãƙe."
    },
    {
      "ayah": 28,
      "arabic": "وَمِنَ ٱلنَّاسِ وَٱلدَّوَآبِّ وَٱلْأَنْعَـٰمِ مُخْتَلِفٌ أَلْوَٰنُهُۥ كَذَٰلِكَ ۗ إِنَّمَا يَخْشَى ٱللَّهَ مِنْ عِبَادِهِ ٱلْعُلَمَـٰٓؤُا۟ ۗ إِنَّ ٱللَّهَ عَزِيزٌ غَفُورٌ",
      "english": "And among people and moving creatures and grazing livestock are various colors similarly. Only those fear Allah, from among His servants, who have knowledge. Indeed, Allah is Exalted in Might and Forgiving.",
      "hausa": "Kuma daga mutãne da dabbõbi da bisãshen gida, mãsu sãɓãnin launinsu kamar wancan. Malamai kawai ke tsõron Allah daga cikin bãyinSa. Lalle, Allah, Mabuwãyi ne, Mai gãfara."
    },
    {
      "ayah": 29,
      "arabic": "إِنَّ ٱلَّذِينَ يَتْلُونَ كِتَـٰبَ ٱللَّهِ وَأَقَامُوا۟ ٱلصَّلَوٰةَ وَأَنفَقُوا۟ مِمَّا رَزَقْنَـٰهُمْ سِرًّا وَعَلَانِيَةً يَرْجُونَ تِجَـٰرَةً لَّن تَبُورَ",
      "english": "Indeed, those who recite the Book of Allah and establish prayer and spend [in His cause] out of what We have provided them, secretly and publicly, [can] expect a profit that will never perish -",
      "hausa": "Lalle waɗanda ke karãtun Littãfin Allah kuma suka tsayar da salla, kuma suka ciyar daga abin da Muka azurta su da shi, a asirce da bayyane, sunã fãtan (sãmun) wani fatauci ne wanda bã ya yin tasgaro."
    },
    {
      "ayah": 30,
      "arabic": "لِيُوَفِّيَهُمْ أُجُورَهُمْ وَيَزِيدَهُم مِّن فَضْلِهِۦٓ ۚ إِنَّهُۥ غَفُورٌ شَكُورٌ",
      "english": "That He may give them in full their rewards and increase for them of His bounty. Indeed, He is Forgiving and Appreciative.",
      "hausa": "Dõmin (Allah) zai cika musu sakamakonsu, kuma Ya ƙarã musu daga falalarSa. Lalle Shi Mai gãfara ne, Mai gõdiya."
    },
    {
      "ayah": 31,
      "arabic": "وَٱلَّذِىٓ أَوْحَيْنَآ إِلَيْكَ مِنَ ٱلْكِتَـٰبِ هُوَ ٱلْحَقُّ مُصَدِّقًا لِّمَا بَيْنَ يَدَيْهِ ۗ إِنَّ ٱللَّهَ بِعِبَادِهِۦ لَخَبِيرٌۢ بَصِيرٌ",
      "english": "And that which We have revealed to you, [O Muhammad], of the Book is the truth, confirming what was before it. Indeed, Allah, of His servants, is Acquainted and Seeing.",
      "hausa": "Kuma abin da Muka yi wahayi zuwa gare ka, daga Littãfi,"
    },
    {
      "ayah": 32,
      "arabic": "ثُمَّ أَوْرَثْنَا ٱلْكِتَـٰبَ ٱلَّذِينَ ٱصْطَفَيْنَا مِنْ عِبَادِنَا ۖ فَمِنْهُمْ ظَالِمٌ لِّنَفْسِهِۦ وَمِنْهُم مُّقْتَصِدٌ وَمِنْهُمْ سَابِقٌۢ بِٱلْخَيْرَٰتِ بِإِذْنِ ٱللَّهِ ۚ ذَٰلِكَ هُوَ ٱلْفَضْلُ ٱلْكَبِيرُ",
      "english": "Then we caused to inherit the Book those We have chosen of Our servants; and among them is he who wrongs himself, and among them is he who is moderate, and among them is he who is foremost in good deeds by permission of Allah. That [inheritance] is what is the great bounty.",
      "hausa": "Sa'an nan Mun gãdar da Littãfin, ga waɗanda Muka zãɓa daga bãyinMu, sa'an nan daga cikinsu, akwai mai zãlunci ga kansa, kuma daga cikinsu akwai mai tsakaitãwa, kuma daga cikinsu akwai mai tsẽrẽwa da ayyukan alhẽri da iznin Allah. Waccan ita ce falalar (Allah) mai girma."
    },
    {
      "ayah": 33,
      "arabic": "جَنَّـٰتُ عَدْنٍ يَدْخُلُونَهَا يُحَلَّوْنَ فِيهَا مِنْ أَسَاوِرَ مِن ذَهَبٍ وَلُؤْلُؤًا ۖ وَلِبَاسُهُمْ فِيهَا حَرِيرٌ",
      "english": "[For them are] gardens of perpetual residence which they will enter. They will be adorned therein with bracelets of gold and pearls, and their garments therein will be silk.",
      "hausa": "Gidãjen Aljannar zamã sunã shigar su. Anã ƙawãce su a cikinsu, da ƙawã ta mundãye daga zĩnãriya da lu'ulu'u, kuma tufãfinsu, a cikinsu alharĩni ne."
    },
    {
      "ayah": 34,
      "arabic": "وَقَالُوا۟ ٱلْحَمْدُ لِلَّهِ ٱلَّذِىٓ أَذْهَبَ عَنَّا ٱلْحَزَنَ ۖ إِنَّ رَبَّنَا لَغَفُورٌ شَكُورٌ",
      "english": "And they will say, \"Praise to Allah, who has removed from us [all] sorrow. Indeed, our Lord is Forgiving and Appreciative -",
      "hausa": "Kuma suka ce: \"Godiya ta tabbata ga Allah Wanda Ya tafiyar da baƙin ciki daga gare mu. Lalle Ubangijinmu, haƙĩƙa Mai gafarane, Mai godiya.\""
    },
    {
      "ayah": 35,
      "arabic": "ٱلَّذِىٓ أَحَلَّنَا دَارَ ٱلْمُقَامَةِ مِن فَضْلِهِۦ لَا يَمَسُّنَا فِيهَا نَصَبٌ وَلَا يَمَسُّنَا فِيهَا لُغُوبٌ",
      "english": "He who has settled us in the home of duration out of His bounty. There touches us not in it any fatigue, and there touches us not in it weariness [of mind].\"",
      "hausa": "\"Wanda Ya saukar da mu a gidan zamã, daga falalarSa, wata wahala bã ta shãfar mu a cikinsa, kuma wata kãsãwa bã ta shãfar mu a cikinsa.\""
    },
    {
      "ayah": 36,
      "arabic": "وَٱلَّذِينَ كَفَرُوا۟ لَهُمْ نَارُ جَهَنَّمَ لَا يُقْضَىٰ عَلَيْهِمْ فَيَمُوتُوا۟ وَلَا يُخَفَّفُ عَنْهُم مِّنْ عَذَابِهَا ۚ كَذَٰلِكَ نَجْزِى كُلَّ كَفُورٍ",
      "english": "And for those who disbelieve will be the fire of Hell. [Death] is not decreed for them so they may die, nor will its torment be lightened for them. Thus do we recompense every ungrateful one.",
      "hausa": "Kuma waɗanda suka kãfirta sunã da wutar Jahannama, bã a yin hukunci a kansu balle su mutu kuma bã a sauƙaƙa musu daga azãbarta. Kamar haka Muke sãka wa kõwane mai yawan kãfirci."
    },
    {
      "ayah": 37,
      "arabic": "وَهُمْ يَصْطَرِخُونَ فِيهَا رَبَّنَآ أَخْرِجْنَا نَعْمَلْ صَـٰلِحًا غَيْرَ ٱلَّذِى كُنَّا نَعْمَلُ ۚ أَوَلَمْ نُعَمِّرْكُم مَّا يَتَذَكَّرُ فِيهِ مَن تَذَكَّرَ وَجَآءَكُمُ ٱلنَّذِيرُ ۖ فَذُوقُوا۟ فَمَا لِلظَّـٰلِمِينَ مِن نَّصِيرٍ",
      "english": "And they will cry out therein, \"Our Lord, remove us; we will do righteousness - other than what we were doing!\" But did We not grant you life enough for whoever would remember therein to remember, and the warner had come to you? So taste [the punishment], for there is not for the wrongdoers any helper.",
      "hausa": "Kuma sũ, sunã hargõwar nẽman ãgaji a cikinta. (Sunã cẽwa) \"Yã Ubangijinmu! Ka fitar da mu, mu aikata aiki mai kyau, wanin wanda muka kasance munã aikatãwa.\" Ashe, kuma, ba Mu rãyar da ku ba, abin da mai tunãni zai iya yin tunãni a ciki, kuma mai gargaɗi yã jẽ muku? To, ku ɗanɗana, sabõda haka bãbu wani mataimaki, ga azzãlumai."
    },
    {
      "ayah": 38,
      "arabic": "إِنَّ ٱللَّهَ عَـٰلِمُ غَيْبِ ٱلسَّمَـٰوَٰتِ وَٱلْأَرْضِ ۚ إِنَّهُۥ عَلِيمٌۢ بِذَاتِ ٱلصُّدُورِ",
      "english": "Indeed, Allah is Knower of the unseen [aspects] of the heavens and earth. Indeed, He is Knowing of that within the breasts.",
      "hausa": "Lalle Allah ne Masanin gaibin sammai da ƙasã. Lalle Shĩ ne Masani ga abin da yake ainihin zukata."
    },
    {
      "ayah": 39,
      "arabic": "هُوَ ٱلَّذِى جَعَلَكُمْ خَلَـٰٓئِفَ فِى ٱلْأَرْضِ ۚ فَمَن كَفَرَ فَعَلَيْهِ كُفْرُهُۥ ۖ وَلَا يَزِيدُ ٱلْكَـٰفِرِينَ كُفْرُهُمْ عِندَ رَبِّهِمْ إِلَّا مَقْتًا ۖ وَلَا يَزِيدُ ٱلْكَـٰفِرِينَ كُفْرُهُمْ إِلَّا خَسَارًا",
      "english": "It is He who has made you successors upon the earth. And whoever disbelieves - upon him will be [the consequence of] his disbelief. And the disbelief of the disbelievers does not increase them in the sight of their Lord except in hatred; and the disbelief of the disbelievers does not increase them except in loss.",
      "hausa": "Shĩ ne Wanda Ya sanya ku mãsu maye wa junã, a cikin ƙasã. To, wanda ya kãfirta, to, kãfircinsa yanã a kansa. Kuma kãfircin kãfirai bã ya kãra musu kõme fãce baƙin jini, kuma kãfircin kãfirai bã ya kãra musu kõme face hasãra."
    },
    {
      "ayah": 40,
      "arabic": "قُلْ أَرَءَيْتُمْ شُرَكَآءَكُمُ ٱلَّذِينَ تَدْعُونَ مِن دُونِ ٱللَّهِ أَرُونِى مَاذَا خَلَقُوا۟ مِنَ ٱلْأَرْضِ أَمْ لَهُمْ شِرْكٌ فِى ٱلسَّمَـٰوَٰتِ أَمْ ءَاتَيْنَـٰهُمْ كِتَـٰبًا فَهُمْ عَلَىٰ بَيِّنَتٍ مِّنْهُ ۚ بَلْ إِن يَعِدُ ٱلظَّـٰلِمُونَ بَعْضُهُم بَعْضًا إِلَّا غُرُورًا",
      "english": "Say, \"Have you considered your 'partners' whom you invoke besides Allah? Show me what they have created from the earth, or have they partnership [with Him] in the heavens? Or have We given them a book so they are [standing] on evidence therefrom? [No], rather, the wrongdoers do not promise each other except delusion.\"",
      "hausa": "Ka ce: \"Shin, kun ga abũbuwan shirkinku, waɗanda kuke kira, wasun Allah? Ku nũna mini, mẽne ne suka halitta daga ƙasã? Kõ sunã da tãrayya ne a cikin sammai? Kõ kuma Mun bã su wani littãfi ne sabõda haka sunã a kan wata hujja ce daga gare shi? Ã'a, azzãlumai bã su yin wani wa'adi, sãshensu zuwa ga sãshe, fãce rũɗi.\""
    },
    {
      "ayah": 41,
      "arabic": "إِنَّ ٱللَّهَ يُمْسِكُ ٱلسَّمَـٰوَٰتِ وَٱلْأَرْضَ أَن تَزُولَا ۚ وَلَئِن زَالَتَآ إِنْ أَمْسَكَهُمَا مِنْ أَحَدٍ مِّنۢ بَعْدِهِۦٓ ۚ إِنَّهُۥ كَانَ حَلِيمًا غَفُورًا",
      "english": "Indeed, Allah holds the heavens and the earth, lest they cease. And if they should cease, no one could hold them [in place] after Him. Indeed, He is Forbearing and Forgiving.",
      "hausa": "Lalle Allah Yanã riƙe sammai da ƙasã dõmin kada su gushe. Kuma haƙĩƙa, idan sun gushe, bãbu wani baicinSa da zai riƙe su. Lalle Shi Yã kasance Mai haƙuri, Mai gãfara."
    },
    {
      "ayah": 42,
      "arabic": "وَأَقْسَمُوا۟ بِٱللَّهِ جَهْدَ أَيْمَـٰنِهِمْ لَئِن جَآءَهُمْ نَذِيرٌ لَّيَكُونُنَّ أَهْدَىٰ مِنْ إِحْدَى ٱلْأُمَمِ ۖ فَلَمَّا جَآءَهُمْ نَذِيرٌ مَّا زَادَهُمْ إِلَّا نُفُورًا",
      "english": "And they swore by Allah their strongest oaths that if a warner came to them, they would be more guided than [any] one of the [previous] nations. But when a warner came to them, it did not increase them except in aversion.",
      "hausa": "Kuma suka yi rantsuwa da Allah, mafi nauyin rantsuwarsu, \"Lalle, idan wani mai gargaɗi ya zo musu tabbas zã su kasance mafi shiryuwa, daga ɗayan al'ummõmi.\" To, a lõkacin da mai gargaɗi ya jẽ musu, bai ƙarã su da kõme ba fãce gudu."
    },
    {
      "ayah": 43,
      "arabic": "ٱسْتِكْبَارًا فِى ٱلْأَرْضِ وَمَكْرَ ٱلسَّيِّئِ ۚ وَلَا يَحِيقُ ٱلْمَكْرُ ٱلسَّيِّئُ إِلَّا بِأَهْلِهِۦ ۚ فَهَلْ يَنظُرُونَ إِلَّا سُنَّتَ ٱلْأَوَّلِينَ ۚ فَلَن تَجِدَ لِسُنَّتِ ٱللَّهِ تَبْدِيلًا ۖ وَلَن تَجِدَ لِسُنَّتِ ٱللَّهِ تَحْوِيلًا",
      "english": "[Due to] arrogance in the land and plotting of evil; but the evil plot does not encompass except its own people. Then do they await except the way of the former peoples? But you will never find in the way of Allah any change, and you will never find in the way of Allah any alteration.",
      "hausa": "Dõmin nũna girman kai a cikin ƙasã da mãkircin cũta. Kuma mãkirci na cũta bã ya fãdãwa fãce a kan mutãnensa. To shin sunã jiran (wani abu ne) fãce dai hanyar (kãfiran) farko. To, bã zã ka sãmi musanya ba ga hanyar Allah. Kuma bã zã ka sãmi jũyarwa ba ga hanyar Allah."
    },
    {
      "ayah": 44,
      "arabic": "أَوَلَمْ يَسِيرُوا۟ فِى ٱلْأَرْضِ فَيَنظُرُوا۟ كَيْفَ كَانَ عَـٰقِبَةُ ٱلَّذِينَ مِن قَبْلِهِمْ وَكَانُوٓا۟ أَشَدَّ مِنْهُمْ قُوَّةً ۚ وَمَا كَانَ ٱللَّهُ لِيُعْجِزَهُۥ مِن شَىْءٍ فِى ٱلسَّمَـٰوَٰتِ وَلَا فِى ٱلْأَرْضِ ۚ إِنَّهُۥ كَانَ عَلِيمًا قَدِيرًا",
      "english": "Have they not traveled through the land and observed how was the end of those before them? And they were greater than them in power. But Allah is not to be caused failure by anything in the heavens or on the earth. Indeed, He is ever Knowing and Competent.",
      "hausa": "Ashe, kuma ba su yi tafiya ba, a cikin ƙasã, dõmin su dũba yadda ãƙibar waɗannan da suke a gabãninsu ta kasance? Alhãli kuwa sun kasance mafĩfĩta ƙarfi daga gare su? Kuma Allah bai kasance wani abu nã iya rinjãyarSa ba, a cikin sammai, kuma haka a cikin kaƙã. Lalle Shi ne Ya kasance Masani, Mai ĩkon yi."
    },
    {
      "ayah": 45,
      "arabic": "وَلَوْ يُؤَاخِذُ ٱللَّهُ ٱلنَّاسَ بِمَا كَسَبُوا۟ مَا تَرَكَ عَلَىٰ ظَهْرِهَا مِن دَآبَّةٍ وَلَـٰكِن يُؤَخِّرُهُمْ إِلَىٰٓ أَجَلٍ مُّسَمًّى ۖ فَإِذَا جَآءَ أَجَلُهُمْ فَإِنَّ ٱللَّهَ كَانَ بِعِبَادِهِۦ بَصِيرًۢا",
      "english": "And if Allah were to impose blame on the people for what they have earned, He would not leave upon the earth any creature. But He defers them for a specified term. And when their time comes, then indeed Allah has ever been, of His servants, Seeing.",
      "hausa": "Kuma dã Allah Yanã kãma mutãne sabõda abin da suka aikata, dã bai bar wata dabba ba a kanta (kasã). Amma Yanã jinkirta musu zuwa ga ajalin da aka ambatã. Sa'an nan idan ajalinsu ya zo, to, lalle Allah yã kasance Mai gani ga bãyinSa."
    }
  ]
}