{
  "surah": 12,
  "hasBasmallah": false,
  "basmallah": "",
  "verses": [
    {
      "ayah": 1,
      "arabic": "الٓر ۚ تِلْكَ ءَايَـٰتُ ٱلْكِتَـٰبِ ٱلْمُبِينِ",
      "english": "Alif, Lam, Ra. These are the verses of the clear Book.",
      "hausa": "A. L̃.R. Waɗancan ãyoyin Littãfi mai bayyanãwa ne."
    },
    {
      "ayah": 2,
      "arabic": "إِنَّآ أَنزَلْنَـٰهُ قُرْءَٰنًا عَرَبِيًّا لَّعَلَّكُمْ تَعْقِلُونَ",
      "english": "Indeed, We have sent it down as an Arabic Qur'an that you might understand.",
      "hausa": "Lalle ne Mũ, Mun saukar da shi, yanã abin karantãwa na Lãrabci; tsammãninkũ, kunã hankalta."
    },
    {
      "ayah": 3,
      "arabic": "نَحْنُ نَقُصُّ عَلَيْكَ أَحْسَنَ ٱلْقَصَصِ بِمَآ أَوْحَيْنَآ إِلَيْكَ هَـٰذَا ٱلْقُرْءَانَ وَإِن كُنتَ مِن قَبْلِهِۦ لَمِنَ ٱلْغَـٰفِلِينَ",
      "english": "We relate to you, [O Muhammad], the best of stories in what We have revealed to you of this Qur'an although you were, before it, among the unaware.",
      "hausa": "Mũ, Munã bãyar da lãbãri a gare ka, mafi kyãwon lãbãri ga abin da Muka yi wahayin wannan Alƙur'ãni zuwa gare ka. Kuma lalle ne kã kasance a gabãninsa, haƙĩƙa, daga gafalallu."
    },
    {
      "ayah": 4,
      "arabic": "إِذْ قَالَ يُوسُفُ لِأَبِيهِ يَـٰٓأَبَتِ إِنِّى رَأَيْتُ أَحَدَ عَشَرَ كَوْكَبًا وَٱلشَّمْسَ وَٱلْقَمَرَ رَأَيْتُهُمْ لِى سَـٰجِدِينَ",
      "english": "[Of these stories mention] when Joseph said to his father, \"O my father, indeed I have seen [in a dream] eleven stars and the sun and the moon; I saw them prostrating to me.\"",
      "hausa": "A lõkacin da Yũsufu ya ce wa ubansa, \"Yã bãba! Lalle ne nĩ, nã ga taurãri gõma shã ɗaya, da rãnã da watã. Na gan su sunã mãsu sujada a gare ni.\""
    },
    {
      "ayah": 5,
      "arabic": "قَالَ يَـٰبُنَىَّ لَا تَقْصُصْ رُءْيَاكَ عَلَىٰٓ إِخْوَتِكَ فَيَكِيدُوا۟ لَكَ كَيْدًا ۖ إِنَّ ٱلشَّيْطَـٰنَ لِلْإِنسَـٰنِ عَدُوٌّ مُّبِينٌ",
      "english": "He said, \"O my son, do not relate your vision to your brothers or they will contrive against you a plan. Indeed Satan, to man, is a manifest enemy.",
      "hausa": "Ya ce: \"Ya ƙaramin ɗãna! Kada ka faɗi mafarkinka ga 'yan'uwanka, har su ƙulla maka wani kaidi. Lalle ne Shaidan ga mutum, haƙĩƙa, maƙiyi ne bayyanãnne."
    },
    {
      "ayah": 6,
      "arabic": "وَكَذَٰلِكَ يَجْتَبِيكَ رَبُّكَ وَيُعَلِّمُكَ مِن تَأْوِيلِ ٱلْأَحَادِيثِ وَيُتِمُّ نِعْمَتَهُۥ عَلَيْكَ وَعَلَىٰٓ ءَالِ يَعْقُوبَ كَمَآ أَتَمَّهَا عَلَىٰٓ أَبَوَيْكَ مِن قَبْلُ إِبْرَٰهِيمَ وَإِسْحَـٰقَ ۚ إِنَّ رَبَّكَ عَلِيمٌ حَكِيمٌ",
      "english": "And thus will your Lord choose you and teach you the interpretation of narratives and complete His favor upon you and upon the family of Jacob, as He completed it upon your fathers before, Abraham and Isaac. Indeed, your Lord is Knowing and Wise.\"",
      "hausa": "\"Kuma kãmar wancan ne, Ubangijinka Yake zãɓen ka, kuma Ya sanar da kai daga fassarar lãbãrai, kuma ya cika ni'imõminSa a kanka, kuma a kan gidan Yãƙũba kãmar yadda ya cika su a kan ubanninka biyu, a gabãni, Ibrãhĩm da Is'hãƙa. Lalle Ubangijinka ne Masani, Mai hikima.\""
    },
    {
      "ayah": 7,
      "arabic": "لَّقَدْ كَانَ فِى يُوسُفَ وَإِخْوَتِهِۦٓ ءَايَـٰتٌ لِّلسَّآئِلِينَ",
      "english": "Certainly were there in Joseph and his brothers signs for those who ask,",
      "hausa": "Lalle ne, haƙĩƙa, ãyõyi sun kasance ga Yũsufu da 'yan'uwansa dõmin mãsu tambaya."
    },
    {
      "ayah": 8,
      "arabic": "إِذْ قَالُوا۟ لَيُوسُفُ وَأَخُوهُ أَحَبُّ إِلَىٰٓ أَبِينَا مِنَّا وَنَحْنُ عُصْبَةٌ إِنَّ أَبَانَا لَفِى ضَلَـٰلٍ مُّبِينٍ",
      "english": "When they said, \"Joseph and his brother are more beloved to our father than we, while we are a clan. Indeed, our father is in clear error.",
      "hausa": "A lõkacin da suka ce: lalle ne Yũsufu da ɗan'uwansa ne mafiya sõyuwa ga ubanmu daga gare mu, alhãli kuwa mũ jama'a guda ne. Lalle ubanmu, haƙĩƙa, yanã cikin ɓata bayyananniya."
    },
    {
      "ayah": 9,
      "arabic": "ٱقْتُلُوا۟ يُوسُفَ أَوِ ٱطْرَحُوهُ أَرْضًا يَخْلُ لَكُمْ وَجْهُ أَبِيكُمْ وَتَكُونُوا۟ مِنۢ بَعْدِهِۦ قَوْمًا صَـٰلِحِينَ",
      "english": "Kill Joseph or cast him out to [another] land; the countenance of your father will [then] be only for you, and you will be after that a righteous people.\"",
      "hausa": "Ku kashe Yũsufu, kõ kuwa ku jẽfa shi a wata ƙasa, fuskar ubanku ta wõfinta sabõda ku, kuma ku kasance a bãyansa mutãne sãlihai."
    },
    {
      "ayah": 10,
      "arabic": "قَالَ قَآئِلٌ مِّنْهُمْ لَا تَقْتُلُوا۟ يُوسُفَ وَأَلْقُوهُ فِى غَيَـٰبَتِ ٱلْجُبِّ يَلْتَقِطْهُ بَعْضُ ٱلسَّيَّارَةِ إِن كُنتُمْ فَـٰعِلِينَ",
      "english": "Said a speaker among them, \"Do not kill Joseph but throw him into the bottom of the well; some travelers will pick him up - if you would do [something].\"",
      "hausa": "Wani mai magana daga cikinsu ya ce: \"Kada ku kashe Yũsufu. Ku jẽfa shi a cikin duhun rĩjiya, wasu matafiya su tsince shi, idan kun kasance mãsu aikatãwa ne.\""
    },
    {
      "ayah": 11,
      "arabic": "قَالُوا۟ يَـٰٓأَبَانَا مَا لَكَ لَا تَأْمَ۫نَّا عَلَىٰ يُوسُفَ وَإِنَّا لَهُۥ لَنَـٰصِحُونَ",
      "english": "They said, \"O our father, why do you not entrust us with Joseph while indeed, we are to him sincere counselors?",
      "hausa": "Suka ce: \"Yã bãbanmu! Mẽne ne a gare ka ba ka amince mana ba a kan Yũsufu, alhãlikuwa lalle ne mũ, haƙãƙa mãsu nashĩha muke a gare shi?\""
    },
    {
      "ayah": 12,
      "arabic": "أَرْسِلْهُ مَعَنَا غَدًا يَرْتَعْ وَيَلْعَبْ وَإِنَّا لَهُۥ لَحَـٰفِظُونَ",
      "english": "Send him with us tomorrow that he may eat well and play. And indeed, we will be his guardians.",
      "hausa": "\"Ka bar shi tãre da mu a gõbe, ya ji dãɗi, kuma ya yi wãsa. Kuma lalle ne mu, a gare shi, mãsu tsaro ne.\""
    },
    {
      "ayah": 13,
      "arabic": "قَالَ إِنِّى لَيَحْزُنُنِىٓ أَن تَذْهَبُوا۟ بِهِۦ وَأَخَافُ أَن يَأْكُلَهُ ٱلذِّئْبُ وَأَنتُمْ عَنْهُ غَـٰفِلُونَ",
      "english": "[Jacob] said, \"Indeed, it saddens me that you should take him, and I fear that a wolf would eat him while you are of him unaware.\"",
      "hausa": "Ya ce: \"Lalle ne ni, haƙãƙa yanã ɓãta mini rai ku tafii da shi, Kuma inã tsõron kerkẽci ya cinye shi, alhãli ku kuwa kunã mãsu shagala daga gare shi.\""
    },
    {
      "ayah": 14,
      "arabic": "قَالُوا۟ لَئِنْ أَكَلَهُ ٱلذِّئْبُ وَنَحْنُ عُصْبَةٌ إِنَّآ إِذًا لَّخَـٰسِرُونَ",
      "english": "They said, \"If a wolf should eat him while we are a [strong] clan, indeed, we would then be losers.\"",
      "hausa": "Suka ce: \"Haƙĩƙa idan kerkẽci ya cinye shi, alhãli kuwa munã dangin jũna, lalle ne mũ, a sa'an nan, hakĩka, mun zama mãsu hasãra.\""
    },
    {
      "ayah": 15,
      "arabic": "فَلَمَّا ذَهَبُوا۟ بِهِۦ وَأَجْمَعُوٓا۟ أَن يَجْعَلُوهُ فِى غَيَـٰبَتِ ٱلْجُبِّ ۚ وَأَوْحَيْنَآ إِلَيْهِ لَتُنَبِّئَنَّهُم بِأَمْرِهِمْ هَـٰذَا وَهُمْ لَا يَشْعُرُونَ",
      "english": "So when they took him [out] and agreed to put him into the bottom of the well... But We inspired to him, \"You will surely inform them [someday] about this affair of theirs while they do not perceive [your identity].\"",
      "hausa": "To, a lõkacin da suka tafi da shi, kuma suka yi niyyar su sanya shi a cikin duhun rĩjiya, Muka yi wahayi zuwa gare shi, \"Lalle ne, kanã bã su lãbari game da wannan al'amari nãsu, kuma sũ ba su sani ba.\""
    },
    {
      "ayah": 16,
      "arabic": "وَجَآءُوٓ أَبَاهُمْ عِشَآءً يَبْكُونَ",
      "english": "And they came to their father at night, weeping.",
      "hausa": "Kuma suka je wa ubansu da dare sunã kũka."
    },
    {
      "ayah": 17,
      "arabic": "قَالُوا۟ يَـٰٓأَبَانَآ إِنَّا ذَهَبْنَا نَسْتَبِقُ وَتَرَكْنَا يُوسُفَ عِندَ مَتَـٰعِنَا فَأَكَلَهُ ٱلذِّئْبُ ۖ وَمَآ أَنتَ بِمُؤْمِنٍ لَّنَا وَلَوْ كُنَّا صَـٰدِقِينَ",
      "english": "They said, \"O our father, indeed we went racing each other and left Joseph with our possessions, and a wolf ate him. But you would not believe us, even if we were truthful.\"",
      "hausa": "Suka ce: \"Yã bãbanmu! Lalle ne, mun tafi munã tsẽre, kuma muka bar Yusufu a wurin kãyanmu, sai kerkẽci ya cinye shi, kuma kai, bã mai amincẽwa da mu ba ne, kuma kõ dã mun kasance mãsu gaskiya!\"_"
    },
    {
      "ayah": 18,
      "arabic": "وَجَآءُو عَلَىٰ قَمِيصِهِۦ بِدَمٍ كَذِبٍ ۚ قَالَ بَلْ سَوَّلَتْ لَكُمْ أَنفُسُكُمْ أَمْرًا ۖ فَصَبْرٌ جَمِيلٌ ۖ وَٱللَّهُ ٱلْمُسْتَعَانُ عَلَىٰ مَا تَصِفُونَ",
      "english": "And they brought upon his shirt false blood. [Jacob] said, \"Rather, your souls have enticed you to something, so patience is most fitting. And Allah is the one sought for help against that which you describe.\"",
      "hausa": "Kuma suka je, a jikin rigarsa akwai wani jinin ƙarya. Ya ce: \"Ã'a, zukatanku suka ƙawãta muku wani al'amari. Sai haƙuri mai kyau! Kuma Allah ne wanda ake nẽman taimako (a gunSa) a kan abin da kuke siffantãwa.\""
    },
    {
      "ayah": 19,
      "arabic": "وَجَآءَتْ سَيَّارَةٌ فَأَرْسَلُوا۟ وَارِدَهُمْ فَأَدْلَىٰ دَلْوَهُۥ ۖ قَالَ يَـٰبُشْرَىٰ هَـٰذَا غُلَـٰمٌ ۚ وَأَسَرُّوهُ بِضَـٰعَةً ۚ وَٱللَّهُ عَلِيمٌۢ بِمَا يَعْمَلُونَ",
      "english": "And there came a company of travelers; then they sent their water drawer, and he let down his bucket. He said, \"Good news! Here is a boy.\" And they concealed him, [taking him] as merchandise; and Allah was knowing of what they did.",
      "hausa": "Kuma wani ãyari ya je, sai suka aika mai nẽman musu rũwa, sai ya zura gugansa, ya ce: \"Yã bushãrata! Wannan yãro ne.\" Kuma suka ɓõye shi yanã abin sayarwa. Kuma Allah ne Masani ga abin da suke aikatãwa."
    },
    {
      "ayah": 20,
      "arabic": "وَشَرَوْهُ بِثَمَنٍۭ بَخْسٍ دَرَٰهِمَ مَعْدُودَةٍ وَكَانُوا۟ فِيهِ مِنَ ٱلزَّٰهِدِينَ",
      "english": "And they sold him for a reduced price - a few dirhams - and they were, concerning him, of those content with little.",
      "hausa": "Kuma suka sayar da shi da 'yan kuɗi kaɗan, dirhamõmi ƙidãyayyu, Kuma sun kasance, a wurinsa, daga mãsu isuwa da abu kaɗan."
    },
    {
      "ayah": 21,
      "arabic": "وَقَالَ ٱلَّذِى ٱشْتَرَىٰهُ مِن مِّصْرَ لِٱمْرَأَتِهِۦٓ أَكْرِمِى مَثْوَىٰهُ عَسَىٰٓ أَن يَنفَعَنَآ أَوْ نَتَّخِذَهُۥ وَلَدًا ۚ وَكَذَٰلِكَ مَكَّنَّا لِيُوسُفَ فِى ٱلْأَرْضِ وَلِنُعَلِّمَهُۥ مِن تَأْوِيلِ ٱلْأَحَادِيثِ ۚ وَٱللَّهُ غَالِبٌ عَلَىٰٓ أَمْرِهِۦ وَلَـٰكِنَّ أَكْثَرَ ٱلنَّاسِ لَا يَعْلَمُونَ",
      "english": "And the one from Egypt who bought him said to his wife, \"Make his residence comfortable. Perhaps he will benefit us, or we will adopt him as a son.\" And thus, We established Joseph in the land that We might teach him the interpretation of events. And Allah is predominant over His affair, but most of the people do not know.",
      "hausa": "Kuma wanda ya saye shi daga Masar ya ce wa mãtarsa, \"Ki girmama mazauninsa, akwai tsammãnin ya amfãne mu, kõ kuwa mu riƙe shi ɗã.\"Kuma kamar wancan ne Muka tabbatar ga Yũsufu, a cikin ƙasa kuma dõmin Mu sanar da shi daia fassarar lũbũru, kuma Allah ne Marinjãyi a kan al'amarinSa, kuma amma mafi yawan mutãne ba su sani ba.\""
    },
    {
      "ayah": 22,
      "arabic": "وَلَمَّا بَلَغَ أَشُدَّهُۥٓ ءَاتَيْنَـٰهُ حُكْمًا وَعِلْمًا ۚ وَكَذَٰلِكَ نَجْزِى ٱلْمُحْسِنِينَ",
      "english": "And when Joseph reached maturity, We gave him judgment and knowledge. And thus We reward the doers of good.",
      "hausa": "Kuma a lõkacin da ya isa mafi ƙarfinsa, Muka bã shi hukunci da ilmi. Kuma kamar wancan ne Muke sãka wa mãsu kyautatãwa."
    },
    {
      "ayah": 23,
      "arabic": "وَرَٰوَدَتْهُ ٱلَّتِى هُوَ فِى بَيْتِهَا عَن نَّفْسِهِۦ وَغَلَّقَتِ ٱلْأَبْوَٰبَ وَقَالَتْ هَيْتَ لَكَ ۚ قَالَ مَعَاذَ ٱللَّهِ ۖ إِنَّهُۥ رَبِّىٓ أَحْسَنَ مَثْوَاىَ ۖ إِنَّهُۥ لَا يُفْلِحُ ٱلظَّـٰلِمُونَ",
      "english": "And she, in whose house he was, sought to seduce him. She closed the doors and said, \"Come, you.\" He said, \"[I seek] the refuge of Allah. Indeed, he is my master, who has made good my residence. Indeed, wrongdoers will not succeed.\"",
      "hausa": "Kuma wadda yake a cikin ɗãkinta, ta nẽme shi ga kansa, kuma ta kukkulle ƙõfõfi, kuma ta ce, \"Yã rage a gare ka!\" ya ce: \"Ina neman tsarin Allah! Lalle shĩne Ubangijina. Yã kyautata mazaunina. Lalle ne shĩ, mãsu zãlunci ba su cin nasara!\""
    },
    {
      "ayah": 24,
      "arabic": "وَلَقَدْ هَمَّتْ بِهِۦ ۖ وَهَمَّ بِهَا لَوْلَآ أَن رَّءَا بُرْهَـٰنَ رَبِّهِۦ ۚ كَذَٰلِكَ لِنَصْرِفَ عَنْهُ ٱلسُّوٓءَ وَٱلْفَحْشَآءَ ۚ إِنَّهُۥ مِنْ عِبَادِنَا ٱلْمُخْلَصِينَ",
      "english": "And she certainly determined [to seduce] him, and he would have inclined to her had he not seen the proof of his Lord. And thus [it was] that We should avert from him evil and immorality. Indeed, he was of Our chosen servants.",
      "hausa": "Kuma lalle ne, tã himmantu da shi. Kuma yã himmantu da ita in bã dõmin ya ga dalĩlin Ubangijinsa ba. Kãmar haka dai, dõmin Mu karkatar da mummũnan aiki da alfãsha daga gare shi. Lalle ne shi, daga bãyinMu zaɓaɓɓu yake."
    },
    {
      "ayah": 25,
      "arabic": "وَٱسْتَبَقَا ٱلْبَابَ وَقَدَّتْ قَمِيصَهُۥ مِن دُبُرٍ وَأَلْفَيَا سَيِّدَهَا لَدَا ٱلْبَابِ ۚ قَالَتْ مَا جَزَآءُ مَنْ أَرَادَ بِأَهْلِكَ سُوٓءًا إِلَّآ أَن يُسْجَنَ أَوْ عَذَابٌ أَلِيمٌ",
      "english": "And they both raced to the door, and she tore his shirt from the back, and they found her husband at the door. She said, \"What is the recompense of one who intended evil for your wife but that he be imprisoned or a painful punishment?\"",
      "hausa": "Kuma suka yi tsẽre zuwa ga ƙõfa. Sai ta tsãge rigarsa daga bãya, kuma suka iske mijinta a wurin ƙõfar. Ta ce: \"Mẽnene sakamakon wanda ya yi nufin cũta game da iyãlinka? Fãce a ɗaure shi, ko kuwa a yi masa wata azãba mai raɗaɗi.\""
    },
    {
      "ayah": 26,
      "arabic": "قَالَ هِىَ رَٰوَدَتْنِى عَن نَّفْسِى ۚ وَشَهِدَ شَاهِدٌ مِّنْ أَهْلِهَآ إِن كَانَ قَمِيصُهُۥ قُدَّ مِن قُبُلٍ فَصَدَقَتْ وَهُوَ مِنَ ٱلْكَـٰذِبِينَ",
      "english": "[Joseph] said, \"It was she who sought to seduce me.\" And a witness from her family testified. \"If his shirt is torn from the front, then she has told the truth, and he is of the liars.",
      "hausa": "Ya ce: \"Ita ce ta nẽme ni a kaina.\"Kuma wani mai shaida daga mutãnenta ya bãyar da shaida: \"Idan rigarsa ta kasance an tsage ta daga gaba, to, tã yi gaskiya, kuma shĩ ne daga maƙaryata.\""
    },
    {
      "ayah": 27,
      "arabic": "وَإِن كَانَ قَمِيصُهُۥ قُدَّ مِن دُبُرٍ فَكَذَبَتْ وَهُوَ مِنَ ٱلصَّـٰدِقِينَ",
      "english": "But if his shirt is torn from the back, then she has lied, and he is of the truthful.\"",
      "hausa": "\"Kuma idan rigarsa ta kasance an tsãge ta daga bãya, to, tã yi ƙarya, kuma shĩ ne daga mãsu gaskiya.\""
    },
    {
      "ayah": 28,
      "arabic": "فَلَمَّا رَءَا قَمِيصَهُۥ قُدَّ مِن دُبُرٍ قَالَ إِنَّهُۥ مِن كَيْدِكُنَّ ۖ إِنَّ كَيْدَكُنَّ عَظِيمٌ",
      "english": "So when her husband saw his shirt torn from the back, he said, \"Indeed, it is of the women's plan. Indeed, your plan is great.",
      "hausa": "Sa'an nan a lõkacin da ya ga rĩgarsa an tsãge ta daga bãya, ya ce: \"Lalle ne shi, daga kaidinku ne, mata! Lalle ne kaidinku mai girma ne!\""
    },
    {
      "ayah": 29,
      "arabic": "يُوسُفُ أَعْرِضْ عَنْ هَـٰذَا ۚ وَٱسْتَغْفِرِى لِذَنۢبِكِ ۖ إِنَّكِ كُنتِ مِنَ ٱلْخَاطِـِٔينَ",
      "english": "Joseph, ignore this. And, [my wife], ask forgiveness for your sin. Indeed, you were of the sinful.\"",
      "hausa": "\"Yusufu! Ka kau da kai daga wannan. Kuma ki nẽmi gãfara dõmin laifinki. Lalle ne ke, kin kasance daga mãsu kuskure.\""
    },
    {
      "ayah": 30,
      "arabic": "وَقَالَ نِسْوَةٌ فِى ٱلْمَدِينَةِ ٱمْرَأَتُ ٱلْعَزِيزِ تُرَٰوِدُ فَتَىٰهَا عَن نَّفْسِهِۦ ۖ قَدْ شَغَفَهَا حُبًّا ۖ إِنَّا لَنَرَىٰهَا فِى ضَلَـٰلٍ مُّبِينٍ",
      "english": "And women in the city said, \"The wife of al-'Azeez is seeking to seduce her slave boy; he has impassioned her with love. Indeed, we see her [to be] in clear error.\"",
      "hausa": "Kuma waɗansu mãtã a cikin Birnin suka ce: \"Matar Azĩz tanã nẽman hãdiminta daga kansa! Haƙĩƙa, yã rufe zũciyarta da so. Lalle ne mũ, Munã ganin taa cikin ɓata bayyanãnna.\""
    },
    {
      "ayah": 31,
      "arabic": "فَلَمَّا سَمِعَتْ بِمَكْرِهِنَّ أَرْسَلَتْ إِلَيْهِنَّ وَأَعْتَدَتْ لَهُنَّ مُتَّكَـًٔا وَءَاتَتْ كُلَّ وَٰحِدَةٍ مِّنْهُنَّ سِكِّينًا وَقَالَتِ ٱخْرُجْ عَلَيْهِنَّ ۖ فَلَمَّا رَأَيْنَهُۥٓ أَكْبَرْنَهُۥ وَقَطَّعْنَ أَيْدِيَهُنَّ وَقُلْنَ حَـٰشَ لِلَّهِ مَا هَـٰذَا بَشَرًا إِنْ هَـٰذَآ إِلَّا مَلَكٌ كَرِيمٌ",
      "english": "So when she heard of their scheming, she sent for them and prepared for them a banquet and gave each one of them a knife and said [to Joseph], \"Come out before them.\" And when they saw him, they greatly admired him and cut their hands and said, \"Perfect is Allah! This is not a man; this is none but a noble angel.\"",
      "hausa": "Sa'an nan a lõkacin da ta ji lãbãri game da mãkircinsu, sai ta aika kiran liyafa zuwa gare su, kuma ta yi tattalin abincin da ake dõgara wajen cinsa, kuma ta bai wa kõwace ɗaya daga cikinsu wuƙa, kuma ta ce: \"Ka fito a kansu.\" To, a lõkacin da, suka gan shi, suka girmamã shi, kuma suka yanyanke hannãyensu, kuma suka ce: \"Tsarki yanã ga Allah! Wannan bã mutum ba ne! Wannan bai zama ba fãce Malã'ika ne mai daraja!\""
    },
    {
      "ayah": 32,
      "arabic": "قَالَتْ فَذَٰلِكُنَّ ٱلَّذِى لُمْتُنَّنِى فِيهِ ۖ وَلَقَدْ رَٰوَدتُّهُۥ عَن نَّفْسِهِۦ فَٱسْتَعْصَمَ ۖ وَلَئِن لَّمْ يَفْعَلْ مَآ ءَامُرُهُۥ لَيُسْجَنَنَّ وَلَيَكُونًا مِّنَ ٱلصَّـٰغِرِينَ",
      "english": "She said, \"That is the one about whom you blamed me. And I certainly sought to seduce him, but he firmly refused; and if he will not do what I order him, he will surely be imprisoned and will be of those debased.\"",
      "hausa": "Ta ce: \"To wannan ne fa wanda kuka, zarge ni a cikinsa! Kuma lalle ne, haƙẽƙa na nẽme shi daga kansa, sai ya tsare gida, kuma nĩ inã rantsuwa, idan bai aikata abin da nake umurnin sa ba, haƙẽƙa anã ɗaure shi. Haƙĩƙa, yanã kasan, cewa daga ƙasƙantattu.\""
    },
    {
      "ayah": 33,
      "arabic": "قَالَ رَبِّ ٱلسِّجْنُ أَحَبُّ إِلَىَّ مِمَّا يَدْعُونَنِىٓ إِلَيْهِ ۖ وَإِلَّا تَصْرِفْ عَنِّى كَيْدَهُنَّ أَصْبُ إِلَيْهِنَّ وَأَكُن مِّنَ ٱلْجَـٰهِلِينَ",
      "english": "He said, \"My Lord, prison is more to my liking than that to which they invite me. And if You do not avert from me their plan, I might incline toward them and [thus] be of the ignorant.\"",
      "hausa": "Ya ce: \"Yã Ubangijina! Kurkuku ne mafi sõyuwa a gare ni daga abin da suke kirã na zuwa gare shi. Kuma idan ba Ka karkatar da kaidinsu daga gare ni ba, zan karkata zuwa gare su, kuma in kasance daga jãhilai.\""
    },
    {
      "ayah": 34,
      "arabic": "فَٱسْتَجَابَ لَهُۥ رَبُّهُۥ فَصَرَفَ عَنْهُ كَيْدَهُنَّ ۚ إِنَّهُۥ هُوَ ٱلسَّمِيعُ ٱلْعَلِيمُ",
      "english": "So his Lord responded to him and averted from him their plan. Indeed, He is the Hearing, the Knowing.",
      "hausa": "Sai Ubangijinsa Ya karɓa masa sabõda haka Ya karkatar da kaidinsu daga gare shi. Lalle Shĩ ne Mai jĩ, Masani."
    },
    {
      "ayah": 35,
      "arabic": "ثُمَّ بَدَا لَهُم مِّنۢ بَعْدِ مَا رَأَوُا۟ ٱلْـَٔايَـٰتِ لَيَسْجُنُنَّهُۥ حَتَّىٰ حِينٍ",
      "english": "Then it appeared to them after they had seen the signs that al-'Azeez should surely imprison him for a time.",
      "hausa": "Sa'an nan kuma ya bayyana a gare su a bãyan sun ga alãmõmin, lalle ne dai su ɗaure shi har zuwa wani lõkaci."
    },
    {
      "ayah": 36,
      "arabic": "وَدَخَلَ مَعَهُ ٱلسِّجْنَ فَتَيَانِ ۖ قَالَ أَحَدُهُمَآ إِنِّىٓ أَرَىٰنِىٓ أَعْصِرُ خَمْرًا ۖ وَقَالَ ٱلْـَٔاخَرُ إِنِّىٓ أَرَىٰنِىٓ أَحْمِلُ فَوْقَ رَأْسِى خُبْزًا تَأْكُلُ ٱلطَّيْرُ مِنْهُ ۖ نَبِّئْنَا بِتَأْوِيلِهِۦٓ ۖ إِنَّا نَرَىٰكَ مِنَ ٱلْمُحْسِنِينَ",
      "english": "And there entered the prison with him two young men. One of them said, \"Indeed, I have seen myself [in a dream] pressing wine.\" The other said, \"Indeed, I have seen myself carrying upon my head [some] bread, from which the birds were eating. Inform us of its interpretation; indeed, we see you to be of those who do good.\"",
      "hausa": "Kuma waɗansu samãri biyu suka shiga kurkuku tãre da shi. ¦ayansu ya ce: \"Lalle ne nĩ, nã yi mafarkin gã ni inã mãtsar giya.\" Kuma ɗayan ya ce: \"Lalle ne nĩ, nã yi Mafarkin gã ni inã ɗauke da waina a bisa kaina, tsuntsãye sunã ci daga gare ta. Ka bã mu lãbãri game da fassararsu. Lalle ne mũ, Munã ganin ka daga mãsu kyautatãwa.\""
    },
    {
      "ayah": 37,
      "arabic": "قَالَ لَا يَأْتِيكُمَا طَعَامٌ تُرْزَقَانِهِۦٓ إِلَّا نَبَّأْتُكُمَا بِتَأْوِيلِهِۦ قَبْلَ أَن يَأْتِيَكُمَا ۚ ذَٰلِكُمَا مِمَّا عَلَّمَنِى رَبِّىٓ ۚ إِنِّى تَرَكْتُ مِلَّةَ قَوْمٍ لَّا يُؤْمِنُونَ بِٱللَّهِ وَهُم بِٱلْـَٔاخِرَةِ هُمْ كَـٰفِرُونَ",
      "english": "He said, \"You will not receive food that is provided to you except that I will inform you of its interpretation before it comes to you. That is from what my Lord has taught me. Indeed, I have left the religion of a people who do not believe in Allah, and they, in the Hereafter, are disbelievers.",
      "hausa": "Ya ce: \"Wani abinci bã zai zo muku ba wanda ake azurtã ku da shi fãce nã bã ku lãbãrin fassararsa, kãfin ya zo muku. Wannan kuwa yanã daga abin da Ubangijĩna Ya sanar da ni. Lalle ne nĩ nã bar addinin mutãne waɗanda ba su yi ĩmãni da Allah ba, kuma game da lãhira, sũ kãfirai ne.\""
    },
    {
      "ayah": 38,
      "arabic": "وَٱتَّبَعْتُ مِلَّةَ ءَابَآءِىٓ إِبْرَٰهِيمَ وَإِسْحَـٰقَ وَيَعْقُوبَ ۚ مَا كَانَ لَنَآ أَن نُّشْرِكَ بِٱللَّهِ مِن شَىْءٍ ۚ ذَٰلِكَ مِن فَضْلِ ٱللَّهِ عَلَيْنَا وَعَلَى ٱلنَّاسِ وَلَـٰكِنَّ أَكْثَرَ ٱلنَّاسِ لَا يَشْكُرُونَ",
      "english": "And I have followed the religion of my fathers, Abraham, Isaac and Jacob. And it was not for us to associate anything with Allah. That is from the favor of Allah upon us and upon the people, but most of the people are not grateful.",
      "hausa": "\"Kuma na bi addinin iyayẽna, Ibrãhĩm da Is'hãka da Yãƙũba. Bã ya yiwuwa a gare mu mu yi shirka da Allah da kõme. Wannan yana daga falalar Allah a kanmu da mutãne, amma mafi yawan mutãne bã su gõdewa.\""
    },
    {
      "ayah": 39,
      "arabic": "يَـٰصَـٰحِبَىِ ٱلسِّجْنِ ءَأَرْبَابٌ مُّتَفَرِّقُونَ خَيْرٌ أَمِ ٱللَّهُ ٱلْوَٰحِدُ ٱلْقَهَّارُ",
      "english": "O [my] two companions of prison, are separate lords better or Allah, the One, the Prevailing?",
      "hausa": "\"Yã abõkaina biyu na kurkuku! Shin iyãyen giji dabam-dabam ne mafiya alhẽri kõ kuwa Allah Makaɗaici Mai tanƙwasãwa?\""
    },
    {
      "ayah": 40,
      "arabic": "مَا تَعْبُدُونَ مِن دُونِهِۦٓ إِلَّآ أَسْمَآءً سَمَّيْتُمُوهَآ أَنتُمْ وَءَابَآؤُكُم مَّآ أَنزَلَ ٱللَّهُ بِهَا مِن سُلْطَـٰنٍ ۚ إِنِ ٱلْحُكْمُ إِلَّا لِلَّهِ ۚ أَمَرَ أَلَّا تَعْبُدُوٓا۟ إِلَّآ إِيَّاهُ ۚ ذَٰلِكَ ٱلدِّينُ ٱلْقَيِّمُ وَلَـٰكِنَّ أَكْثَرَ ٱلنَّاسِ لَا يَعْلَمُونَ",
      "english": "You worship not besides Him except [mere] names you have named them, you and your fathers, for which Allah has sent down no authority. Legislation is not but for Allah. He has commanded that you worship not except Him. That is the correct religion, but most of the people do not know.",
      "hausa": "\"Ba ku bauta wa kõme, baicinSa, fãce waɗansu sũnãye waɗanda kuka ambace su, kũ da ubanninku. Allah bai saukar da wani dalĩli ba game da su. Bãbu hukunci fãce na Allah. Ya yi umurnin kada ku bauta wa kõwa fãce Shi. Wancan ne addini madaidaici, kuma amma mafi yawan mutãne ba su sani ba.\""
    },
    {
      "ayah": 41,
      "arabic": "يَـٰصَـٰحِبَىِ ٱلسِّجْنِ أَمَّآ أَحَدُكُمَا فَيَسْقِى رَبَّهُۥ خَمْرًا ۖ وَأَمَّا ٱلْـَٔاخَرُ فَيُصْلَبُ فَتَأْكُلُ ٱلطَّيْرُ مِن رَّأْسِهِۦ ۚ قُضِىَ ٱلْأَمْرُ ٱلَّذِى فِيهِ تَسْتَفْتِيَانِ",
      "english": "O two companions of prison, as for one of you, he will give drink to his master of wine; but as for the other, he will be crucified, and the birds will eat from his head. The matter has been decreed about which you both inquire.\"",
      "hausa": "\"Yã abõkaina biyu, na kurkuku! Amma ɗayanku, to, zai shãyar da uban gidansa giya, kuma gudan, to, zã a tsĩrẽ shi, sa'an nan tsuntsãye su ci daga kansa. An hukunta al'amarin, wanda a cikinsa kuke yin fatawa.\""
    },
    {
      "ayah": 42,
      "arabic": "وَقَالَ لِلَّذِى ظَنَّ أَنَّهُۥ نَاجٍ مِّنْهُمَا ٱذْكُرْنِى عِندَ رَبِّكَ فَأَنسَىٰهُ ٱلشَّيْطَـٰنُ ذِكْرَ رَبِّهِۦ فَلَبِثَ فِى ٱلسِّجْنِ بِضْعَ سِنِينَ",
      "english": "And he said to the one whom he knew would go free, \"Mention me before your master.\" But Satan made him forget the mention [to] his master, and Joseph remained in prison several years.",
      "hausa": "Kuma ya ce da wanda ya tabbatar da cẽwa shi mai kuɓuta ne daga gare su, \"Ka ambacẽ ni a wurin uban gidanka.\" Sai Shaiɗan ya mantar da shi tunãwar Ubangijinsa, sabõda haka ya zauna a cikin kurkuku 'yan shekaru."
    },
    {
      "ayah": 43,
      "arabic": "وَقَالَ ٱلْمَلِكُ إِنِّىٓ أَرَىٰ سَبْعَ بَقَرَٰتٍ سِمَانٍ يَأْكُلُهُنَّ سَبْعٌ عِجَافٌ وَسَبْعَ سُنۢبُلَـٰتٍ خُضْرٍ وَأُخَرَ يَابِسَـٰتٍ ۖ يَـٰٓأَيُّهَا ٱلْمَلَأُ أَفْتُونِى فِى رُءْيَـٰىَ إِن كُنتُمْ لِلرُّءْيَا تَعْبُرُونَ",
      "english": "And [subsequently] the king said, \"Indeed, I have seen [in a dream] seven fat cows being eaten by seven [that were] lean, and seven green spikes [of grain] and others [that were] dry. O eminent ones, explain to me my vision, if you should interpret visions.\"",
      "hausa": "Kuma sarki ya ce: \"Lalle ne, nã yi mafarki; nã ga shãnu bakwai mãsu ƙiba, waɗansu bakwai rãmammu, sunã cin su, da zangarku bakwai kõre-kõre da waɗansu ƙeƙasassu. Yã kũ jama'a! Ku yi mini fatawa a cikin mafarkĩna, idan kun kasance ga mafarki kunã fassarawa.\""
    },
    {
      "ayah": 44,
      "arabic": "قَالُوٓا۟ أَضْغَـٰثُ أَحْلَـٰمٍ ۖ وَمَا نَحْنُ بِتَأْوِيلِ ٱلْأَحْلَـٰمِ بِعَـٰلِمِينَ",
      "english": "They said, \"[It is but] a mixture of false dreams, and we are not learned in the interpretation of dreams.\"",
      "hausa": "Suka ce: \"Yãye-yãyen mafarki ne, kuma ba mu zamo masana ga fassarar yãye-yãyen mafarki ba.\""
    },
    {
      "ayah": 45,
      "arabic": "وَقَالَ ٱلَّذِى نَجَا مِنْهُمَا وَٱدَّكَرَ بَعْدَ أُمَّةٍ أَنَا۠ أُنَبِّئُكُم بِتَأْوِيلِهِۦ فَأَرْسِلُونِ",
      "english": "But the one who was freed and remembered after a time said, \"I will inform you of its interpretation, so send me forth.\"",
      "hausa": "Kuma wannan da ya kuɓuta daga cikinsu ya ce: a bãyan yã yi tunãni a lõkaci mai tsawo, \"Nĩ, inã bã ku lãbãri game da fassararsa. Sai ku aike ni.\""
    },
    {
      "ayah": 46,
      "arabic": "يُوسُفُ أَيُّهَا ٱلصِّدِّيقُ أَفْتِنَا فِى سَبْعِ بَقَرَٰتٍ سِمَانٍ يَأْكُلُهُنَّ سَبْعٌ عِجَافٌ وَسَبْعِ سُنۢبُلَـٰتٍ خُضْرٍ وَأُخَرَ يَابِسَـٰتٍ لَّعَلِّىٓ أَرْجِعُ إِلَى ٱلنَّاسِ لَعَلَّهُمْ يَعْلَمُونَ",
      "english": "[He said], \"Joseph, O man of truth, explain to us about seven fat cows eaten by seven [that were] lean, and seven green spikes [of grain] and others [that were] dry - that I may return to the people; perhaps they will know [about you].\"",
      "hausa": "\"Yã Yũsufu! Yã kai mai yawan gaskiya! Ka yi mana fatawa a cikin shãnu bakwai mãsu ƙiba, waɗansu bakwai rãmammu sunã cin su, da zangarku bakwai kõrãye da waɗansu ƙẽƙasassu, tsammãnĩna in kõma ga mutãne, tsammãninsu zã su sani.\""
    },
    {
      "ayah": 47,
      "arabic": "قَالَ تَزْرَعُونَ سَبْعَ سِنِينَ دَأَبًا فَمَا حَصَدتُّمْ فَذَرُوهُ فِى سُنۢبُلِهِۦٓ إِلَّا قَلِيلًا مِّمَّا تَأْكُلُونَ",
      "english": "[Joseph] said, \"You will plant for seven years consecutively; and what you harvest leave in its spikes, except a little from which you will eat.",
      "hausa": "Ya ce: \"Kunã shũka, shẽkara bakwai tutur, sa'an nan abin da kuka girbe, sai ku bar shi, a cikin zanganniyarsa, sai kaɗan daga abin da kuke ci.\""
    },
    {
      "ayah": 48,
      "arabic": "ثُمَّ يَأْتِى مِنۢ بَعْدِ ذَٰلِكَ سَبْعٌ شِدَادٌ يَأْكُلْنَ مَا قَدَّمْتُمْ لَهُنَّ إِلَّا قَلِيلًا مِّمَّا تُحْصِنُونَ",
      "english": "Then will come after that seven difficult [years] which will consume what you saved for them, except a little from which you will store.",
      "hausa": "\"Sa'an nan kuma waɗansu bakwai mãsu tsanani su zo daga hãyan wancan, su cinye abin da kuka gabãtar dõminsu, fãce kaɗan daga abin da kuke ãdanãwa.\""
    },
    {
      "ayah": 49,
      "arabic": "ثُمَّ يَأْتِى مِنۢ بَعْدِ ذَٰلِكَ عَامٌ فِيهِ يُغَاثُ ٱلنَّاسُ وَفِيهِ يَعْصِرُونَ",
      "english": "Then will come after that a year in which the people will be given rain and in which they will press [olives and grapes].\"",
      "hausa": "\"Sa'an nan kuma wata shẽkara ta zo daga bãyan wancan, a cikinta ake yi wa mutãne ruwa mai albarka, kuma a cikinta suke mãtsar abin sha.\""
    },
    {
      "ayah": 50,
      "arabic": "وَقَالَ ٱلْمَلِكُ ٱئْتُونِى بِهِۦ ۖ فَلَمَّا جَآءَهُ ٱلرَّسُولُ قَالَ ٱرْجِعْ إِلَىٰ رَبِّكَ فَسْـَٔلْهُ مَا بَالُ ٱلنِّسْوَةِ ٱلَّـٰتِى قَطَّعْنَ أَيْدِيَهُنَّ ۚ إِنَّ رَبِّى بِكَيْدِهِنَّ عَلِيمٌ",
      "english": "And the king said, \"Bring him to me.\" But when the messenger came to him, [Joseph] said, \"Return to your master and ask him what is the case of the women who cut their hands. Indeed, my Lord is Knowing of their plan.\"",
      "hausa": "Kuma sarkin ya ce: \"Ku zo mini da shi.\" To, a lõkacin da manzo ya je masa (Yũsufu), ya ce: \"Ka kõma zuwa ga uban gidanka, sa' an nan ka tambaye shi; Mẽnene hãlin mãtãyen nan waɗanda suka yanyanke hannãyensu? Lalle ne Ubangijĩna ne Masani game da kaidinsu.\""
    },
    {
      "ayah": 51,
      "arabic": "قَالَ مَا خَطْبُكُنَّ إِذْ رَٰوَدتُّنَّ يُوسُفَ عَن نَّفْسِهِۦ ۚ قُلْنَ حَـٰشَ لِلَّهِ مَا عَلِمْنَا عَلَيْهِ مِن سُوٓءٍ ۚ قَالَتِ ٱمْرَأَتُ ٱلْعَزِيزِ ٱلْـَٔـٰنَ حَصْحَصَ ٱلْحَقُّ أَنَا۠ رَٰوَدتُّهُۥ عَن نَّفْسِهِۦ وَإِنَّهُۥ لَمِنَ ٱلصَّـٰدِقِينَ",
      "english": "Said [the king to the women], \"What was your condition when you sought to seduce Joseph?\" They said, \"Perfect is Allah! We know about him no evil.\" The wife of al-'Azeez said, \"Now the truth has become evident. It was I who sought to seduce him, and indeed, he is of the truthful.",
      "hausa": "Ya ce: \"Mẽne ne babban al'amarinku, a lõkacin da kaka nẽmi Yũsufu daga kansa?\" Suka ce: \"Tsarki ga Allah yake! Ba mu san wani mummũnan aiki a kansaba.\" Mãtar Azĩz ta ce: \"Yanzu fagaskiya ta bayyana. Nĩ ce nã nẽme shi daga kansa. Kuma lalle ne shĩ, haƙĩƙa, yanã daga mãsu gaskiya."
    },
    {
      "ayah": 52,
      "arabic": "ذَٰلِكَ لِيَعْلَمَ أَنِّى لَمْ أَخُنْهُ بِٱلْغَيْبِ وَأَنَّ ٱللَّهَ لَا يَهْدِى كَيْدَ ٱلْخَآئِنِينَ",
      "english": "That is so al-'Azeez will know that I did not betray him in [his] absence and that Allah does not guide the plan of betrayers.",
      "hausa": "\"Wancan ne, dõmin ya san cẽwa lalle ne ni ban yaudareshi ba a ɓõye, kuma lalle Allah bã Ya shiryar da kaidin mayaudara.\""
    },
    {
      "ayah": 53,
      "arabic": "وَمَآ أُبَرِّئُ نَفْسِىٓ ۚ إِنَّ ٱلنَّفْسَ لَأَمَّارَةٌۢ بِٱلسُّوٓءِ إِلَّا مَا رَحِمَ رَبِّىٓ ۚ إِنَّ رَبِّى غَفُورٌ رَّحِيمٌ",
      "english": "And I do not acquit myself. Indeed, the soul is a persistent enjoiner of evil, except those upon which my Lord has mercy. Indeed, my Lord is Forgiving and Merciful.\"",
      "hausa": "\"Kuma bã ni kuɓutar da kaina. Lalle ne rai, haƙĩƙa, mai yawan umurni ne da mummũnan aiki, fãce abin da Ubangjina Ya yi na; rahama. Lalle Ubangjina Mai gãfara ne, Mai jin ƙai.\""
    },
    {
      "ayah": 54,
      "arabic": "وَقَالَ ٱلْمَلِكُ ٱئْتُونِى بِهِۦٓ أَسْتَخْلِصْهُ لِنَفْسِى ۖ فَلَمَّا كَلَّمَهُۥ قَالَ إِنَّكَ ٱلْيَوْمَ لَدَيْنَا مَكِينٌ أَمِينٌ",
      "english": "And the king said, \"Bring him to me; I will appoint him exclusively for myself.\" And when he spoke to him, he said, \"Indeed, you are today established [in position] and trusted.\"",
      "hausa": "Kuma sarkin ya ce: \"Ku zo mini da shi in kẽɓe shi ga kaina.\" To, a lõkacin da Yũsufu ya yi masa magana sai ya ce: \"Lalle ne kai a yau, a gunmu, mai daraja ne, amintacce.\""
    },
    {
      "ayah": 55,
      "arabic": "قَالَ ٱجْعَلْنِى عَلَىٰ خَزَآئِنِ ٱلْأَرْضِ ۖ إِنِّى حَفِيظٌ عَلِيمٌ",
      "english": "[Joseph] said, \"Appoint me over the storehouses of the land. Indeed, I will be a knowing guardian.\"",
      "hausa": "Ya ce: \"Ka sanya ni a kan taskõkin ƙasa. Lalle ne nĩ, mai tsarẽwa ne, kuma masani.\""
    },
    {
      "ayah": 56,
      "arabic": "وَكَذَٰلِكَ مَكَّنَّا لِيُوسُفَ فِى ٱلْأَرْضِ يَتَبَوَّأُ مِنْهَا حَيْثُ يَشَآءُ ۚ نُصِيبُ بِرَحْمَتِنَا مَن نَّشَآءُ ۖ وَلَا نُضِيعُ أَجْرَ ٱلْمُحْسِنِينَ",
      "english": "And thus We established Joseph in the land to settle therein wherever he willed. We touch with Our mercy whom We will, and We do not allow to be lost the reward of those who do good.",
      "hausa": "Kuma kamar wancan ne Muka bãyar da ĩko ga Yũsufu a cikin ƙasa yanã sauka a inda duk yake so. Munã sãmun wanda Muke so da rahamar Mu, kuma bã Mu tõzartar da lãdar mãsu kyautatawa."
    },
    {
      "ayah": 57,
      "arabic": "وَلَأَجْرُ ٱلْـَٔاخِرَةِ خَيْرٌ لِّلَّذِينَ ءَامَنُوا۟ وَكَانُوا۟ يَتَّقُونَ",
      "english": "And the reward of the Hereafter is better for those who believed and were fearing Allah.",
      "hausa": "Kuma lalle lãdar Lãhira ce mafi alhẽri ga waɗandasuka yi ĩmãni, kuma suka kasance mãsu taƙawa."
    },
    {
      "ayah": 58,
      "arabic": "وَجَآءَ إِخْوَةُ يُوسُفَ فَدَخَلُوا۟ عَلَيْهِ فَعَرَفَهُمْ وَهُمْ لَهُۥ مُنكِرُونَ",
      "english": "And the brothers of Joseph came [seeking food], and they entered upon him; and he recognized them, but he was to them unknown.",
      "hausa": "Kuma 'yan'uwan Yũsufu suka jẽ, sa'an nan suka shiga a gare shi, sai ya gãne su, alhãli kuwa su, sunã mãsu musunsa."
    },
    {
      "ayah": 59,
      "arabic": "وَلَمَّا جَهَّزَهُم بِجَهَازِهِمْ قَالَ ٱئْتُونِى بِأَخٍ لَّكُم مِّنْ أَبِيكُمْ ۚ أَلَا تَرَوْنَ أَنِّىٓ أُوفِى ٱلْكَيْلَ وَأَنَا۠ خَيْرُ ٱلْمُنزِلِينَ",
      "english": "And when he had furnished them with their supplies, he said, \"Bring me a brother of yours from your father. Do not you see that I give full measure and that I am the best of accommodators?",
      "hausa": "Kuma a lõkacin da ya yi musu tattali da tattalinsu, ya ce: \"Ku zo mini da wani ɗan'uwa nãku daga ubanku. Ba ku gani ba cẽwa lalle ne nĩ, inã cika ma'auni, kuma nĩ ne mafi alhẽrin mãsu saukarwa?\""
    },
    {
      "ayah": 60,
      "arabic": "فَإِن لَّمْ تَأْتُونِى بِهِۦ فَلَا كَيْلَ لَكُمْ عِندِى وَلَا تَقْرَبُونِ",
      "english": "But if you do not bring him to me, no measure will there be [hereafter] for you from me, nor will you approach me.\"",
      "hausa": "\"Sa'an nan idan ba ku zo mini da shĩ ba, to, bãbu awoa gare ku a wurĩna, kuma kada ku, kasance ni.\""
    },
    {
      "ayah": 61,
      "arabic": "قَالُوا۟ سَنُرَٰوِدُ عَنْهُ أَبَاهُ وَإِنَّا لَفَـٰعِلُونَ",
      "english": "They said, \"We will attempt to dissuade his father from [keeping] him, and indeed, we will do [it].\"",
      "hausa": "Suka ce: \"Zã mu nẽme shi daga ubansa. Kuma lalle ne mũ, haƙĩƙa, mãsu aikatãwa ne.\""
    },
    {
      "ayah": 62,
      "arabic": "وَقَالَ لِفِتْيَـٰنِهِ ٱجْعَلُوا۟ بِضَـٰعَتَهُمْ فِى رِحَالِهِمْ لَعَلَّهُمْ يَعْرِفُونَهَآ إِذَا ٱنقَلَبُوٓا۟ إِلَىٰٓ أَهْلِهِمْ لَعَلَّهُمْ يَرْجِعُونَ",
      "english": "And [Joseph] said to his servants, \"Put their merchandise into their saddlebags so they might recognize it when they have gone back to their people that perhaps they will [again] return.\"",
      "hausa": "Kuma ya ce wa yaransa, \"Ku sanya hajjarsu a cikin kãyansu, tsammãninsu sunã gãne ta idan sun jũya zuwa ga mutãnensu, tsammã ninsu, zã su kõmo.\""
    },
    {
      "ayah": 63,
      "arabic": "فَلَمَّا رَجَعُوٓا۟ إِلَىٰٓ أَبِيهِمْ قَالُوا۟ يَـٰٓأَبَانَا مُنِعَ مِنَّا ٱلْكَيْلُ فَأَرْسِلْ مَعَنَآ أَخَانَا نَكْتَلْ وَإِنَّا لَهُۥ لَحَـٰفِظُونَ",
      "english": "So when they returned to their father, they said, \"O our father, [further] measure has been denied to us, so send with us our brother [that] we will be given measure. And indeed, we will be his guardians.\"",
      "hausa": "To, a lõkacin da suka kõma zuwa ga ubansu, suka ce: \"Yã bãbanmu! An hana mu awo sai ka aika ɗan'uwanmu tãre da mu. Zã mu yi awo. Kuma lalle ne, haƙĩƙa mũ, mãsu lũra da Shi ne.\""
    },
    {
      "ayah": 64,
      "arabic": "قَالَ هَلْ ءَامَنُكُمْ عَلَيْهِ إِلَّا كَمَآ أَمِنتُكُمْ عَلَىٰٓ أَخِيهِ مِن قَبْلُ ۖ فَٱللَّهُ خَيْرٌ حَـٰفِظًا ۖ وَهُوَ أَرْحَمُ ٱلرَّٰحِمِينَ",
      "english": "He said, \"Should I entrust you with him except [under coercion] as I entrusted you with his brother before? But Allah is the best guardian, and He is the most merciful of the merciful.\"",
      "hausa": "Ya ce: \"Ashe, zã ni amince muku a kansa? Fãce dai kamar yadda na amince muku a kan ɗan'uwansa daga gabãni, sai dai Allah ne Mafĩfĩcin mãsu tsari, kuma Shĩ ne Mafi rahamar mãsu rahama.\""
    },
    {
      "ayah": 65,
      "arabic": "وَلَمَّا فَتَحُوا۟ مَتَـٰعَهُمْ وَجَدُوا۟ بِضَـٰعَتَهُمْ رُدَّتْ إِلَيْهِمْ ۖ قَالُوا۟ يَـٰٓأَبَانَا مَا نَبْغِى ۖ هَـٰذِهِۦ بِضَـٰعَتُنَا رُدَّتْ إِلَيْنَا ۖ وَنَمِيرُ أَهْلَنَا وَنَحْفَظُ أَخَانَا وَنَزْدَادُ كَيْلَ بَعِيرٍ ۖ ذَٰلِكَ كَيْلٌ يَسِيرٌ",
      "english": "And when they opened their baggage, they found their merchandise returned to them. They said, \"O our father, what [more] could we desire? This is our merchandise returned to us. And we will obtain supplies for our family and protect our brother and obtain an increase of a camel's load; that is an easy measurement.\"",
      "hausa": "Kuma a lõkacin da suka bũɗe kãyansu, suka sãmi hajjarsu an mayar musu da ita, suka ce: \"Yã bãbanmu! Ba mu zãlunci! Wannan hajjarmu ce an mayar mana da ita, kuma mu nẽmo wa iyalinmu abinci, kuma mu kiyãye ɗan'uwanmu, kuma mu ƙãra awon kãyan rãƙumi guda, wancan awo ne mai sauki.\""
    },
    {
      "ayah": 66,
      "arabic": "قَالَ لَنْ أُرْسِلَهُۥ مَعَكُمْ حَتَّىٰ تُؤْتُونِ مَوْثِقًا مِّنَ ٱللَّهِ لَتَأْتُنَّنِى بِهِۦٓ إِلَّآ أَن يُحَاطَ بِكُمْ ۖ فَلَمَّآ ءَاتَوْهُ مَوْثِقَهُمْ قَالَ ٱللَّهُ عَلَىٰ مَا نَقُولُ وَكِيلٌ",
      "english": "[Jacob] said, \"Never will I send him with you until you give me a promise by Allah that you will bring him [back] to me, unless you should be surrounded by enemies.\" And when they had given their promise, he said, \"Allah, over what we say, is Witness.\"",
      "hausa": "Ya ce: \"Bã zan sake shi tãre da kũ ba, sai kun kawo mini alkawarinku baga Allah, haƙĩƙa, kunã dawo mini da shi, sai fa idan an kẽwaye ku.\" To, a, lõkacinda suka yi mãsa alkawari, ya ce: \"Allah ne wakĩli a kan abin da muke faɗa.\""
    },
    {
      "ayah": 67,
      "arabic": "وَقَالَ يَـٰبَنِىَّ لَا تَدْخُلُوا۟ مِنۢ بَابٍ وَٰحِدٍ وَٱدْخُلُوا۟ مِنْ أَبْوَٰبٍ مُّتَفَرِّقَةٍ ۖ وَمَآ أُغْنِى عَنكُم مِّنَ ٱللَّهِ مِن شَىْءٍ ۖ إِنِ ٱلْحُكْمُ إِلَّا لِلَّهِ ۖ عَلَيْهِ تَوَكَّلْتُ ۖ وَعَلَيْهِ فَلْيَتَوَكَّلِ ٱلْمُتَوَكِّلُونَ",
      "english": "And he said, \"O my sons, do not enter from one gate but enter from different gates; and I cannot avail you against [the decree of] Allah at all. The decision is only for Allah; upon Him I have relied, and upon Him let those who would rely [indeed] rely.\"",
      "hausa": "Kuma ya ce: \"Yã ɗiyana! Kada ku shiga ta ƙõfa guda, ku shiga ta ƙõfõfi dabam-dabam, kuma bã na wadãtar muku kõme daga Allah. Bãbu hukunci fãce daga Allah, a gare Shi na dõgara, kuma a gare Shi mãsu dõgara sai su dõgara.\""
    },
    {
      "ayah": 68,
      "arabic": "وَلَمَّا دَخَلُوا۟ مِنْ حَيْثُ أَمَرَهُمْ أَبُوهُم مَّا كَانَ يُغْنِى عَنْهُم مِّنَ ٱللَّهِ مِن شَىْءٍ إِلَّا حَاجَةً فِى نَفْسِ يَعْقُوبَ قَضَىٰهَا ۚ وَإِنَّهُۥ لَذُو عِلْمٍ لِّمَا عَلَّمْنَـٰهُ وَلَـٰكِنَّ أَكْثَرَ ٱلنَّاسِ لَا يَعْلَمُونَ",
      "english": "And when they entered from where their father had ordered them, it did not avail them against Allah at all except [it was] a need within the soul of Jacob, which he satisfied. And indeed, he was a possessor of knowledge because of what We had taught him, but most of the people do not know.",
      "hausa": "Kuma a lõkacin da suka shiga daga inda ubansu ya umurce su wani abu bai kasance yanã wadãtarwa ga barinsu daga Allah ba fãce wata bukata ce a ran Yãƙũbu, ya bayyana ta. Kuma lalle ne shĩ, haƙĩƙa, ma'abũcin wani ilmi ne ga abin da Muka sanar da shi, kuma mafi yawan mutãne ba su sani ba."
    },
    {
      "ayah": 69,
      "arabic": "وَلَمَّا دَخَلُوا۟ عَلَىٰ يُوسُفَ ءَاوَىٰٓ إِلَيْهِ أَخَاهُ ۖ قَالَ إِنِّىٓ أَنَا۠ أَخُوكَ فَلَا تَبْتَئِسْ بِمَا كَانُوا۟ يَعْمَلُونَ",
      "english": "And when they entered upon Joseph, he took his brother to himself; he said, \"Indeed, I am your brother, so do not despair over what they used to do [to me].\"",
      "hausa": "Kuma a lõkacin da suka shiga wajen Yũsufu, ya tattara ɗan'uwansa zuwa gare shi, ya ce: \"Lalle nĩ ne ɗan'uwanka, sabõda haka kada ka yi baƙin ciki da abin da suka kasance sunã aikatãwa.\""
    },
    {
      "ayah": 70,
      "arabic": "فَلَمَّا جَهَّزَهُم بِجَهَازِهِمْ جَعَلَ ٱلسِّقَايَةَ فِى رَحْلِ أَخِيهِ ثُمَّ أَذَّنَ مُؤَذِّنٌ أَيَّتُهَا ٱلْعِيرُ إِنَّكُمْ لَسَـٰرِقُونَ",
      "english": "So when he had furnished them with their supplies, he put the [gold measuring] bowl into the bag of his brother. Then an announcer called out, \"O caravan, indeed you are thieves.\"",
      "hausa": "Sa'an nan a lõkacin da ya yi musu tattali da tattalinsu, sai ya sanya ma'auni a cikin kãyan ɗan'uwansa sa'an nan kuma mai yẽkuwa ya yi yẽkuwa,\" Yã kũ ãyari! lalle ne, haƙĩƙa kũ ɓarãyi ne.\""
    },
    {
      "ayah": 71,
      "arabic": "قَالُوا۟ وَأَقْبَلُوا۟ عَلَيْهِم مَّاذَا تَفْقِدُونَ",
      "english": "They said while approaching them, \"What is it you are missing?\"",
      "hausa": "Suka ce: kuma suka fuskanta zuwa gare su: \"Mẽne ne kuke nẽma?\""
    },
    {
      "ayah": 72,
      "arabic": "قَالُوا۟ نَفْقِدُ صُوَاعَ ٱلْمَلِكِ وَلِمَن جَآءَ بِهِۦ حِمْلُ بَعِيرٍ وَأَنَا۠ بِهِۦ زَعِيمٌ",
      "english": "They said, \"We are missing the measure of the king. And for he who produces it is [the reward of] a camel's load, and I am responsible for it.\"",
      "hausa": "Suka ce: \"Munã nẽman ma'aunin sarki. Kuma wanda ya zo da shi, yanã da kãyan rãkumi ɗaya, kuma ni ne lãmuni game da shi.\""
    },
    {
      "ayah": 73,
      "arabic": "قَالُوا۟ تَٱللَّهِ لَقَدْ عَلِمْتُم مَّا جِئْنَا لِنُفْسِدَ فِى ٱلْأَرْضِ وَمَا كُنَّا سَـٰرِقِينَ",
      "english": "They said, \"By Allah, you have certainly known that we did not come to cause corruption in the land, and we have not been thieves.\"",
      "hausa": "Suka ce: \"Tallahi! Lalle ne, haƙĩƙa, kun sani, ba mu zodon mu yi ɓarna a cikin ƙasa ba, kuma ba mu kasance ɓarãyi ba.\""
    },
    {
      "ayah": 74,
      "arabic": "قَالُوا۟ فَمَا جَزَٰٓؤُهُۥٓ إِن كُنتُمْ كَـٰذِبِينَ",
      "english": "The accusers said, \"Then what would be its recompense if you should be liars?\"",
      "hausa": "Suka ce: \"To mẽne ne sakamakonsa idan, kun kasance maƙaryata?\""
    },
    {
      "ayah": 75,
      "arabic": "قَالُوا۟ جَزَٰٓؤُهُۥ مَن وُجِدَ فِى رَحْلِهِۦ فَهُوَ جَزَٰٓؤُهُۥ ۚ كَذَٰلِكَ نَجْزِى ٱلظَّـٰلِمِينَ",
      "english": "[The brothers] said, \"Its recompense is that he in whose bag it is found - he [himself] will be its recompense. Thus do we recompense the wrongdoers.\"",
      "hausa": "Suka ce: \"Sakamakonsa, wanda aka same shi a cikin kãyansa, to, shi ne sakamakonsa, kamar wancan ne muke sãka wa azzãlumai.\""
    },
    {
      "ayah": 76,
      "arabic": "فَبَدَأَ بِأَوْعِيَتِهِمْ قَبْلَ وِعَآءِ أَخِيهِ ثُمَّ ٱسْتَخْرَجَهَا مِن وِعَآءِ أَخِيهِ ۚ كَذَٰلِكَ كِدْنَا لِيُوسُفَ ۖ مَا كَانَ لِيَأْخُذَ أَخَاهُ فِى دِينِ ٱلْمَلِكِ إِلَّآ أَن يَشَآءَ ٱللَّهُ ۚ نَرْفَعُ دَرَجَـٰتٍ مَّن نَّشَآءُ ۗ وَفَوْقَ كُلِّ ذِى عِلْمٍ عَلِيمٌ",
      "english": "So he began [the search] with their bags before the bag of his brother; then he extracted it from the bag of his brother. Thus did We plan for Joseph. He could not have taken his brother within the religion of the king except that Allah willed. We raise in degrees whom We will, but over every possessor of knowledge is one [more] knowing.",
      "hausa": "To, sai ya fãra (bincike) da jikunansu a gabãnin jakar ɗan'uwansa. Sa'an nan ya fitar da ita daga jakar ɗan'uwansa. Kamar wancan muka shirya wa Yũsufu. Bai kasance ya kãma ɗan'uwansa a cikin addinin (dõkõkin) sarki ba, fãce idan Allah Ya so. Munã ɗaukaka darajõji ga wanda Muka so, kuma a saman kõwane ma'abũcin ilmi akwai wani masani."
    },
    {
      "ayah": 77,
      "arabic": "قَالُوٓا۟ إِن يَسْرِقْ فَقَدْ سَرَقَ أَخٌ لَّهُۥ مِن قَبْلُ ۚ فَأَسَرَّهَا يُوسُفُ فِى نَفْسِهِۦ وَلَمْ يُبْدِهَا لَهُمْ ۚ قَالَ أَنتُمْ شَرٌّ مَّكَانًا ۖ وَٱللَّهُ أَعْلَمُ بِمَا تَصِفُونَ",
      "english": "They said, \"If he steals - a brother of his has stolen before.\" But Joseph kept it within himself and did not reveal it to them. He said, \"You are worse in position, and Allah is most knowing of what you describe.\"",
      "hausa": "Suka ce: \"Idan ya yi sãta, to, lalle ne wani ɗan'uwansa yã taɓa yin sãta a gabãninsa.\" Sai Yũsufu ya bõye ta a cikin ransa. Kuma bai bayyana ta ba a gare su, ya ce: \"Kũ ne mafi sharri ga wuri. Kuma Allah ne Mafi sani daga abin da kuke siffantãwa.\""
    },
    {
      "ayah": 78,
      "arabic": "قَالُوا۟ يَـٰٓأَيُّهَا ٱلْعَزِيزُ إِنَّ لَهُۥٓ أَبًا شَيْخًا كَبِيرًا فَخُذْ أَحَدَنَا مَكَانَهُۥٓ ۖ إِنَّا نَرَىٰكَ مِنَ ٱلْمُحْسِنِينَ",
      "english": "They said, \"O 'Azeez, indeed he has a father [who is] an old man, so take one of us in place of him. Indeed, we see you as a doer of good.\"",
      "hausa": "Suka ce: \"Yã kai Azĩzu! Lalle ne yanã da wani ubã, tsoho mai daraja, sabõda haka ka kãma ɗayanmu amatsayinsa. Lalle ne mũ, muna ganin ka daga mãsu kyautatãwa.\""
    },
    {
      "ayah": 79,
      "arabic": "قَالَ مَعَاذَ ٱللَّهِ أَن نَّأْخُذَ إِلَّا مَن وَجَدْنَا مَتَـٰعَنَا عِندَهُۥٓ إِنَّآ إِذًا لَّظَـٰلِمُونَ",
      "english": "He said, \"[I seek] the refuge of Allah [to prevent] that we take except him with whom we found our possession. Indeed, we would then be unjust.\"",
      "hausa": "Ya ce: \"Allah Ya tsare mu daga mu kãma wani fãce wanda muka sãmi kãyanmu a wurinsa. Lalle ne mũ, a lõkacin nan, haƙĩƙa, azzãlumai ne.\""
    },
    {
      "ayah": 80,
      "arabic": "فَلَمَّا ٱسْتَيْـَٔسُوا۟ مِنْهُ خَلَصُوا۟ نَجِيًّا ۖ قَالَ كَبِيرُهُمْ أَلَمْ تَعْلَمُوٓا۟ أَنَّ أَبَاكُمْ قَدْ أَخَذَ عَلَيْكُم مَّوْثِقًا مِّنَ ٱللَّهِ وَمِن قَبْلُ مَا فَرَّطتُمْ فِى يُوسُفَ ۖ فَلَنْ أَبْرَحَ ٱلْأَرْضَ حَتَّىٰ يَأْذَنَ لِىٓ أَبِىٓ أَوْ يَحْكُمَ ٱللَّهُ لِى ۖ وَهُوَ خَيْرُ ٱلْحَـٰكِمِينَ",
      "english": "So when they had despaired of him, they secluded themselves in private consultation. The eldest of them said, \"Do you not know that your father has taken upon you an oath by Allah and [that] before you failed in [your duty to] Joseph? So I will never leave [this] land until my father permits me or Allah decides for me, and He is the best of judges.",
      "hausa": "Sabõda haka, a lõkacin da suka yanke tsammãni daga gare shi, sai suka fita sunã mãsu gãnãwa. Babbansu ya ce: \"Shin, ba ku sani ba cẽwa lalle ne ubanku yariƙi alkawari daga Allah a kanku, kuma daga gabanin haka akwai abin da kuka yi na sakaci game da Yũsufu? Sabõda haka, bã zan gushe daga ƙasar nan ba fãce ubana yã yi mini izni, kõ kuwa Allah Ya yi hukunci a gare ni, kuma Shĩ ne Mafi alhẽrin mahukunta.\""
    },
    {
      "ayah": 81,
      "arabic": "ٱرْجِعُوٓا۟ إِلَىٰٓ أَبِيكُمْ فَقُولُوا۟ يَـٰٓأَبَانَآ إِنَّ ٱبْنَكَ سَرَقَ وَمَا شَهِدْنَآ إِلَّا بِمَا عَلِمْنَا وَمَا كُنَّا لِلْغَيْبِ حَـٰفِظِينَ",
      "english": "Return to your father and say, \"O our father, indeed your son has stolen, and we did not testify except to what we knew. And we were not witnesses of the unseen,",
      "hausa": "\"Ku kõma zuwa ga ubanku, ku gaya masa: Yã bãbanmu, lalle ne ɗanka yã yi sãta, kuma ba mu yi shaida ba fãce da abin da muka sani, kuma ba mu kasance mun san gaibu ba.\""
    },
    {
      "ayah": 82,
      "arabic": "وَسْـَٔلِ ٱلْقَرْيَةَ ٱلَّتِى كُنَّا فِيهَا وَٱلْعِيرَ ٱلَّتِىٓ أَقْبَلْنَا فِيهَا ۖ وَإِنَّا لَصَـٰدِقُونَ",
      "english": "And ask the city in which we were and the caravan in which we came - and indeed, we are truthful,\"",
      "hausa": "\"Kuma ka tambayi alƙarya wadda muka kasance a cikinta da ãyari wanda muka gabãto acikinsa, kuma lalle ne haƙĩƙa, mũ mãsu gaskiya ne.\""
    },
    {
      "ayah": 83,
      "arabic": "قَالَ بَلْ سَوَّلَتْ لَكُمْ أَنفُسُكُمْ أَمْرًا ۖ فَصَبْرٌ جَمِيلٌ ۖ عَسَى ٱللَّهُ أَن يَأْتِيَنِى بِهِمْ جَمِيعًا ۚ إِنَّهُۥ هُوَ ٱلْعَلِيمُ ٱلْحَكِيمُ",
      "english": "[Jacob] said, \"Rather, your souls have enticed you to something, so patience is most fitting. Perhaps Allah will bring them to me all together. Indeed it is He who is the Knowing, the Wise.\"",
      "hausa": "Ya ce: \"Ã'a, zukatanku sun ƙawãta wani al'amari a gare ku. Sai haƙuri mai kyãwo, akwai tsammãnin Allah Ya zo mini da su gabã ɗaya (Yũsufu da 'yan'uwansa). Lalle ne Shĩ ne Masani, Mai hikima.\""
    },
    {
      "ayah": 84,
      "arabic": "وَتَوَلَّىٰ عَنْهُمْ وَقَالَ يَـٰٓأَسَفَىٰ عَلَىٰ يُوسُفَ وَٱبْيَضَّتْ عَيْنَاهُ مِنَ ٱلْحُزْنِ فَهُوَ كَظِيمٌ",
      "english": "And he turned away from them and said, \"Oh, my sorrow over Joseph,\" and his eyes became white from grief, for he was [of that] a suppressor.",
      "hausa": "Kuma ya jũya daga gare su, kuma ya ce: \"Yã baƙin cikina a kan Yũsufu!\" Kuma idãnunsa suka yi fari sabõda huznu sa'an nan yanã ta haɗẽwar haushi."
    },
    {
      "ayah": 85,
      "arabic": "قَالُوا۟ تَٱللَّهِ تَفْتَؤُا۟ تَذْكُرُ يُوسُفَ حَتَّىٰ تَكُونَ حَرَضًا أَوْ تَكُونَ مِنَ ٱلْهَـٰلِكِينَ",
      "english": "They said, \"By Allah, you will not cease remembering Joseph until you become fatally ill or become of those who perish.\"",
      "hausa": "Suka ce: \"Tallahi! Bã zã ka gushe ba, kanã ambaton Yũsufu, har ka kasance Mai rauni ƙwarai, kõ kuwa ka kasance daga mãsu halaka.\""
    },
    {
      "ayah": 86,
      "arabic": "قَالَ إِنَّمَآ أَشْكُوا۟ بَثِّى وَحُزْنِىٓ إِلَى ٱللَّهِ وَأَعْلَمُ مِنَ ٱللَّهِ مَا لَا تَعْلَمُونَ",
      "english": "He said, \"I only complain of my suffering and my grief to Allah, and I know from Allah that which you do not know.",
      "hausa": "Ya ce: \"Abin sani kawai, inã kai ƙarar baƙin cikĩna da sunõna zuwa ga Allah, kuma na san abin da ba ku sani ba daga Allah.\""
    },
    {
      "ayah": 87,
      "arabic": "يَـٰبَنِىَّ ٱذْهَبُوا۟ فَتَحَسَّسُوا۟ مِن يُوسُفَ وَأَخِيهِ وَلَا تَا۟يْـَٔسُوا۟ مِن رَّوْحِ ٱللَّهِ ۖ إِنَّهُۥ لَا يَا۟يْـَٔسُ مِن رَّوْحِ ٱللَّهِ إِلَّا ٱلْقَوْمُ ٱلْكَـٰفِرُونَ",
      "english": "O my sons, go and find out about Joseph and his brother and despair not of relief from Allah. Indeed, no one despairs of relief from Allah except the disbelieving people.\"",
      "hausa": "\"Yã ɗiyãna! Sai ku tafi ku nẽmo lãbãrin Yũsufu da ɗan'uwansa. Kada ku yanke tsammãni daga rahamar Allah. Lalle ne, bãbu Mai yanke tsammãni daga rahamar Allah fãce mutãne kãfirai.\""
    },
    {
      "ayah": 88,
      "arabic": "فَلَمَّا دَخَلُوا۟ عَلَيْهِ قَالُوا۟ يَـٰٓأَيُّهَا ٱلْعَزِيزُ مَسَّنَا وَأَهْلَنَا ٱلضُّرُّ وَجِئْنَا بِبِضَـٰعَةٍ مُّزْجَىٰةٍ فَأَوْفِ لَنَا ٱلْكَيْلَ وَتَصَدَّقْ عَلَيْنَآ ۖ إِنَّ ٱللَّهَ يَجْزِى ٱلْمُتَصَدِّقِينَ",
      "english": "So when they entered upon Joseph, they said, \"O 'Azeez, adversity has touched us and our family, and we have come with goods poor in quality, but give us full measure and be charitable to us. Indeed, Allah rewards the charitable.\"",
      "hausa": "Sa'an nan a lõkacin da suka shiga gare shi suka ce: \"Yã kai Azĩzu! Cũta ta shãfe mu, mũ da iyãlinmu, kuma mun zo da wata hãja maras kuma. Sai ka cika mana ma'auni, kuma ka yi sadaka a gare mu. Lalle ne Allah Yanã sãka wa mãsu yin sadaka. \""
    },
    {
      "ayah": 89,
      "arabic": "قَالَ هَلْ عَلِمْتُم مَّا فَعَلْتُم بِيُوسُفَ وَأَخِيهِ إِذْ أَنتُمْ جَـٰهِلُونَ",
      "english": "He said, \"Do you know what you did with Joseph and his brother when you were ignorant?\"",
      "hausa": "Ya ce: \"Shin, kan san abin da kuka aikata ga Yũsufu da ɗan'uwansa a lõkacin da kuke jãhilai?\""
    },
    {
      "ayah": 90,
      "arabic": "قَالُوٓا۟ أَءِنَّكَ لَأَنتَ يُوسُفُ ۖ قَالَ أَنَا۠ يُوسُفُ وَهَـٰذَآ أَخِى ۖ قَدْ مَنَّ ٱللَّهُ عَلَيْنَآ ۖ إِنَّهُۥ مَن يَتَّقِ وَيَصْبِرْ فَإِنَّ ٱللَّهَ لَا يُضِيعُ أَجْرَ ٱلْمُحْسِنِينَ",
      "english": "They said, \"Are you indeed Joseph?\" He said \"I am Joseph, and this is my brother. Allah has certainly favored us. Indeed, he who fears Allah and is patient, then indeed, Allah does not allow to be lost the reward of those who do good.\"",
      "hausa": "Saka ce: \"Shin kõ, lalle ne, kai ne Yũsufu?\" Ya ce: \"Nĩ ne Yũsufu, kuma wamian shĩ ne ɗan'uwãna. Hƙĩƙa Allah Yã yi falala a gare mu. Lalle ne, shi wanda ya bi Allah da taƙawa, kuma ya yi haƙuri, to, Lalle ne Allah bã Ya tõzarta lãdar mãsu kyautatãwa.\""
    },
    {
      "ayah": 91,
      "arabic": "قَالُوا۟ تَٱللَّهِ لَقَدْ ءَاثَرَكَ ٱللَّهُ عَلَيْنَا وَإِن كُنَّا لَخَـٰطِـِٔينَ",
      "english": "They said, \"By Allah, certainly has Allah preferred you over us, and indeed, we have been sinners.\"",
      "hausa": "Suka ce: \"Tallahi! Lalle ne haƙĩƙa, Allah Yã zãɓe ka akannmu, kuma lalle ne mun kasance, haƙĩƙa, mãsu kuskure.\""
    },
    {
      "ayah": 92,
      "arabic": "قَالَ لَا تَثْرِيبَ عَلَيْكُمُ ٱلْيَوْمَ ۖ يَغْفِرُ ٱللَّهُ لَكُمْ ۖ وَهُوَ أَرْحَمُ ٱلرَّٰحِمِينَ",
      "english": "He said, \"No blame will there be upon you today. Allah will forgive you; and He is the most merciful of the merciful.\"",
      "hausa": "Ya ce: \"Bãbu zargi akanku a yau, Allah Yanã gãfartã muku, kuma Shĩ ne Mafi rahamar mãsu rahama.\""
    },
    {
      "ayah": 93,
      "arabic": "ٱذْهَبُوا۟ بِقَمِيصِى هَـٰذَا فَأَلْقُوهُ عَلَىٰ وَجْهِ أَبِى يَأْتِ بَصِيرًا وَأْتُونِى بِأَهْلِكُمْ أَجْمَعِينَ",
      "english": "Take this, my shirt, and cast it over the face of my father; he will become seeing. And bring me your family, all together.\"",
      "hausa": "\"Ku tafi da rĩgãta wannan, sa'an nan ku jẽfa ta a kan fuskar mahaifina, zai kõma mai gani. Kuma ku zo mini da iyãlinku bãki ɗaya.\""
    },
    {
      "ayah": 94,
      "arabic": "وَلَمَّا فَصَلَتِ ٱلْعِيرُ قَالَ أَبُوهُمْ إِنِّى لَأَجِدُ رِيحَ يُوسُفَ ۖ لَوْلَآ أَن تُفَنِّدُونِ",
      "english": "And when the caravan departed [from Egypt], their father said, \"Indeed, I find the smell of Joseph [and would say that he was alive] if you did not think me weakened in mind.\"",
      "hausa": "Kuma, a lõkacin da ãyari ya bar (Masar) ubansa ya ce: \"Lalle ne nĩ inã shãƙar iskar Yũsufu, bã dõmin kanã ƙaryata ni ba.\""
    },
    {
      "ayah": 95,
      "arabic": "قَالُوا۟ تَٱللَّهِ إِنَّكَ لَفِى ضَلَـٰلِكَ ٱلْقَدِيمِ",
      "english": "They said, \"By Allah, indeed you are in your [same] old error.\"",
      "hausa": "Suka ce: \"Tallahi lalle ne, kai, haƙĩƙa, kanã a cikin ɓatarka daɗaɗɗa.\""
    },
    {
      "ayah": 96,
      "arabic": "فَلَمَّآ أَن جَآءَ ٱلْبَشِيرُ أَلْقَىٰهُ عَلَىٰ وَجْهِهِۦ فَٱرْتَدَّ بَصِيرًا ۖ قَالَ أَلَمْ أَقُل لَّكُمْ إِنِّىٓ أَعْلَمُ مِنَ ٱللَّهِ مَا لَا تَعْلَمُونَ",
      "english": "And when the bearer of good tidings arrived, he cast it over his face, and he returned [once again] seeing. He said, \"Did I not tell you that I know from Allah that which you do not know?\"",
      "hausa": "Sa'an nan a lõkacin da mai bãyar da bushãra ya je, sai ya jẽfa ta a kan fuskarsa, sai ya kõma mai gani. Ya ce: \"Shin, ban gaya muku ba, lalle ne, ni inã sanin abin da ba ku sani ba, daga Allah?\""
    },
    {
      "ayah": 97,
      "arabic": "قَالُوا۟ يَـٰٓأَبَانَا ٱسْتَغْفِرْ لَنَا ذُنُوبَنَآ إِنَّا كُنَّا خَـٰطِـِٔينَ",
      "english": "They said, \"O our father, ask for us forgiveness of our sins; indeed, we have been sinners.\"",
      "hausa": "Suka ce: \"Yã ubanmu! ka nẽma mana gãfara ga zunubanmu, lalle ne mũ, mun kasance mãsu kuskure.\""
    },
    {
      "ayah": 98,
      "arabic": "قَالَ سَوْفَ أَسْتَغْفِرُ لَكُمْ رَبِّىٓ ۖ إِنَّهُۥ هُوَ ٱلْغَفُورُ ٱلرَّحِيمُ",
      "english": "He said, \"I will ask forgiveness for you from my Lord. Indeed, it is He who is the Forgiving, the Merciful.\"",
      "hausa": "Ya ce: \"Da sannu zã ni nẽma muku gãfara daga Ubangijina. Shi ne Mai gãfara, Mai jin ƙai.\""
    },
    {
      "ayah": 99,
      "arabic": "فَلَمَّا دَخَلُوا۟ عَلَىٰ يُوسُفَ ءَاوَىٰٓ إِلَيْهِ أَبَوَيْهِ وَقَالَ ٱدْخُلُوا۟ مِصْرَ إِن شَآءَ ٱللَّهُ ءَامِنِينَ",
      "english": "And when they entered upon Joseph, he took his parents to himself and said, \"Enter Egypt, Allah willing, safe [and secure].\"",
      "hausa": "Sa'an nan a lõkacin da suka shiga gun Yũsufu, yã tattara mahaifansa biyu a gare shi, kuma ya ce: \"Ku shiga Masar in Allah Ya so, kuna amintattu.\""
    },
    {
      "ayah": 100,
      "arabic": "وَرَفَعَ أَبَوَيْهِ عَلَى ٱلْعَرْشِ وَخَرُّوا۟ لَهُۥ سُجَّدًا ۖ وَقَالَ يَـٰٓأَبَتِ هَـٰذَا تَأْوِيلُ رُءْيَـٰىَ مِن قَبْلُ قَدْ جَعَلَهَا رَبِّى حَقًّا ۖ وَقَدْ أَحْسَنَ بِىٓ إِذْ أَخْرَجَنِى مِنَ ٱلسِّجْنِ وَجَآءَ بِكُم مِّنَ ٱلْبَدْوِ مِنۢ بَعْدِ أَن نَّزَغَ ٱلشَّيْطَـٰنُ بَيْنِى وَبَيْنَ إِخْوَتِىٓ ۚ إِنَّ رَبِّى لَطِيفٌ لِّمَا يَشَآءُ ۚ إِنَّهُۥ هُوَ ٱلْعَلِيمُ ٱلْحَكِيمُ",
      "english": "And he raised his parents upon the throne, and they bowed to him in prostration. And he said, \"O my father, this is the explanation of my vision of before. My Lord has made it reality. And He was certainly good to me when He took me out of prison and brought you [here] from bedouin life after Satan had induced [estrangement] between me and my brothers. Indeed, my Lord is Subtle in what He wills. Indeed, it is He who is the Knowing, the Wise.",
      "hausa": "Kuma ya ɗaukaka iyãyensa biyu a kan karaga, sa'an nan suka fãɗi a gare shi, suna mãsu sujada. Kuma ya ce: \"Ya bãbãna! Wannan ita ce fassarar mafarkin nan nãwa. Lalle ne Ubangijina Ya sanya shi ya tabbata sõsai, kuma lalle ne Ya kyautata game da ni a lõkacin da Ya fitar da ni daga kurkuku. Kuma Ya zo da ku daga ƙauye, a bãyan Shaiɗan yã yi fisgar ɓarna a tsakãnĩna da tsakãnin 'yan'uwana, Lalle ne Ubangijina Mai tausasawa ne ga abin da Yake so. Lalle ne Shĩ, Shĩ ne Masani, Mai hikima.\""
    },
    {
      "ayah": 101,
      "arabic": "رَبِّ قَدْ ءَاتَيْتَنِى مِنَ ٱلْمُلْكِ وَعَلَّمْتَنِى مِن تَأْوِيلِ ٱلْأَحَادِيثِ ۚ فَاطِرَ ٱلسَّمَـٰوَٰتِ وَٱلْأَرْضِ أَنتَ وَلِىِّۦ فِى ٱلدُّنْيَا وَٱلْـَٔاخِرَةِ ۖ تَوَفَّنِى مُسْلِمًا وَأَلْحِقْنِى بِٱلصَّـٰلِحِينَ",
      "english": "My Lord, You have given me [something] of sovereignty and taught me of the interpretation of dreams. Creator of the heavens and earth, You are my protector in this world and in the Hereafter. Cause me to die a Muslim and join me with the righteous.\"",
      "hausa": "\"Yã Ubangijina lalle ne Kã bã ni daga mulki, kuma Kã sanar da ni daga fassarar lãbaru. Ya Mahaliccin sammai da ƙasa! Kai ne Majiɓincĩna a dũniya da Lãhira Ka karɓi raina inã Musulmi, kuma Ka riskar da ni ga sãlihai.\""
    },
    {
      "ayah": 102,
      "arabic": "ذَٰلِكَ مِنْ أَنۢبَآءِ ٱلْغَيْبِ نُوحِيهِ إِلَيْكَ ۖ وَمَا كُنتَ لَدَيْهِمْ إِذْ أَجْمَعُوٓا۟ أَمْرَهُمْ وَهُمْ يَمْكُرُونَ",
      "english": "That is from the news of the unseen which We reveal, [O Muhammad], to you. And you were not with them when they put together their plan while they conspired.",
      "hausa": "Wannan daga lãbarun gaibi ne, Munã yin wahayinsa zuwa gare ka, kuma ba ka kasance a wurinsu ba a lõkacin da suke yin niyyar zartar da al'amarinsu, alhãli sunã yin mãkirci."
    },
    {
      "ayah": 103,
      "arabic": "وَمَآ أَكْثَرُ ٱلنَّاسِ وَلَوْ حَرَصْتَ بِمُؤْمِنِينَ",
      "english": "And most of the people, although you strive [for it], are not believers.",
      "hausa": "Kuma mafi yawan mutãne ba su zama mãsu ĩmãni ba, kõ da kã yi kwaɗayin haka."
    },
    {
      "ayah": 104,
      "arabic": "وَمَا تَسْـَٔلُهُمْ عَلَيْهِ مِنْ أَجْرٍ ۚ إِنْ هُوَ إِلَّا ذِكْرٌ لِّلْعَـٰلَمِينَ",
      "english": "And you do not ask of them for it any payment. It is not except a reminder to the worlds.",
      "hausa": "Kuma bã ka tambayar su wata lãdã a kansa. Shĩ bai zama ba fãce ambato dõmin halittu."
    },
    {
      "ayah": 105,
      "arabic": "وَكَأَيِّن مِّنْ ءَايَةٍ فِى ٱلسَّمَـٰوَٰتِ وَٱلْأَرْضِ يَمُرُّونَ عَلَيْهَا وَهُمْ عَنْهَا مُعْرِضُونَ",
      "english": "And how many a sign within the heavens and earth do they pass over while they, therefrom, are turning away.",
      "hausa": "Kuma da yawa, wata ãyã a cikin sammai da ƙasa sunã shũɗẽwa a kanta kuma sũ, sunã bijirẽwa daga gare ta."
    },
    {
      "ayah": 106,
      "arabic": "وَمَا يُؤْمِنُ أَكْثَرُهُم بِٱللَّهِ إِلَّا وَهُم مُّشْرِكُونَ",
      "english": "And most of them believe not in Allah except while they associate others with Him.",
      "hausa": "Kuma mafi yawansu ba su yin ĩmãni da Allah fãce kuma sunã mãsu shirki."
    },
    {
      "ayah": 107,
      "arabic": "أَفَأَمِنُوٓا۟ أَن تَأْتِيَهُمْ غَـٰشِيَةٌ مِّنْ عَذَابِ ٱللَّهِ أَوْ تَأْتِيَهُمُ ٱلسَّاعَةُ بَغْتَةً وَهُمْ لَا يَشْعُرُونَ",
      "english": "Then do they feel secure that there will not come to them an overwhelming [aspect] of the punishment of Allah or that the Hour will not come upon them suddenly while they do not perceive?",
      "hausa": "Shin fa, sun amince cẽwa wata masĩfa daga azãbar Allah ta zo musu ko kuwa Tãshin ¡iyãma ta zo musu kwatsam, alhãli sũ ba su sani ba?"
    },
    {
      "ayah": 108,
      "arabic": "قُلْ هَـٰذِهِۦ سَبِيلِىٓ أَدْعُوٓا۟ إِلَى ٱللَّهِ ۚ عَلَىٰ بَصِيرَةٍ أَنَا۠ وَمَنِ ٱتَّبَعَنِى ۖ وَسُبْحَـٰنَ ٱللَّهِ وَمَآ أَنَا۠ مِنَ ٱلْمُشْرِكِينَ",
      "english": "Say, \"This is my way; I invite to Allah with insight, I and those who follow me. And exalted is Allah; and I am not of those who associate others with Him.\"",
      "hausa": "Ka ce: \"Wannan ce hanyãta; inã kira zuwa ga Allah a kan basĩra, nĩ da waɗanda suka bĩ ni, kuma tsarki ya tabbata ga Allah! Nĩ kuma, ban zama daga mãsu shirki ba.\""
    },
    {
      "ayah": 109,
      "arabic": "وَمَآ أَرْسَلْنَا مِن قَبْلِكَ إِلَّا رِجَالًا نُّوحِىٓ إِلَيْهِم مِّنْ أَهْلِ ٱلْقُرَىٰٓ ۗ أَفَلَمْ يَسِيرُوا۟ فِى ٱلْأَرْضِ فَيَنظُرُوا۟ كَيْفَ كَانَ عَـٰقِبَةُ ٱلَّذِينَ مِن قَبْلِهِمْ ۗ وَلَدَارُ ٱلْـَٔاخِرَةِ خَيْرٌ لِّلَّذِينَ ٱتَّقَوْا۟ ۗ أَفَلَا تَعْقِلُونَ",
      "english": "And We sent not before you [as messengers] except men to whom We revealed from among the people of cities. So have they not traveled through the earth and observed how was the end of those before them? And the home of the Hereafter is best for those who fear Allah; then will you not reason?",
      "hausa": "Kuma ba Mu aika ba a gabãninka fãce mazãje, Munã wahayi zuwa gare su, daga mutãnen ƙauyuka. Shin fa, ba su yi tafiya a cikin ƙasa ba, dõmin su dũbayadda ãƙibar waɗanda suka kasance daga gabãninsu ta zama? Kuma lalle ne gidan Lãhira shĩ ne mafi alhẽri ga waɗanda suka yi taƙawa? Shin fa, bã ku hankalta?"
    },
    {
      "ayah": 110,
      "arabic": "حَتَّىٰٓ إِذَا ٱسْتَيْـَٔسَ ٱلرُّسُلُ وَظَنُّوٓا۟ أَنَّهُمْ قَدْ كُذِبُوا۟ جَآءَهُمْ نَصْرُنَا فَنُجِّىَ مَن نَّشَآءُ ۖ وَلَا يُرَدُّ بَأْسُنَا عَنِ ٱلْقَوْمِ ٱلْمُجْرِمِينَ",
      "english": "[They continued] until, when the messengers despaired and were certain that they had been denied, there came to them Our victory, and whoever We willed was saved. And Our punishment cannot be repelled from the people who are criminals.",
      "hausa": "Har a lõkacin da Manzanni suka yanke tsammãni, kuma suka yi zaton cẽwa an jingina suga ƙarya, sai taimakonMu ya je masu, Sa'an nan Mu tsẽrar da wanda Muke so, kuma bã a mayar da azãbarMu daga mutãne mãsu laifi."
    },
    {
      "ayah": 111,
      "arabic": "لَقَدْ كَانَ فِى قَصَصِهِمْ عِبْرَةٌ لِّأُو۟لِى ٱلْأَلْبَـٰبِ ۗ مَا كَانَ حَدِيثًا يُفْتَرَىٰ وَلَـٰكِن تَصْدِيقَ ٱلَّذِى بَيْنَ يَدَيْهِ وَتَفْصِيلَ كُلِّ شَىْءٍ وَهُدًى وَرَحْمَةً لِّقَوْمٍ يُؤْمِنُونَ",
      "english": "There was certainly in their stories a lesson for those of understanding. Never was the Qur'an a narration invented, but a confirmation of what was before it and a detailed explanation of all things and guidance and mercy for a people who believe.",
      "hausa": "Lalle ne haƙĩƙa abin kula yã kasance a cikin ƙissoshinsu ga masu hankali. Bai kasance wani ƙirƙiran lãbãri ba kuma amma shi gaskatãwa ne ga, abin da yake a gaba gare shi, da rarrabẽwar dukan abũbuwa, da shiriya da rahama ga mutãne waɗanda suka yi ĩmãni."
    }
  ]
}