{
  "surah": 81,
  "hasBasmallah": false,
  "basmallah": "",
  "verses": [
    {
      "ayah": 1,
      "arabic": "إِذَا ٱلشَّمْسُ كُوِّرَتْ",
      "english": "When the sun is wrapped up [in darkness]",
      "hausa": "Idan rãna aka shafe haskenta"
    },
    {
      "ayah": 2,
      "arabic": "وَإِذَا ٱلنُّجُومُ ٱنكَدَرَتْ",
      "english": "And when the stars fall, dispersing,",
      "hausa": "Kuma idan taurãri suka gurɓãce (wani ya shiga a cikin wani)."
    },
    {
      "ayah": 3,
      "arabic": "وَإِذَا ٱلْجِبَالُ سُيِّرَتْ",
      "english": "And when the mountains are removed",
      "hausa": "Kuma idan duwãtsu aka tafiyar da su."
    },
    {
      "ayah": 4,
      "arabic": "وَإِذَا ٱلْعِشَارُ عُطِّلَتْ",
      "english": "And when full-term she-camels are neglected",
      "hausa": "Kuma idan rãƙuma mãsu cikunna aka sakẽ su wãwai, bã ga kõwa ba."
    },
    {
      "ayah": 5,
      "arabic": "وَإِذَا ٱلْوُحُوشُ حُشِرَتْ",
      "english": "And when the wild beasts are gathered",
      "hausa": "Kuma idan dabbõbin dãji aka tattara su."
    },
    {
      "ayah": 6,
      "arabic": "وَإِذَا ٱلْبِحَارُ سُجِّرَتْ",
      "english": "And when the seas are filled with flame",
      "hausa": "Kuma idan tẽkuna aka mayar da su wuta."
    },
    {
      "ayah": 7,
      "arabic": "وَإِذَا ٱلنُّفُوسُ زُوِّجَتْ",
      "english": "And when the souls are paired",
      "hausa": "Kuma idan rãyuka aka haɗa su da jikunkunansu."
    },
    {
      "ayah": 8,
      "arabic": "وَإِذَا ٱلْمَوْءُۥدَةُ سُئِلَتْ",
      "english": "And when the girl [who was] buried alive is asked",
      "hausa": "Kuma idan wadda aka turbuɗe ta da rai aka tambaye ta."
    },
    {
      "ayah": 9,
      "arabic": "بِأَىِّ ذَنۢبٍ قُتِلَتْ",
      "english": "For what sin she was killed",
      "hausa": "\"Sabõda wane laifi ne aka kashe ta?\""
    },
    {
      "ayah": 10,
      "arabic": "وَإِذَا ٱلصُّحُفُ نُشِرَتْ",
      "english": "And when the pages are made public",
      "hausa": "Idan takardun ayyuka aka wãtsa su (ga mãsu su)."
    },
    {
      "ayah": 11,
      "arabic": "وَإِذَا ٱلسَّمَآءُ كُشِطَتْ",
      "english": "And when the sky is stripped away",
      "hausa": "Kuma idan sama aka fẽɗe ta."
    },
    {
      "ayah": 12,
      "arabic": "وَإِذَا ٱلْجَحِيمُ سُعِّرَتْ",
      "english": "And when Hellfire is set ablaze",
      "hausa": "Kuma idan Jahĩm aka hũra ta"
    },
    {
      "ayah": 13,
      "arabic": "وَإِذَا ٱلْجَنَّةُ أُزْلِفَتْ",
      "english": "And when Paradise is brought near,",
      "hausa": "Kuma idan Aljanna aka kusantar da ita."
    },
    {
      "ayah": 14,
      "arabic": "عَلِمَتْ نَفْسٌ مَّآ أَحْضَرَتْ",
      "english": "A soul will [then] know what it has brought [with it].",
      "hausa": "Rai ya san abin da ya halartar (a rãnar nan)."
    },
    {
      "ayah": 15,
      "arabic": "فَلَآ أُقْسِمُ بِٱلْخُنَّسِ",
      "english": "So I swear by the retreating stars -",
      "hausa": "To, ba sai Na yi rantsuwa da taurãri matafã ba."
    },
    {
      "ayah": 16,
      "arabic": "ٱلْجَوَارِ ٱلْكُنَّسِ",
      "english": "Those that run [their courses] and disappear -",
      "hausa": "Mãsu gudu suna ɓũya."
    },
    {
      "ayah": 17,
      "arabic": "وَٱلَّيْلِ إِذَا عَسْعَسَ",
      "english": "And by the night as it closes in",
      "hausa": "Da dare idan ya bãyar da bãya."
    },
    {
      "ayah": 18,
      "arabic": "وَٱلصُّبْحِ إِذَا تَنَفَّسَ",
      "english": "And by the dawn when it breathes",
      "hausa": "Da sãfiya idan ta yi lumfashi."
    },
    {
      "ayah": 19,
      "arabic": "إِنَّهُۥ لَقَوْلُ رَسُولٍ كَرِيمٍ",
      "english": "[That] indeed, the Qur'an is a word [conveyed by] a noble messenger",
      "hausa": "Lalle ne shi (Alƙur'ãni) haƙƙan, maganar wani manzon (Allah) ne mai girma ga Allah."
    },
    {
      "ayah": 20,
      "arabic": "ذِى قُوَّةٍ عِندَ ذِى ٱلْعَرْشِ مَكِينٍ",
      "english": "[Who is] possessed of power and with the Owner of the Throne, secure [in position],",
      "hausa": "Mai ƙarfi, mai daraja a wurin Mai Al'arshi."
    },
    {
      "ayah": 21,
      "arabic": "مُّطَاعٍ ثَمَّ أَمِينٍ",
      "english": "Obeyed there [in the heavens] and trustworthy.",
      "hausa": "Wanda ake yi wa ɗã'a (wato shugaban malã'iku) ne a can, amintacce."
    },
    {
      "ayah": 22,
      "arabic": "وَمَا صَاحِبُكُم بِمَجْنُونٍ",
      "english": "And your companion is not [at all] mad.",
      "hausa": "Kuma abokinku ba mahaukaci ba ne."
    },
    {
      "ayah": 23,
      "arabic": "وَلَقَدْ رَءَاهُ بِٱلْأُفُقِ ٱلْمُبِينِ",
      "english": "And he has already seen Gabriel in the clear horizon.",
      "hausa": "Kuma lalle ne, yã gan shi a cikin sararin sama mabayyani."
    },
    {
      "ayah": 24,
      "arabic": "وَمَا هُوَ عَلَى ٱلْغَيْبِ بِضَنِينٍ",
      "english": "And Muhammad is not a withholder of [knowledge of] the unseen.",
      "hausa": "Kuma shi, ga gaibi bã mai rowa ba ne."
    },
    {
      "ayah": 25,
      "arabic": "وَمَا هُوَ بِقَوْلِ شَيْطَـٰنٍ رَّجِيمٍ",
      "english": "And the Qur'an is not the word of a devil, expelled [from the heavens].",
      "hausa": "Kuma shi (Alƙur'ani) bã maganar shaiɗani, wanda aka la'ana, ba ce."
    },
    {
      "ayah": 26,
      "arabic": "فَأَيْنَ تَذْهَبُونَ",
      "english": "So where are you going?",
      "hausa": "Shin, a inã zã ku tafi?"
    },
    {
      "ayah": 27,
      "arabic": "إِنْ هُوَ إِلَّا ذِكْرٌ لِّلْعَـٰلَمِينَ",
      "english": "It is not except a reminder to the worlds",
      "hausa": "Lalle ne shi (Alƙur'ãni), bã kõme ba ne fãce gargaɗi ga talikai."
    },
    {
      "ayah": 28,
      "arabic": "لِمَن شَآءَ مِنكُمْ أَن يَسْتَقِيمَ",
      "english": "For whoever wills among you to take a right course.",
      "hausa": "Ga wanda ya so, daga cikinku, ya shiryu."
    },
    {
      "ayah": 29,
      "arabic": "وَمَا تَشَآءُونَ إِلَّآ أَن يَشَآءَ ٱللَّهُ رَبُّ ٱلْعَـٰلَمِينَ",
      "english": "And you do not will except that Allah wills - Lord of the worlds.",
      "hausa": "Kuma bã zã ku so ba sai idan Allah Ubangijin halitta Yã yarda."
    }
  ]
}