{
  "surah": 60,
  "hasBasmallah": false,
  "basmallah": "",
  "verses": [
    {
      "ayah": 1,
      "arabic": "يَـٰٓأَيُّهَا ٱلَّذِينَ ءَامَنُوا۟ لَا تَتَّخِذُوا۟ عَدُوِّى وَعَدُوَّكُمْ أَوْلِيَآءَ تُلْقُونَ إِلَيْهِم بِٱلْمَوَدَّةِ وَقَدْ كَفَرُوا۟ بِمَا جَآءَكُم مِّنَ ٱلْحَقِّ يُخْرِجُونَ ٱلرَّسُولَ وَإِيَّاكُمْ ۙ أَن تُؤْمِنُوا۟ بِٱللَّهِ رَبِّكُمْ إِن كُنتُمْ خَرَجْتُمْ جِهَـٰدًا فِى سَبِيلِى وَٱبْتِغَآءَ مَرْضَاتِى ۚ تُسِرُّونَ إِلَيْهِم بِٱلْمَوَدَّةِ وَأَنَا۠ أَعْلَمُ بِمَآ أَخْفَيْتُمْ وَمَآ أَعْلَنتُمْ ۚ وَمَن يَفْعَلْهُ مِنكُمْ فَقَدْ ضَلَّ سَوَآءَ ٱلسَّبِيلِ",
      "english": "O you who have believed, do not take My enemies and your enemies as allies, extending to them affection while they have disbelieved in what came to you of the truth, having driven out the Prophet and yourselves [only] because you believe in Allah, your Lord. If you have come out for jihad in My cause and seeking means to My approval, [take them not as friends]. You confide to them affection, but I am most knowing of what you have concealed and what you have declared. And whoever does it among you has certainly strayed from the soundness of the way.",
      "hausa": "Ya kũ waɗanda suka yi ĩmani! Kada ku riƙi maƙiyĩNa kuma maƙiyinku masõyi, 845. Kuna jẽfa sõyayya zuwa gare su, alhãli kuwa haƙĩƙa sun kãfirta da abin da ya zo muku, na gaskiya, sunã fitar da Manzon Allah tãre da ku (daga gidãjenku) dõmin kun yi ĩmãni da Allah, Ubangijinku, idan kun fito dõmin jihãdi sabõda ɗaukaka kalmaTa da nẽman yardaTa, kunã asirta sõyayya zuwa gare su alhãli kuwa Nĩ ne Mafi sani ga abin da kuka ɓõye da abin da kuka bayyana, kuma duk wanda ya aikata shi daga cikinku, to, lalle ya ɓace daga tsakar hanya."
    },
    {
      "ayah": 2,
      "arabic": "إِن يَثْقَفُوكُمْ يَكُونُوا۟ لَكُمْ أَعْدَآءً وَيَبْسُطُوٓا۟ إِلَيْكُمْ أَيْدِيَهُمْ وَأَلْسِنَتَهُم بِٱلسُّوٓءِ وَوَدُّوا۟ لَوْ تَكْفُرُونَ",
      "english": "If they gain dominance over you, they would be to you as enemies and extend against you their hands and their tongues with evil, and they wish you would disbelieve.",
      "hausa": "Idan sun kãma ku, zã su kasance maƙiya a gare ku, kuma su shimfiɗa hannuwansu da harsunan gũrin ku kãfirta."
    },
    {
      "ayah": 3,
      "arabic": "لَن تَنفَعَكُمْ أَرْحَامُكُمْ وَلَآ أَوْلَـٰدُكُمْ ۚ يَوْمَ ٱلْقِيَـٰمَةِ يَفْصِلُ بَيْنَكُمْ ۚ وَٱللَّهُ بِمَا تَعْمَلُونَ بَصِيرٌ",
      "english": "Never will your relatives or your children benefit you; the Day of Resurrection He will judge between you. And Allah, of what you do, is Seeing.",
      "hausa": "Zumuntarku bã zã ta amfãne ku ba, haka kuma ɗiyanku, a Rãnar Kiyãma. (Allah) zai rarrabe tsakãninku, kuma Allah Mai gani ne ga abin da kuke aikatãwa."
    },
    {
      "ayah": 4,
      "arabic": "قَدْ كَانَتْ لَكُمْ أُسْوَةٌ حَسَنَةٌ فِىٓ إِبْرَٰهِيمَ وَٱلَّذِينَ مَعَهُۥٓ إِذْ قَالُوا۟ لِقَوْمِهِمْ إِنَّا بُرَءَٰٓؤُا۟ مِنكُمْ وَمِمَّا تَعْبُدُونَ مِن دُونِ ٱللَّهِ كَفَرْنَا بِكُمْ وَبَدَا بَيْنَنَا وَبَيْنَكُمُ ٱلْعَدَٰوَةُ وَٱلْبَغْضَآءُ أَبَدًا حَتَّىٰ تُؤْمِنُوا۟ بِٱللَّهِ وَحْدَهُۥٓ إِلَّا قَوْلَ إِبْرَٰهِيمَ لِأَبِيهِ لَأَسْتَغْفِرَنَّ لَكَ وَمَآ أَمْلِكُ لَكَ مِنَ ٱللَّهِ مِن شَىْءٍ ۖ رَّبَّنَا عَلَيْكَ تَوَكَّلْنَا وَإِلَيْكَ أَنَبْنَا وَإِلَيْكَ ٱلْمَصِيرُ",
      "english": "There has already been for you an excellent pattern in Abraham and those with him, when they said to their people, \"Indeed, we are disassociated from you and from whatever you worship other than Allah. We have denied you, and there has appeared between us and you animosity and hatred forever until you believe in Allah alone\" except for the saying of Abraham to his father, \"I will surely ask forgiveness for you, but I have not [power to do] for you anything against Allah. Our Lord, upon You we have relied, and to You we have returned, and to You is the destination.",
      "hausa": "Lalle abin kõyi mai kyau ya kasance a gare ku game da Ibrãhĩm da waɗanda ke tãre da shi a lõkacin da suka ce wa mutnensu, \"Lalle mũ bãbu ruwanmu daku, kuma da abin da kuke bautãwa, baicin Allah, mun fita batunku, kuma ƙiyayya da jiyẽwa jũna sun bayyana a tsakãninmu, sai kun yi ĩmãni da Allah Shi kaɗai.\" Fãce maganar Ibrãhĩm ga ubansa (da yace), \"Lalle za ni nẽma maka gãfara kuma ban mallaki kõme ba daga Allah sabõda kai.\" \"Yã Ubangijinmu! A gare Ka muka dõgara, kuma gare Ka muka mayar da al' amuranmu, kuma zuwa gare Ka makõma take.\""
    },
    {
      "ayah": 5,
      "arabic": "رَبَّنَا لَا تَجْعَلْنَا فِتْنَةً لِّلَّذِينَ كَفَرُوا۟ وَٱغْفِرْ لَنَا رَبَّنَآ ۖ إِنَّكَ أَنتَ ٱلْعَزِيزُ ٱلْحَكِيمُ",
      "english": "Our Lord, make us not [objects of] torment for the disbelievers and forgive us, our Lord. Indeed, it is You who is the Exalted in Might, the Wise.\"",
      "hausa": "\"Yã Ubangijinmu! Kada Ka sanya mu fitina ga waɗanda suka kãfirta, kuma Ka yi gãfara gare Mu. Ya Ubangijinmu! Kai ne Mabuwãyi, Mai hikima!"
    },
    {
      "ayah": 6,
      "arabic": "لَقَدْ كَانَ لَكُمْ فِيهِمْ أُسْوَةٌ حَسَنَةٌ لِّمَن كَانَ يَرْجُوا۟ ٱللَّهَ وَٱلْيَوْمَ ٱلْـَٔاخِرَ ۚ وَمَن يَتَوَلَّ فَإِنَّ ٱللَّهَ هُوَ ٱلْغَنِىُّ ٱلْحَمِيدُ",
      "english": "There has certainly been for you in them an excellent pattern for anyone whose hope is in Allah and the Last Day. And whoever turns away - then indeed, Allah is the Free of need, the Praiseworthy.",
      "hausa": "Lalle, haƙĩƙa, abin kõyi mai kyau ya kasance a gare ku daga cikinsu, ga wanda ya kasance yanã fãtan (rahamar) Allah da Rãnar Lãhira, kuma wanda ya jũya bãya, to, lalle Allah, Shĩ ne wadãtacce, Gõdadde."
    },
    {
      "ayah": 7,
      "arabic": "عَسَى ٱللَّهُ أَن يَجْعَلَ بَيْنَكُمْ وَبَيْنَ ٱلَّذِينَ عَادَيْتُم مِّنْهُم مَّوَدَّةً ۚ وَٱللَّهُ قَدِيرٌ ۚ وَٱللَّهُ غَفُورٌ رَّحِيمٌ",
      "english": "Perhaps Allah will put, between you and those to whom you have been enemies among them, affection. And Allah is competent, and Allah is Forgiving and Merciful.",
      "hausa": "Anã tsammãnin Allah Ya sanya, a tsakãninku da tsakãnin waɗanda kuka yi ƙiyayya da su, wata sõyaya daga gare su, kuma Allah Mai ĩkon yi ne, kuma Allah Mai gãfara ne, Mai jin ƙai."
    },
    {
      "ayah": 8,
      "arabic": "لَّا يَنْهَىٰكُمُ ٱللَّهُ عَنِ ٱلَّذِينَ لَمْ يُقَـٰتِلُوكُمْ فِى ٱلدِّينِ وَلَمْ يُخْرِجُوكُم مِّن دِيَـٰرِكُمْ أَن تَبَرُّوهُمْ وَتُقْسِطُوٓا۟ إِلَيْهِمْ ۚ إِنَّ ٱللَّهَ يُحِبُّ ٱلْمُقْسِطِينَ",
      "english": "Allah does not forbid you from those who do not fight you because of religion and do not expel you from your homes - from being righteous toward them and acting justly toward them. Indeed, Allah loves those who act justly.",
      "hausa": "Allah bã Ya hana ku, daga waɗanda ba su yãƙe ku ba sabõda addini kuma ba su fitar da ku ba daga gidãjenku, ga ku kyautata musu kuma ku yi musu ãdalci. Lalle Allah Yanã son mãsu ãdalci."
    },
    {
      "ayah": 9,
      "arabic": "إِنَّمَا يَنْهَىٰكُمُ ٱللَّهُ عَنِ ٱلَّذِينَ قَـٰتَلُوكُمْ فِى ٱلدِّينِ وَأَخْرَجُوكُم مِّن دِيَـٰرِكُمْ وَظَـٰهَرُوا۟ عَلَىٰٓ إِخْرَاجِكُمْ أَن تَوَلَّوْهُمْ ۚ وَمَن يَتَوَلَّهُمْ فَأُو۟لَـٰٓئِكَ هُمُ ٱلظَّـٰلِمُونَ",
      "english": "Allah only forbids you from those who fight you because of religion and expel you from your homes and aid in your expulsion - [forbids] that you make allies of them. And whoever makes allies of them, then it is those who are the wrongdoers.",
      "hausa": "Allah Yanã hana ku kawai daga waɗanda suka yãke ku sabõda addini kuma suka fitar da ku daga gidãjenku, kuma suka taimaki jũna ga fitar da ku, karku jiɓince su, kuma wanda ya jiɓince su, to waɗannan sũ ne azzãlumai."
    },
    {
      "ayah": 10,
      "arabic": "يَـٰٓأَيُّهَا ٱلَّذِينَ ءَامَنُوٓا۟ إِذَا جَآءَكُمُ ٱلْمُؤْمِنَـٰتُ مُهَـٰجِرَٰتٍ فَٱمْتَحِنُوهُنَّ ۖ ٱللَّهُ أَعْلَمُ بِإِيمَـٰنِهِنَّ ۖ فَإِنْ عَلِمْتُمُوهُنَّ مُؤْمِنَـٰتٍ فَلَا تَرْجِعُوهُنَّ إِلَى ٱلْكُفَّارِ ۖ لَا هُنَّ حِلٌّ لَّهُمْ وَلَا هُمْ يَحِلُّونَ لَهُنَّ ۖ وَءَاتُوهُم مَّآ أَنفَقُوا۟ ۚ وَلَا جُنَاحَ عَلَيْكُمْ أَن تَنكِحُوهُنَّ إِذَآ ءَاتَيْتُمُوهُنَّ أُجُورَهُنَّ ۚ وَلَا تُمْسِكُوا۟ بِعِصَمِ ٱلْكَوَافِرِ وَسْـَٔلُوا۟ مَآ أَنفَقْتُمْ وَلْيَسْـَٔلُوا۟ مَآ أَنفَقُوا۟ ۚ ذَٰلِكُمْ حُكْمُ ٱللَّهِ ۖ يَحْكُمُ بَيْنَكُمْ ۚ وَٱللَّهُ عَلِيمٌ حَكِيمٌ",
      "english": "O you who have believed, when the believing women come to you as emigrants, examine them. Allah is most knowing as to their faith. And if you know them to be believers, then do not return them to the disbelievers; they are not lawful [wives] for them, nor are they lawful [husbands] for them. But give the disbelievers what they have spent. And there is no blame upon you if you marry them when you have given them their due compensation. And hold not to marriage bonds with disbelieving women, but ask for what you have spent and let them ask for what they have spent. That is the judgement of Allah; He judges between you. And Allah is Knowing and Wise.",
      "hausa": "Yã kũ waɗanda suka yi ĩmãni! Idan mãtã mũminai suka zo muku, sunã mãsu hijira, to, ku jarraba su. Allah Shĩ ne mafi sani ga ĩmãninsu. To, idan kun san sũ mũminai ne, kada ku mayar da su zuwa ga kãfirai. Sũ mãtan bã su halatta ga aurensu, sũ kuma kãfiran bã su halatta ga auren mãtan. Ku bã su abin da suka ɓatar na dũkiya. Kuma bãbu laifi a kanku ga ku aure su idan kun bã su sadãkõkinsu. Kuma kada ku riƙe auren mãtã kãfirai, kuma ku tambayi abin da kuka ɓatar daga dũkiya, su kuma kãfirai su tambayi abin da suka ɓatar na dũkiya. Wannan hukuncin Allah ne Yanã hukunci a tsakãninku. kuma Allah, Masani ne, Mai hikima"
    },
    {
      "ayah": 11,
      "arabic": "وَإِن فَاتَكُمْ شَىْءٌ مِّنْ أَزْوَٰجِكُمْ إِلَى ٱلْكُفَّارِ فَعَاقَبْتُمْ فَـَٔاتُوا۟ ٱلَّذِينَ ذَهَبَتْ أَزْوَٰجُهُم مِّثْلَ مَآ أَنفَقُوا۟ ۚ وَٱتَّقُوا۟ ٱللَّهَ ٱلَّذِىٓ أَنتُم بِهِۦ مُؤْمِنُونَ",
      "english": "And if you have lost any of your wives to the disbelievers and you subsequently obtain [something], then give those whose wives have gone the equivalent of what they had spent. And fear Allah, in whom you are believers.",
      "hausa": "Kuma idan wani abu ya kuɓuce muku daga mãtanku zuwa ga kãfirai sa'an nan kuma kuka ɗauki fansa, to, sai ku bai wa waɗanda matansu suka tafi kwatankwacin abin da suka ɓatar na dũkiya. Kuma ku yi biyayya da taƙawa ga Allah wanda kuke mãsu ĩmãni da Shi, Shi Kaɗai."
    },
    {
      "ayah": 12,
      "arabic": "يَـٰٓأَيُّهَا ٱلنَّبِىُّ إِذَا جَآءَكَ ٱلْمُؤْمِنَـٰتُ يُبَايِعْنَكَ عَلَىٰٓ أَن لَّا يُشْرِكْنَ بِٱللَّهِ شَيْـًٔا وَلَا يَسْرِقْنَ وَلَا يَزْنِينَ وَلَا يَقْتُلْنَ أَوْلَـٰدَهُنَّ وَلَا يَأْتِينَ بِبُهْتَـٰنٍ يَفْتَرِينَهُۥ بَيْنَ أَيْدِيهِنَّ وَأَرْجُلِهِنَّ وَلَا يَعْصِينَكَ فِى مَعْرُوفٍ ۙ فَبَايِعْهُنَّ وَٱسْتَغْفِرْ لَهُنَّ ٱللَّهَ ۖ إِنَّ ٱللَّهَ غَفُورٌ رَّحِيمٌ",
      "english": "O Prophet, when the believing women come to you pledging to you that they will not associate anything with Allah, nor will they steal, nor will they commit unlawful sexual intercourse, nor will they kill their children, nor will they bring forth a slander they have invented between their arms and legs, nor will they disobey you in what is right - then accept their pledge and ask forgiveness for them of Allah. Indeed, Allah is Forgiving and Merciful.",
      "hausa": "Yã kai Annabi! Idan mãtã mũminai suka zo maka sunã yi maka mubãya'a a kan bã zã su yi shirki da Allah ba ga kõme, kuma bã su yin sãtã, kuma bã su yin zina, kuma bã su kashe, ya'yansu, kuma bã su zuwa da ƙarya da suke ƙirƙirãwa a tsãkanin hannuwansu da ƙafãfunsu kuma bã su sãɓa maka ga wani abu da aka sani na sharĩ'a, to, ka karɓi mubãya'arsu, kuma ka nẽmi Allah Ya gãfarta musu. Lalle Allah Mai gãfara ne, Mai jin ƙai."
    },
    {
      "ayah": 13,
      "arabic": "يَـٰٓأَيُّهَا ٱلَّذِينَ ءَامَنُوا۟ لَا تَتَوَلَّوْا۟ قَوْمًا غَضِبَ ٱللَّهُ عَلَيْهِمْ قَدْ يَئِسُوا۟ مِنَ ٱلْـَٔاخِرَةِ كَمَا يَئِسَ ٱلْكُفَّارُ مِنْ أَصْحَـٰبِ ٱلْقُبُورِ",
      "english": "O you who have believed, do not make allies of a people with whom Allah has become angry. They have despaired of [reward in] the Hereafter just as the disbelievers have despaired of [meeting] the inhabitants of the graves.",
      "hausa": "Yã kũ waɗanda suka yi ĩmãni! Kada ku jiɓinci waɗansu mutãne da Allah Ya yi hushi a kansu. Lalle sun yanke tsammãni daga (rahamar) Lãhira, kamar yadda kãfirai suka yanke tsammãni daga mazõwa kaburbura."
    }
  ]
}