{
  "surah": 84,
  "hasBasmallah": false,
  "basmallah": "",
  "verses": [
    {
      "ayah": 1,
      "arabic": "إِذَا ٱلسَّمَآءُ ٱنشَقَّتْ",
      "english": "When the sky has split [open]",
      "hausa": "Idan sama ta kẽce,"
    },
    {
      "ayah": 2,
      "arabic": "وَأَذِنَتْ لِرَبِّهَا وَحُقَّتْ",
      "english": "And has responded to its Lord and was obligated [to do so]",
      "hausa": "Ta saurari Ubangijinta, kuma aka wajabta mata yin saurãron,"
    },
    {
      "ayah": 3,
      "arabic": "وَإِذَا ٱلْأَرْضُ مُدَّتْ",
      "english": "And when the earth has been extended",
      "hausa": "Kuma idan ƙasã aka mĩƙe ta,"
    },
    {
      "ayah": 4,
      "arabic": "وَأَلْقَتْ مَا فِيهَا وَتَخَلَّتْ",
      "english": "And has cast out that within it and relinquished [it]",
      "hausa": "Kuma ta jẽfar da abin da yake a cikinta, tã wõfinta daga kõme."
    },
    {
      "ayah": 5,
      "arabic": "وَأَذِنَتْ لِرَبِّهَا وَحُقَّتْ",
      "english": "And has responded to its Lord and was obligated [to do so] -",
      "hausa": "Kuma ta saurãri Ubangijinta, aka wajabta mata yin saurãren,"
    },
    {
      "ayah": 6,
      "arabic": "يَـٰٓأَيُّهَا ٱلْإِنسَـٰنُ إِنَّكَ كَادِحٌ إِلَىٰ رَبِّكَ كَدْحًا فَمُلَـٰقِيهِ",
      "english": "O mankind, indeed you are laboring toward your Lord with [great] exertion and will meet it.",
      "hausa": "Ya kai mutum! Lalle ne kai mai aikin wahal da kai ne zuwa ga Ubangijinka, wahala mai tsanani, To, kai mai haɗuwa da Shi ne."
    },
    {
      "ayah": 7,
      "arabic": "فَأَمَّا مَنْ أُوتِىَ كِتَـٰبَهُۥ بِيَمِينِهِۦ",
      "english": "Then as for he who is given his record in his right hand,",
      "hausa": "To, amma wanda aka bai wa littãfinsa da damansa."
    },
    {
      "ayah": 8,
      "arabic": "فَسَوْفَ يُحَاسَبُ حِسَابًا يَسِيرًا",
      "english": "He will be judged with an easy account",
      "hausa": "To, za a yi masa hisãbi, hisãbi mai sauƙi."
    },
    {
      "ayah": 9,
      "arabic": "وَيَنقَلِبُ إِلَىٰٓ أَهْلِهِۦ مَسْرُورًا",
      "english": "And return to his people in happiness.",
      "hausa": "Kuma ya jũya zuwa ga iyãlinsa (a cikin Aljanna), yanã mai raha."
    },
    {
      "ayah": 10,
      "arabic": "وَأَمَّا مَنْ أُوتِىَ كِتَـٰبَهُۥ وَرَآءَ ظَهْرِهِۦ",
      "english": "But as for he who is given his record behind his back,",
      "hausa": "Kuma amma wanda aka bai wa littãfinsa, daga wajen bãyansa."
    },
    {
      "ayah": 11,
      "arabic": "فَسَوْفَ يَدْعُوا۟ ثُبُورًا",
      "english": "He will cry out for destruction",
      "hausa": "To, zã shi dinga kiran halaka!"
    },
    {
      "ayah": 12,
      "arabic": "وَيَصْلَىٰ سَعِيرًا",
      "english": "And [enter to] burn in a Blaze.",
      "hausa": "Kuma ya shiga sa'ĩr."
    },
    {
      "ayah": 13,
      "arabic": "إِنَّهُۥ كَانَ فِىٓ أَهْلِهِۦ مَسْرُورًا",
      "english": "Indeed, he had [once] been among his people in happiness;",
      "hausa": "Lal1e ne shi, yã kasance (a dũniya) cikin iyãlinsa yanã mai raha."
    },
    {
      "ayah": 14,
      "arabic": "إِنَّهُۥ ظَنَّ أَن لَّن يَحُورَ",
      "english": "Indeed, he had thought he would never return [to Allah].",
      "hausa": "Lalle ne yã yi zaton bã zai kõmo ba."
    },
    {
      "ayah": 15,
      "arabic": "بَلَىٰٓ إِنَّ رَبَّهُۥ كَانَ بِهِۦ بَصِيرًا",
      "english": "But yes! Indeed, his Lord was ever of him, Seeing.",
      "hausa": "Na'am! Lalle ne, Ubangijinsa Ya kasance Mai gani gare shi."
    },
    {
      "ayah": 16,
      "arabic": "فَلَآ أُقْسِمُ بِٱلشَّفَقِ",
      "english": "So I swear by the twilight glow",
      "hausa": "To, ba sai Nã rantse da shafaƙi ba."
    },
    {
      "ayah": 17,
      "arabic": "وَٱلَّيْلِ وَمَا وَسَقَ",
      "english": "And [by] the night and what it envelops",
      "hausa": "Da dare, da abin da ya ƙunsa."
    },
    {
      "ayah": 18,
      "arabic": "وَٱلْقَمَرِ إِذَا ٱتَّسَقَ",
      "english": "And [by] the moon when it becomes full",
      "hausa": "Da watã idan (haskensa) ya cika."
    },
    {
      "ayah": 19,
      "arabic": "لَتَرْكَبُنَّ طَبَقًا عَن طَبَقٍ",
      "english": "[That] you will surely experience state after state.",
      "hausa": "Lalle ne kunã hawan wani hãli daga wani hãli."
    },
    {
      "ayah": 20,
      "arabic": "فَمَا لَهُمْ لَا يُؤْمِنُونَ",
      "english": "So what is [the matter] with them [that] they do not believe,",
      "hausa": "To, mẽ ya sãme su, ba su yin ĩmãni?"
    },
    {
      "ayah": 21,
      "arabic": "وَإِذَا قُرِئَ عَلَيْهِمُ ٱلْقُرْءَانُ لَا يَسْجُدُونَ ۩",
      "english": "And when the Qur'an is recited to them, they do not prostrate [to Allah]?",
      "hausa": "Kuma idan an karanta Alkur'ãni a kansu, bã su yin tawãli'u?"
    },
    {
      "ayah": 22,
      "arabic": "بَلِ ٱلَّذِينَ كَفَرُوا۟ يُكَذِّبُونَ",
      "english": "But those who have disbelieved deny,",
      "hausa": "Ba haka ba! waɗanda suka kãfirta, sai ƙaryatãwa suke yi."
    },
    {
      "ayah": 23,
      "arabic": "وَٱللَّهُ أَعْلَمُ بِمَا يُوعُونَ",
      "english": "And Allah is most knowing of what they keep within themselves.",
      "hausa": "Alhãli Allah Shĩ ne Mafi sani ga abin a suke tãrãwa."
    },
    {
      "ayah": 24,
      "arabic": "فَبَشِّرْهُم بِعَذَابٍ أَلِيمٍ",
      "english": "So give them tidings of a painful punishment,",
      "hausa": "Saboda haka, ka yi musu bushãra da azãba mai raɗaɗi."
    },
    {
      "ayah": 25,
      "arabic": "إِلَّا ٱلَّذِينَ ءَامَنُوا۟ وَعَمِلُوا۟ ٱلصَّـٰلِحَـٰتِ لَهُمْ أَجْرٌ غَيْرُ مَمْنُونٍۭ",
      "english": "Except for those who believe and do righteous deeds. For them is a reward uninterrupted.",
      "hausa": "Fãce waɗanda suka yi ĩmãni, suka aikata ayyukan ƙwarai, sunã da wani sakamako wanda bã ya yankẽwa."
    }
  ]
}