{
  "surah": 82,
  "hasBasmallah": false,
  "basmallah": "",
  "verses": [
    {
      "ayah": 1,
      "arabic": "إِذَا ٱلسَّمَآءُ ٱنفَطَرَتْ",
      "english": "When the sky breaks apart",
      "hausa": "Idan sama ta tsãge."
    },
    {
      "ayah": 2,
      "arabic": "وَإِذَا ٱلْكَوَاكِبُ ٱنتَثَرَتْ",
      "english": "And when the stars fall, scattering,",
      "hausa": "Kuma idan taurãri suka wãtse."
    },
    {
      "ayah": 3,
      "arabic": "وَإِذَا ٱلْبِحَارُ فُجِّرَتْ",
      "english": "And when the seas are erupted",
      "hausa": "Kuma idan tẽkuna aka facce su."
    },
    {
      "ayah": 4,
      "arabic": "وَإِذَا ٱلْقُبُورُ بُعْثِرَتْ",
      "english": "And when the [contents of] graves are scattered,",
      "hausa": "Kuma idan kaburbura aka tõne su."
    },
    {
      "ayah": 5,
      "arabic": "عَلِمَتْ نَفْسٌ مَّا قَدَّمَتْ وَأَخَّرَتْ",
      "english": "A soul will [then] know what it has put forth and kept back.",
      "hausa": "Rai yã san abin da ya gabatar, da abin da yã jinkirtar."
    },
    {
      "ayah": 6,
      "arabic": "يَـٰٓأَيُّهَا ٱلْإِنسَـٰنُ مَا غَرَّكَ بِرَبِّكَ ٱلْكَرِيمِ",
      "english": "O mankind, what has deceived you concerning your Lord, the Generous,",
      "hausa": "Yã kai mutum! Mẽ ya rũɗe ka game da Ubangijinka, Mai karimci."
    },
    {
      "ayah": 7,
      "arabic": "ٱلَّذِى خَلَقَكَ فَسَوَّىٰكَ فَعَدَلَكَ",
      "english": "Who created you, proportioned you, and balanced you?",
      "hausa": "Wanda Ya halitta ka sa'an nan ya daidaitã ka, Ya kuma tsakaitã ka."
    },
    {
      "ayah": 8,
      "arabic": "فِىٓ أَىِّ صُورَةٍ مَّا شَآءَ رَكَّبَكَ",
      "english": "In whatever form He willed has He assembled you.",
      "hausa": "A cikin kõwace irin sũra Ya so Ya ginã ka a kanta."
    },
    {
      "ayah": 9,
      "arabic": "كَلَّا بَلْ تُكَذِّبُونَ بِٱلدِّينِ",
      "english": "No! But you deny the Recompense.",
      "hausa": "A'aha, bã haka ba, kuna ƙaryatãwa game da sakamako!"
    },
    {
      "ayah": 10,
      "arabic": "وَإِنَّ عَلَيْكُمْ لَحَـٰفِظِينَ",
      "english": "And indeed, [appointed] over you are keepers,",
      "hausa": "Lalle ne, a kanku, haƙiƙa akwai matsara."
    },
    {
      "ayah": 11,
      "arabic": "كِرَامًا كَـٰتِبِينَ",
      "english": "Noble and recording;",
      "hausa": "Mãsu daraja, marubũta."
    },
    {
      "ayah": 12,
      "arabic": "يَعْلَمُونَ مَا تَفْعَلُونَ",
      "english": "They know whatever you do.",
      "hausa": "Sunã sanin abin da kuke aikatãwa."
    },
    {
      "ayah": 13,
      "arabic": "إِنَّ ٱلْأَبْرَارَ لَفِى نَعِيمٍ",
      "english": "Indeed, the righteous will be in pleasure,",
      "hausa": "Lalle ne, mãsu ɗã'ã ga Allah, dãhir, suna cikin ni'ima."
    },
    {
      "ayah": 14,
      "arabic": "وَإِنَّ ٱلْفُجَّارَ لَفِى جَحِيمٍ",
      "english": "And indeed, the wicked will be in Hellfire.",
      "hausa": "Kuma lalle ne, fãjirai, dãhir, sunã cikin Jahĩm."
    },
    {
      "ayah": 15,
      "arabic": "يَصْلَوْنَهَا يَوْمَ ٱلدِّينِ",
      "english": "They will [enter to] burn therein on the Day of Recompense,",
      "hausa": "Zã su shigẽ ta a rãnar sakamako."
    },
    {
      "ayah": 16,
      "arabic": "وَمَا هُمْ عَنْهَا بِغَآئِبِينَ",
      "english": "And never therefrom will they be absent.",
      "hausa": "Bã zã su faku daga gare ta ba."
    },
    {
      "ayah": 17,
      "arabic": "وَمَآ أَدْرَىٰكَ مَا يَوْمُ ٱلدِّينِ",
      "english": "And what can make you know what is the Day of Recompense?",
      "hausa": "Kuma mẽ ya sanar da kai abin da ake cẽ wa rẽnar sakamako?"
    },
    {
      "ayah": 18,
      "arabic": "ثُمَّ مَآ أَدْرَىٰكَ مَا يَوْمُ ٱلدِّينِ",
      "english": "Then, what can make you know what is the Day of Recompense?",
      "hausa": "Sa'an nan, mẽ ya sanar da kai abin da ake cẽ wa rãnar sakamako?"
    },
    {
      "ayah": 19,
      "arabic": "يَوْمَ لَا تَمْلِكُ نَفْسٌ لِّنَفْسٍ شَيْـًٔا ۖ وَٱلْأَمْرُ يَوْمَئِذٍ لِّلَّهِ",
      "english": "It is the Day when a soul will not possess for another soul [power to do] a thing; and the command, that Day, is [entirely] with Allah.",
      "hausa": "Rãnã ce da wani rai ba ya iya mallakar kõme dõmin wani rai al'amari, a rãnar nan, ga Allah (ɗai) yake."
    }
  ]
}