{
  "surah": 79,
  "hasBasmallah": false,
  "basmallah": "",
  "verses": [
    {
      "ayah": 1,
      "arabic": "وَٱلنَّـٰزِعَـٰتِ غَرْقًا",
      "english": "By those [angels] who extract with violence",
      "hausa": "Ina rantsuwa da mala'iku mãsu fisgar rãyuka (na kafirai) da ƙarfi."
    },
    {
      "ayah": 2,
      "arabic": "وَٱلنَّـٰشِطَـٰتِ نَشْطًا",
      "english": "And [by] those who remove with ease",
      "hausa": "Da mãsu ɗibar rãyuka (na mũminai) da sauƙi a cikin nishãɗi."
    },
    {
      "ayah": 3,
      "arabic": "وَٱلسَّـٰبِحَـٰتِ سَبْحًا",
      "english": "And [by] those who glide [as if] swimming",
      "hausa": "Da mãsu sauka daga sama da umurnin Allah kamar suna iyo."
    },
    {
      "ayah": 4,
      "arabic": "فَٱلسَّـٰبِقَـٰتِ سَبْقًا",
      "english": "And those who race each other in a race",
      "hausa": "Sa'an nan, su zama mãsu gaugãwa (da umurnin Allah) kamar suna tsẽre."
    },
    {
      "ayah": 5,
      "arabic": "فَٱلْمُدَبِّرَٰتِ أَمْرًا",
      "english": "And those who arrange [each] matter,",
      "hausa": "Sa, an nan, su kasance masu shirya gudanar da umurni."
    },
    {
      "ayah": 6,
      "arabic": "يَوْمَ تَرْجُفُ ٱلرَّاجِفَةُ",
      "english": "On the Day the blast [of the Horn] will convulse [creation],",
      "hausa": "Rãnar da mai girgiza abũbuwa (bũsar farko) zã ta kaɗa."
    },
    {
      "ayah": 7,
      "arabic": "تَتْبَعُهَا ٱلرَّادِفَةُ",
      "english": "There will follow it the subsequent [one].",
      "hausa": "Mai biyar ta (bũsa ta biyu) nã biye."
    },
    {
      "ayah": 8,
      "arabic": "قُلُوبٌ يَوْمَئِذٍ وَاجِفَةٌ",
      "english": "Hearts, that Day, will tremble,",
      "hausa": "Wasu zukãta, a rãnar nan, mãsu jin tsõro ne."
    },
    {
      "ayah": 9,
      "arabic": "أَبْصَـٰرُهَا خَـٰشِعَةٌ",
      "english": "Their eyes humbled.",
      "hausa": "Alhãli idãnunsu na ƙasƙantattu."
    },
    {
      "ayah": 10,
      "arabic": "يَقُولُونَ أَءِنَّا لَمَرْدُودُونَ فِى ٱلْحَافِرَةِ",
      "english": "They are [presently] saying, \"Will we indeed be returned to [our] former state [of life]?",
      "hausa": "Sunã cẽwa \"Ashe lalle zã a iya mayar da mu a kan sãwunmu?"
    },
    {
      "ayah": 11,
      "arabic": "أَءِذَا كُنَّا عِظَـٰمًا نَّخِرَةً",
      "english": "Even if we should be decayed bones?",
      "hausa": "\"Ashe, idan muka zama ƙasusuwa rududdugaggu?\""
    },
    {
      "ayah": 12,
      "arabic": "قَالُوا۟ تِلْكَ إِذًا كَرَّةٌ خَاسِرَةٌ",
      "english": "They say, \"That, then, would be a losing return.\"",
      "hausa": "Suka ce: \"Waccan kam kõmãwa ce, tãɓaɓɓiya!\""
    },
    {
      "ayah": 13,
      "arabic": "فَإِنَّمَا هِىَ زَجْرَةٌ وَٰحِدَةٌ",
      "english": "Indeed, it will be but one shout,",
      "hausa": "To, ita kam, tsãwa guda kawai ce."
    },
    {
      "ayah": 14,
      "arabic": "فَإِذَا هُم بِٱلسَّاهِرَةِ",
      "english": "And suddenly they will be [alert] upon the earth's surface.",
      "hausa": "Sai kawai gã su a bãyan ƙasa."
    },
    {
      "ayah": 15,
      "arabic": "هَلْ أَتَىٰكَ حَدِيثُ مُوسَىٰٓ",
      "english": "Has there reached you the story of Moses? -",
      "hausa": "Shin, lãbãrin Mũsã ya zo maka?"
    },
    {
      "ayah": 16,
      "arabic": "إِذْ نَادَىٰهُ رَبُّهُۥ بِٱلْوَادِ ٱلْمُقَدَّسِ طُوًى",
      "english": "When his Lord called to him in the sacred valley of Tuwa,",
      "hausa": "A lõkacin da Ubangijinsa Ya kirãye shi, a cikin kwari mai tsarki, wato Duwã?"
    },
    {
      "ayah": 17,
      "arabic": "ٱذْهَبْ إِلَىٰ فِرْعَوْنَ إِنَّهُۥ طَغَىٰ",
      "english": "\"Go to Pharaoh. Indeed, he has transgressed.",
      "hausa": "Ka tafi zuwa ga Fir'auna, lalle ne shi, ya ƙẽtare haddi."
    },
    {
      "ayah": 18,
      "arabic": "فَقُلْ هَل لَّكَ إِلَىٰٓ أَن تَزَكَّىٰ",
      "english": "And say to him, 'Would you [be willing to] purify yourself",
      "hausa": "\"Sai ka ce masa, Kõ zã ka so ka tsarkaka."
    },
    {
      "ayah": 19,
      "arabic": "وَأَهْدِيَكَ إِلَىٰ رَبِّكَ فَتَخْشَىٰ",
      "english": "And let me guide you to your Lord so you would fear [Him]?'\"",
      "hausa": "\"Kuma in shiryar da kai zuwa ga Ubangijinka domin ka ji tsoronSa?\""
    },
    {
      "ayah": 20,
      "arabic": "فَأَرَىٰهُ ٱلْـَٔايَةَ ٱلْكُبْرَىٰ",
      "english": "And he showed him the greatest sign,",
      "hausa": "Sai ya nũna masa ãyar nan mafi girma."
    },
    {
      "ayah": 21,
      "arabic": "فَكَذَّبَ وَعَصَىٰ",
      "english": "But Pharaoh denied and disobeyed.",
      "hausa": "Sai ya ƙaryata, kuma ya sãɓa (umurni),"
    },
    {
      "ayah": 22,
      "arabic": "ثُمَّ أَدْبَرَ يَسْعَىٰ",
      "english": "Then he turned his back, striving.",
      "hausa": "Sa'an nan ya jũya bãya, yanã tafiya da sauri."
    },
    {
      "ayah": 23,
      "arabic": "فَحَشَرَ فَنَادَىٰ",
      "english": "And he gathered [his people] and called out",
      "hausa": "Sai ya yi gayya, sa'an nan ya yi kira."
    },
    {
      "ayah": 24,
      "arabic": "فَقَالَ أَنَا۠ رَبُّكُمُ ٱلْأَعْلَىٰ",
      "english": "And said, \"I am your most exalted lord.\"",
      "hausa": "Sai ya ce: \"Nĩ ne Ubangijinku mafi ɗaudaka.\""
    },
    {
      "ayah": 25,
      "arabic": "فَأَخَذَهُ ٱللَّهُ نَكَالَ ٱلْـَٔاخِرَةِ وَٱلْأُولَىٰٓ",
      "english": "So Allah seized him in exemplary punishment for the last and the first [transgression].",
      "hausa": "Sabõda haka Allah Ya kama shi, dõmin azãbar maganar ƙarshe da ta farko."
    },
    {
      "ayah": 26,
      "arabic": "إِنَّ فِى ذَٰلِكَ لَعِبْرَةً لِّمَن يَخْشَىٰٓ",
      "english": "Indeed in that is a warning for whoever would fear [Allah].",
      "hausa": "Lalle ne, a cikin wannan haƙiƙa akwai abin kula ga wanda yake tsõron Allah."
    },
    {
      "ayah": 27,
      "arabic": "ءَأَنتُمْ أَشَدُّ خَلْقًا أَمِ ٱلسَّمَآءُ ۚ بَنَىٰهَا",
      "english": "Are you a more difficult creation or is the heaven? Allah constructed it.",
      "hausa": "Shin, kũ ne mafi wuyar halitta ko sama? Allah Ya gina ta."
    },
    {
      "ayah": 28,
      "arabic": "رَفَعَ سَمْكَهَا فَسَوَّىٰهَا",
      "english": "He raised its ceiling and proportioned it.",
      "hausa": "Ya ɗaukaka rufinta, sa'an nan Ya daidaita ta."
    },
    {
      "ayah": 29,
      "arabic": "وَأَغْطَشَ لَيْلَهَا وَأَخْرَجَ ضُحَىٰهَا",
      "english": "And He darkened its night and extracted its brightness.",
      "hausa": "Kuma Ya duhuntar da darenta, kuma Ya fitar da hantsinta."
    },
    {
      "ayah": 30,
      "arabic": "وَٱلْأَرْضَ بَعْدَ ذَٰلِكَ دَحَىٰهَآ",
      "english": "And after that He spread the earth.",
      "hausa": "Kuma, ƙasa a bayan haka Ya mulmula ta."
    },
    {
      "ayah": 31,
      "arabic": "أَخْرَجَ مِنْهَا مَآءَهَا وَمَرْعَىٰهَا",
      "english": "He extracted from it its water and its pasture,",
      "hausa": "Ya fitar da ruwanta daga gare ta da makiyãyarta."
    },
    {
      "ayah": 32,
      "arabic": "وَٱلْجِبَالَ أَرْسَىٰهَا",
      "english": "And the mountains He set firmly",
      "hausa": "Da duwatsu, Yã kafe ta."
    },
    {
      "ayah": 33,
      "arabic": "مَتَـٰعًا لَّكُمْ وَلِأَنْعَـٰمِكُمْ",
      "english": "As provision for you and your grazing livestock.",
      "hausa": "Domin jiyarwa dãɗi a gare ku, kuma ga dabbõbinku."
    },
    {
      "ayah": 34,
      "arabic": "فَإِذَا جَآءَتِ ٱلطَّآمَّةُ ٱلْكُبْرَىٰ",
      "english": "But when there comes the greatest Overwhelming Calamity -",
      "hausa": "To, idan uwar masĩfu, mafi girma, ta zo."
    },
    {
      "ayah": 35,
      "arabic": "يَوْمَ يَتَذَكَّرُ ٱلْإِنسَـٰنُ مَا سَعَىٰ",
      "english": "The Day when man will remember that for which he strove,",
      "hausa": "Rãnar da mutum zai yi tunãnin abin da ya aikata."
    },
    {
      "ayah": 36,
      "arabic": "وَبُرِّزَتِ ٱلْجَحِيمُ لِمَن يَرَىٰ",
      "english": "And Hellfire will be exposed for [all] those who see -",
      "hausa": "Kuma, a bayyana Jahĩm ga mai gani."
    },
    {
      "ayah": 37,
      "arabic": "فَأَمَّا مَن طَغَىٰ",
      "english": "So as for he who transgressed",
      "hausa": "To, amma wanda ya yi girman kai."
    },
    {
      "ayah": 38,
      "arabic": "وَءَاثَرَ ٱلْحَيَوٰةَ ٱلدُّنْيَا",
      "english": "And preferred the life of the world,",
      "hausa": "Kuma, ya zãɓi rãyuwa ta kusa, (wato dũniya)."
    },
    {
      "ayah": 39,
      "arabic": "فَإِنَّ ٱلْجَحِيمَ هِىَ ٱلْمَأْوَىٰ",
      "english": "Then indeed, Hellfire will be [his] refuge.",
      "hausa": "To, lalle ne Jahĩm, ita ce makõma."
    },
    {
      "ayah": 40,
      "arabic": "وَأَمَّا مَنْ خَافَ مَقَامَ رَبِّهِۦ وَنَهَى ٱلنَّفْسَ عَنِ ٱلْهَوَىٰ",
      "english": "But as for he who feared the position of his Lord and prevented the soul from [unlawful] inclination,",
      "hausa": "Kuma, amma wanda ya ji tsõron tsayi a gaba ga Ubangijinsa, kuma ya kange kansa daga son rai."
    },
    {
      "ayah": 41,
      "arabic": "فَإِنَّ ٱلْجَنَّةَ هِىَ ٱلْمَأْوَىٰ",
      "english": "Then indeed, Paradise will be [his] refuge.",
      "hausa": "To, lalle ne Aljanna ita ce makõma."
    },
    {
      "ayah": 42,
      "arabic": "يَسْـَٔلُونَكَ عَنِ ٱلسَّاعَةِ أَيَّانَ مُرْسَىٰهَا",
      "english": "They ask you, [O Muhammad], about the Hour: when is its arrival?",
      "hausa": "Sunã tambayar ka game da sa'a, wai yaushe ne matabbatarta?"
    },
    {
      "ayah": 43,
      "arabic": "فِيمَ أَنتَ مِن ذِكْرَىٰهَآ",
      "english": "In what [position] are you that you should mention it?",
      "hausa": "Me ya haɗã ka da ambatonta?"
    },
    {
      "ayah": 44,
      "arabic": "إِلَىٰ رَبِّكَ مُنتَهَىٰهَآ",
      "english": "To your Lord is its finality.",
      "hausa": "Zuwa ga Ubangijinka ƙarshen al'amarinta yake."
    },
    {
      "ayah": 45,
      "arabic": "إِنَّمَآ أَنتَ مُنذِرُ مَن يَخْشَىٰهَا",
      "english": "You are only a warner for those who fear it.",
      "hausa": "Kai mai gargaɗi kawai ne ga mai tsõron ta."
    },
    {
      "ayah": 46,
      "arabic": "كَأَنَّهُمْ يَوْمَ يَرَوْنَهَا لَمْ يَلْبَثُوٓا۟ إِلَّا عَشِيَّةً أَوْ ضُحَىٰهَا",
      "english": "It will be, on the Day they see it, as though they had not remained [in the world] except for an afternoon or a morning thereof.",
      "hausa": "Kamar sũ a rãnar da zã su gan ta, ba su zauna ba fãce a lõkacin marẽce ko hantsinsa."
    }
  ]
}