{
  "surah": 88,
  "hasBasmallah": false,
  "basmallah": "",
  "verses": [
    {
      "ayah": 1,
      "arabic": "هَلْ أَتَىٰكَ حَدِيثُ ٱلْغَـٰشِيَةِ",
      "english": "Has there reached you the report of the Overwhelming [event]?",
      "hausa": "Lalle ne labãrin (¡iyãma) mai rufe mutãne da tsoronta yã zo maka?"
    },
    {
      "ayah": 2,
      "arabic": "وُجُوهٌ يَوْمَئِذٍ خَـٰشِعَةٌ",
      "english": "[Some] faces, that Day, will be humbled,",
      "hausa": "Wasu huskõki a rãnar nan ƙasƙantattu ne."
    },
    {
      "ayah": 3,
      "arabic": "عَامِلَةٌ نَّاصِبَةٌ",
      "english": "Working [hard] and exhausted.",
      "hausa": "Mãsu aikin wahala ne, mãsu gajiya."
    },
    {
      "ayah": 4,
      "arabic": "تَصْلَىٰ نَارًا حَامِيَةً",
      "english": "They will [enter to] burn in an intensely hot Fire.",
      "hausa": "Zã su shiga wata wuta mai zãfi."
    },
    {
      "ayah": 5,
      "arabic": "تُسْقَىٰ مِنْ عَيْنٍ ءَانِيَةٍ",
      "english": "They will be given drink from a boiling spring.",
      "hausa": "Ana shãyar da su daga wani marmaro mai zãfin ruwa."
    },
    {
      "ayah": 6,
      "arabic": "لَّيْسَ لَهُمْ طَعَامٌ إِلَّا مِن ضَرِيعٍ",
      "english": "For them there will be no food except from a poisonous, thorny plant",
      "hausa": "Ba su da wani abinci fãce dai daga danyi."
    },
    {
      "ayah": 7,
      "arabic": "لَّا يُسْمِنُ وَلَا يُغْنِى مِن جُوعٍ",
      "english": "Which neither nourishes nor avails against hunger.",
      "hausa": "Bã ya sanya ƙiba, kuma bã zai wadãtar daga yunwa ba."
    },
    {
      "ayah": 8,
      "arabic": "وُجُوهٌ يَوْمَئِذٍ نَّاعِمَةٌ",
      "english": "[Other] faces, that Day, will show pleasure.",
      "hausa": "Wasu huskõki a rãnar nan mãsu ni'ima ne."
    },
    {
      "ayah": 9,
      "arabic": "لِّسَعْيِهَا رَاضِيَةٌ",
      "english": "With their effort [they are] satisfied",
      "hausa": "Game da aikinsu, masu yarda ne."
    },
    {
      "ayah": 10,
      "arabic": "فِى جَنَّةٍ عَالِيَةٍ",
      "english": "In an elevated garden,",
      "hausa": "(Suna) a cikin Aljanna maɗaukakiya."
    },
    {
      "ayah": 11,
      "arabic": "لَّا تَسْمَعُ فِيهَا لَـٰغِيَةً",
      "english": "Wherein they will hear no unsuitable speech.",
      "hausa": "Bã zã su ji yãsassar magana ba, a cikinta."
    },
    {
      "ayah": 12,
      "arabic": "فِيهَا عَيْنٌ جَارِيَةٌ",
      "english": "Within it is a flowing spring.",
      "hausa": "A cikinta akwai marmaro mai gudãna."
    },
    {
      "ayah": 13,
      "arabic": "فِيهَا سُرُرٌ مَّرْفُوعَةٌ",
      "english": "Within it are couches raised high",
      "hausa": "A cikinta akwai gadãje maɗaukaka."
    },
    {
      "ayah": 14,
      "arabic": "وَأَكْوَابٌ مَّوْضُوعَةٌ",
      "english": "And cups put in place",
      "hausa": "Da kõfuna ar'aje."
    },
    {
      "ayah": 15,
      "arabic": "وَنَمَارِقُ مَصْفُوفَةٌ",
      "english": "And cushions lined up",
      "hausa": "Da filõli jẽre,"
    },
    {
      "ayah": 16,
      "arabic": "وَزَرَابِىُّ مَبْثُوثَةٌ",
      "english": "And carpets spread around.",
      "hausa": "Da katifu shimfiɗe."
    },
    {
      "ayah": 17,
      "arabic": "أَفَلَا يَنظُرُونَ إِلَى ٱلْإِبِلِ كَيْفَ خُلِقَتْ",
      "english": "Then do they not look at the camels - how they are created?",
      "hausa": "Ashe to bã zã su dũbãwa ba ga rãƙumã yadda aka halitta su?"
    },
    {
      "ayah": 18,
      "arabic": "وَإِلَى ٱلسَّمَآءِ كَيْفَ رُفِعَتْ",
      "english": "And at the sky - how it is raised?",
      "hausa": "Da zuwa ga sama yadda aka ɗaukaka ta?"
    },
    {
      "ayah": 19,
      "arabic": "وَإِلَى ٱلْجِبَالِ كَيْفَ نُصِبَتْ",
      "english": "And at the mountains - how they are erected?",
      "hausa": "Da zuwa ga duwãtsu yadda aka kafa su?"
    },
    {
      "ayah": 20,
      "arabic": "وَإِلَى ٱلْأَرْضِ كَيْفَ سُطِحَتْ",
      "english": "And at the earth - how it is spread out?",
      "hausa": "Da zuwa ga ƙasa yadda aka shimfiɗã ta?"
    },
    {
      "ayah": 21,
      "arabic": "فَذَكِّرْ إِنَّمَآ أَنتَ مُذَكِّرٌ",
      "english": "So remind, [O Muhammad]; you are only a reminder.",
      "hausa": "sabõda haka, ka yi wa'azi, kai mai yin wa'azi ne kawai."
    },
    {
      "ayah": 22,
      "arabic": "لَّسْتَ عَلَيْهِم بِمُصَيْطِرٍ",
      "english": "You are not over them a controller.",
      "hausa": "Ba ka zama mai ĩkon tanƙwasãwa a kansu ba."
    },
    {
      "ayah": 23,
      "arabic": "إِلَّا مَن تَوَلَّىٰ وَكَفَرَ",
      "english": "However, he who turns away and disbelieves -",
      "hausa": "Fãce dai duk wanda ya jũya bãya, kuma ya kãfirta."
    },
    {
      "ayah": 24,
      "arabic": "فَيُعَذِّبُهُ ٱللَّهُ ٱلْعَذَابَ ٱلْأَكْبَرَ",
      "english": "Then Allah will punish him with the greatest punishment.",
      "hausa": "To, Allah zai yi masa azãba, azãbar nan da take mafi girma."
    },
    {
      "ayah": 25,
      "arabic": "إِنَّ إِلَيْنَآ إِيَابَهُمْ",
      "english": "Indeed, to Us is their return.",
      "hausa": "Lalle ne, zuwa gare Mu kõmõwarsu take."
    },
    {
      "ayah": 26,
      "arabic": "ثُمَّ إِنَّ عَلَيْنَا حِسَابَهُم",
      "english": "Then indeed, upon Us is their account.",
      "hausa": "Sa'an nan lalle ne aikinMu ne Mu yi musu hisãbi."
    }
  ]
}