{
  "surah": 24,
  "hasBasmallah": false,
  "basmallah": "",
  "verses": [
    {
      "ayah": 1,
      "arabic": "سُورَةٌ أَنزَلْنَـٰهَا وَفَرَضْنَـٰهَا وَأَنزَلْنَا فِيهَآ ءَايَـٰتٍۭ بَيِّنَـٰتٍ لَّعَلَّكُمْ تَذَكَّرُونَ",
      "english": "[This is] a surah which We have sent down and made [that within it] obligatory and revealed therein verses of clear evidence that you might remember.",
      "hausa": "(Wannan) sũra ce. Mun saukar da ita, kuma Mun wajabta ta, kuma Mun saukar da ãyõyi bayyanannu a cikinta, dõmin ku riƙa tunãwa."
    },
    {
      "ayah": 2,
      "arabic": "ٱلزَّانِيَةُ وَٱلزَّانِى فَٱجْلِدُوا۟ كُلَّ وَٰحِدٍ مِّنْهُمَا مِا۟ئَةَ جَلْدَةٍ ۖ وَلَا تَأْخُذْكُم بِهِمَا رَأْفَةٌ فِى دِينِ ٱللَّهِ إِن كُنتُمْ تُؤْمِنُونَ بِٱللَّهِ وَٱلْيَوْمِ ٱلْـَٔاخِرِ ۖ وَلْيَشْهَدْ عَذَابَهُمَا طَآئِفَةٌ مِّنَ ٱلْمُؤْمِنِينَ",
      "english": "The [unmarried] woman or [unmarried] man found guilty of sexual intercourse - lash each one of them with a hundred lashes, and do not be taken by pity for them in the religion of Allah, if you should believe in Allah and the Last Day. And let a group of the believers witness their punishment.",
      "hausa": "Mazinãciya da mazinãci, to, ku yi bũlãla ga kõwane ɗaya daga gare su, bũlãla ɗari. Kuma kada tausayi ya kãma ku game da su a cikin addinin Allah idan kun kasance kunã yin ĩmãni da Allah da Rãnar Lãhira. Kuma wani yankin jama, a daga mũminai, su halarci azãbarsu."
    },
    {
      "ayah": 3,
      "arabic": "ٱلزَّانِى لَا يَنكِحُ إِلَّا زَانِيَةً أَوْ مُشْرِكَةً وَٱلزَّانِيَةُ لَا يَنكِحُهَآ إِلَّا زَانٍ أَوْ مُشْرِكٌ ۚ وَحُرِّمَ ذَٰلِكَ عَلَى ٱلْمُؤْمِنِينَ",
      "english": "The fornicator does not marry except a [female] fornicator or polytheist, and none marries her except a fornicator or a polytheist, and that has been made unlawful to the believers.",
      "hausa": "Mazinãci bã ya aure fãce da mazinãciya kõ mushirika, kuma mazinãciya bãbu mai aurenta fãce mazinãci kõ mushiriki. Kuma an haramta wannan a kan mũminai."
    },
    {
      "ayah": 4,
      "arabic": "وَٱلَّذِينَ يَرْمُونَ ٱلْمُحْصَنَـٰتِ ثُمَّ لَمْ يَأْتُوا۟ بِأَرْبَعَةِ شُهَدَآءَ فَٱجْلِدُوهُمْ ثَمَـٰنِينَ جَلْدَةً وَلَا تَقْبَلُوا۟ لَهُمْ شَهَـٰدَةً أَبَدًا ۚ وَأُو۟لَـٰٓئِكَ هُمُ ٱلْفَـٰسِقُونَ",
      "english": "And those who accuse chaste women and then do not produce four witnesses - lash them with eighty lashes and do not accept from them testimony ever after. And those are the defiantly disobedient,",
      "hausa": "Kuma waɗanda ke jĩfar mãtã masu kãmun kai, sa'an nan kuma ba su jẽ da shaidu huɗu ba to, ku yi musu bũlãla, bũlãla tamãnin, kuma kada ku karɓi wata shaida tãsu, har abada. Waɗancan su ne fãsiƙai."
    },
    {
      "ayah": 5,
      "arabic": "إِلَّا ٱلَّذِينَ تَابُوا۟ مِنۢ بَعْدِ ذَٰلِكَ وَأَصْلَحُوا۟ فَإِنَّ ٱللَّهَ غَفُورٌ رَّحِيمٌ",
      "english": "Except for those who repent thereafter and reform, for indeed, Allah is Forgiving and Merciful.",
      "hausa": "Fãce waɗanda suka tũbadaga bãyan wannan, kuma suka gyãru, to lalle ne Allah Mai gãfara ne, Mai jin ƙai."
    },
    {
      "ayah": 6,
      "arabic": "وَٱلَّذِينَ يَرْمُونَ أَزْوَٰجَهُمْ وَلَمْ يَكُن لَّهُمْ شُهَدَآءُ إِلَّآ أَنفُسُهُمْ فَشَهَـٰدَةُ أَحَدِهِمْ أَرْبَعُ شَهَـٰدَٰتٍۭ بِٱللَّهِ ۙ إِنَّهُۥ لَمِنَ ٱلصَّـٰدِقِينَ",
      "english": "And those who accuse their wives [of adultery] and have no witnesses except themselves - then the witness of one of them [shall be] four testimonies [swearing] by Allah that indeed, he is of the truthful.",
      "hausa": "Kuma waɗanda ke jĩfar mãtan aurensu kuma waɗansu shaidu ba su kasance a gare su ba, fãce dai kansu, to, shaidar ɗayansu, shaida huɗu ce da Allah, 'Lalle shĩ, haƙĩƙa, yanã daga magasganta.'"
    },
    {
      "ayah": 7,
      "arabic": "وَٱلْخَـٰمِسَةُ أَنَّ لَعْنَتَ ٱللَّهِ عَلَيْهِ إِن كَانَ مِنَ ٱلْكَـٰذِبِينَ",
      "english": "And the fifth [oath will be] that the curse of Allah be upon him if he should be among the liars.",
      "hausa": "Kuma ta biyar cẽwa 'La'anar Allah ta tabbata a kansa, idan ya kasance daga maƙaryata.'"
    },
    {
      "ayah": 8,
      "arabic": "وَيَدْرَؤُا۟ عَنْهَا ٱلْعَذَابَ أَن تَشْهَدَ أَرْبَعَ شَهَـٰدَٰتٍۭ بِٱللَّهِ ۙ إِنَّهُۥ لَمِنَ ٱلْكَـٰذِبِينَ",
      "english": "But it will prevent punishment from her if she gives four testimonies [swearing] by Allah that indeed, he is of the liars.",
      "hausa": "Kuma yanã tunkuɗe mata azãba ta yi shaida, shaida huɗu da Allah, 'Lalle shĩ haƙĩƙa, yanã daga maƙaryata.'"
    },
    {
      "ayah": 9,
      "arabic": "وَٱلْخَـٰمِسَةَ أَنَّ غَضَبَ ٱللَّهِ عَلَيْهَآ إِن كَانَ مِنَ ٱلصَّـٰدِقِينَ",
      "english": "And the fifth [oath will be] that the wrath of Allah be upon her if he was of the truthful.",
      "hausa": "Kuma tã biyar cẽwa 'Hushin Allah ya tabbata a kanta idan ya kasance daga magasganta.'"
    },
    {
      "ayah": 10,
      "arabic": "وَلَوْلَا فَضْلُ ٱللَّهِ عَلَيْكُمْ وَرَحْمَتُهُۥ وَأَنَّ ٱللَّهَ تَوَّابٌ حَكِيمٌ",
      "english": "And if not for the favor of Allah upon you and His mercy... and because Allah is Accepting of repentance and Wise.",
      "hausa": "Kuma bã dõmin falalar Allah ba a kanku, da rahamarSa, kuma cẽwa Allah Mai karɓar tũba ne, Mai hikima!"
    },
    {
      "ayah": 11,
      "arabic": "إِنَّ ٱلَّذِينَ جَآءُو بِٱلْإِفْكِ عُصْبَةٌ مِّنكُمْ ۚ لَا تَحْسَبُوهُ شَرًّا لَّكُم ۖ بَلْ هُوَ خَيْرٌ لَّكُمْ ۚ لِكُلِّ ٱمْرِئٍ مِّنْهُم مَّا ٱكْتَسَبَ مِنَ ٱلْإِثْمِ ۚ وَٱلَّذِى تَوَلَّىٰ كِبْرَهُۥ مِنْهُمْ لَهُۥ عَذَابٌ عَظِيمٌ",
      "english": "Indeed, those who came with falsehood are a group among you. Do not think it bad for you; rather it is good for you. For every person among them is what [punishment] he has earned from the sin, and he who took upon himself the greater portion thereof - for him is a great punishment.",
      "hausa": "Lalle ne waɗanda suka zo da ƙiren ƙarya waɗansu jama'a ne daga gare ku, kada ku yi zatonsa sharri ne a gare ku. Ã'a, alhẽri ne gare ku. Kõwane mutum daga gare su na da sakamakon abin da ya sanã'anta na zunubi, kuma wanda ya jiɓinci girmansa, daga gare su, yanã da azãba mai girma."
    },
    {
      "ayah": 12,
      "arabic": "لَّوْلَآ إِذْ سَمِعْتُمُوهُ ظَنَّ ٱلْمُؤْمِنُونَ وَٱلْمُؤْمِنَـٰتُ بِأَنفُسِهِمْ خَيْرًا وَقَالُوا۟ هَـٰذَآ إِفْكٌ مُّبِينٌ",
      "english": "Why, when you heard it, did not the believing men and believing women think good of one another and say, \"This is an obvious falsehood\"?",
      "hausa": "Don me a lõkacin da kuka ji shi mũminai maza da mũminai mãta ba su yi zaton alhẽri game da kansu ba kuma su ce: \"Wannan ƙiren ƙarya ne bayyananne?\""
    },
    {
      "ayah": 13,
      "arabic": "لَّوْلَا جَآءُو عَلَيْهِ بِأَرْبَعَةِ شُهَدَآءَ ۚ فَإِذْ لَمْ يَأْتُوا۟ بِٱلشُّهَدَآءِ فَأُو۟لَـٰٓئِكَ عِندَ ٱللَّهِ هُمُ ٱلْكَـٰذِبُونَ",
      "english": "Why did they [who slandered] not produce for it four witnesses? And when they do not produce the witnesses, then it is they, in the sight of Allah, who are the liars.",
      "hausa": "Don me ba su zo da shaidu huɗu a kansa ba? To idan ba su kãwo shaidun nan ba to, waɗannan, a wurin Allah, sũ ne maƙaryata."
    },
    {
      "ayah": 14,
      "arabic": "وَلَوْلَا فَضْلُ ٱللَّهِ عَلَيْكُمْ وَرَحْمَتُهُۥ فِى ٱلدُّنْيَا وَٱلْـَٔاخِرَةِ لَمَسَّكُمْ فِى مَآ أَفَضْتُمْ فِيهِ عَذَابٌ عَظِيمٌ",
      "english": "And if it had not been for the favor of Allah upon you and His mercy in this world and the Hereafter, you would have been touched for that [lie] in which you were involved by a great punishment",
      "hausa": "Kuma bã dõmin falalar Allah ba a kanku da rahamarSa a cikin dũniya da Lãhira. Lalle ne, dã azãba mai girma ta shãfe ku a cikin abin da kuka kũtsa da magana a cikinsa."
    },
    {
      "ayah": 15,
      "arabic": "إِذْ تَلَقَّوْنَهُۥ بِأَلْسِنَتِكُمْ وَتَقُولُونَ بِأَفْوَاهِكُم مَّا لَيْسَ لَكُم بِهِۦ عِلْمٌ وَتَحْسَبُونَهُۥ هَيِّنًا وَهُوَ عِندَ ٱللَّهِ عَظِيمٌ",
      "english": "When you received it with your tongues and said with your mouths that of which you had no knowledge and thought it was insignificant while it was, in the sight of Allah, tremendous.",
      "hausa": "A lõkacin da kuke marãbarsa da harsunanku kuma kunã cẽwa da bakunanku abin da bã ku da wani ilmi game da shi, kuma kunã zaton sa mai sauƙi alhãli kuwa, shi a wurin Allah, babba ne."
    },
    {
      "ayah": 16,
      "arabic": "وَلَوْلَآ إِذْ سَمِعْتُمُوهُ قُلْتُم مَّا يَكُونُ لَنَآ أَن نَّتَكَلَّمَ بِهَـٰذَا سُبْحَـٰنَكَ هَـٰذَا بُهْتَـٰنٌ عَظِيمٌ",
      "english": "And why, when you heard it, did you not say, \"It is not for us to speak of this. Exalted are You, [O Allah]; this is a great slander\"?",
      "hausa": "Kuma don me a lõkacin da kuka ji shi, ba ku ce ba, \"Bã ya yiwuwa a gare mu, mu yi magana a game da wannan. Tsarki ya tabbata a gare Ka, wannan ƙiren ƙarya ne mai girma\"?"
    },
    {
      "ayah": 17,
      "arabic": "يَعِظُكُمُ ٱللَّهُ أَن تَعُودُوا۟ لِمِثْلِهِۦٓ أَبَدًا إِن كُنتُم مُّؤْمِنِينَ",
      "english": "Allah warns you against returning to the likes of this [conduct], ever, if you should be believers.",
      "hausa": "Allah Yanã yi muku wa'azi, kada ku kõma ga irinsa, har abada, idan kun kasance mũminai."
    },
    {
      "ayah": 18,
      "arabic": "وَيُبَيِّنُ ٱللَّهُ لَكُمُ ٱلْـَٔايَـٰتِ ۚ وَٱللَّهُ عَلِيمٌ حَكِيمٌ",
      "english": "And Allah makes clear to you the verses, and Allah is Knowing and Wise.",
      "hausa": "Kuma Allah Yanã bayyana muku ãyõyinSa, kuma Allah Masani ne, Mai hikima."
    },
    {
      "ayah": 19,
      "arabic": "إِنَّ ٱلَّذِينَ يُحِبُّونَ أَن تَشِيعَ ٱلْفَـٰحِشَةُ فِى ٱلَّذِينَ ءَامَنُوا۟ لَهُمْ عَذَابٌ أَلِيمٌ فِى ٱلدُّنْيَا وَٱلْـَٔاخِرَةِ ۚ وَٱللَّهُ يَعْلَمُ وَأَنتُمْ لَا تَعْلَمُونَ",
      "english": "Indeed, those who like that immorality should be spread [or publicized] among those who have believed will have a painful punishment in this world and the Hereafter. And Allah knows and you do not know.",
      "hausa": "Lalle ne waɗanda ke son alfãsha ta wãtsu ga waɗanda suka yi ĩmãni sunã da azãba mai raɗaɗi a cikin dũniya da Lãhira. KumaAllah, Shi ne Ya sani, alhãli kuwa, kũ ba ku sani ba."
    },
    {
      "ayah": 20,
      "arabic": "وَلَوْلَا فَضْلُ ٱللَّهِ عَلَيْكُمْ وَرَحْمَتُهُۥ وَأَنَّ ٱللَّهَ رَءُوفٌ رَّحِيمٌ",
      "english": "And if it had not been for the favor of Allah upon you and His mercy... and because Allah is Kind and Merciful.",
      "hausa": "Kuma bã dõmin falalar Allah ba a kanku da rahamarSa. Kuma lalle ne Allah Mai tausayi ne, Mai jin ƙai!"
    },
    {
      "ayah": 21,
      "arabic": "يَـٰٓأَيُّهَا ٱلَّذِينَ ءَامَنُوا۟ لَا تَتَّبِعُوا۟ خُطُوَٰتِ ٱلشَّيْطَـٰنِ ۚ وَمَن يَتَّبِعْ خُطُوَٰتِ ٱلشَّيْطَـٰنِ فَإِنَّهُۥ يَأْمُرُ بِٱلْفَحْشَآءِ وَٱلْمُنكَرِ ۚ وَلَوْلَا فَضْلُ ٱللَّهِ عَلَيْكُمْ وَرَحْمَتُهُۥ مَا زَكَىٰ مِنكُم مِّنْ أَحَدٍ أَبَدًا وَلَـٰكِنَّ ٱللَّهَ يُزَكِّى مَن يَشَآءُ ۗ وَٱللَّهُ سَمِيعٌ عَلِيمٌ",
      "english": "O you who have believed, do not follow the footsteps of Satan. And whoever follows the footsteps of Satan - indeed, he enjoins immorality and wrongdoing. And if not for the favor of Allah upon you and His mercy, not one of you would have been pure, ever, but Allah purifies whom He wills, and Allah is Hearing and Knowing.",
      "hausa": "Ya ku waɗanda suka yi ĩmãni, kada ku bi hanyõyin Shaiɗan. Kuma wanda ke bin hanyõyin Shaiɗan, to, lalle ne shi, yanã umurni da yin alfãsha da abin da ba a sani ba, kuma bã dõmin falalar Allah ba a kanku da rahamarSa, bãbu wani mutum daga gare ku da zai tsarkaka har abada, kuma amma Allah Yanã tsarkake wanda Yake so kuma Allah Mai ji ne, Masani."
    },
    {
      "ayah": 22,
      "arabic": "وَلَا يَأْتَلِ أُو۟لُوا۟ ٱلْفَضْلِ مِنكُمْ وَٱلسَّعَةِ أَن يُؤْتُوٓا۟ أُو۟لِى ٱلْقُرْبَىٰ وَٱلْمَسَـٰكِينَ وَٱلْمُهَـٰجِرِينَ فِى سَبِيلِ ٱللَّهِ ۖ وَلْيَعْفُوا۟ وَلْيَصْفَحُوٓا۟ ۗ أَلَا تُحِبُّونَ أَن يَغْفِرَ ٱللَّهُ لَكُمْ ۗ وَٱللَّهُ غَفُورٌ رَّحِيمٌ",
      "english": "And let not those of virtue among you and wealth swear not to give [aid] to their relatives and the needy and the emigrants for the cause of Allah, and let them pardon and overlook. Would you not like that Allah should forgive you? And Allah is Forgiving and Merciful.",
      "hausa": "Kuma kada ma'abũta falala daga gare ku da mawadãta su rantse ga rashin su bãyar da alhẽri ga ma'abũta zumunta da miskĩnai da muhãjirai, a cikin hanyar Allah. Kuma su yãfe, kuma su kau da kai. shin, bã ku son Allah Ya gãfarta muku, alhãli Allah Mai gãfara ne, Mai jin ƙai?"
    },
    {
      "ayah": 23,
      "arabic": "إِنَّ ٱلَّذِينَ يَرْمُونَ ٱلْمُحْصَنَـٰتِ ٱلْغَـٰفِلَـٰتِ ٱلْمُؤْمِنَـٰتِ لُعِنُوا۟ فِى ٱلدُّنْيَا وَٱلْـَٔاخِرَةِ وَلَهُمْ عَذَابٌ عَظِيمٌ",
      "english": "Indeed, those who [falsely] accuse chaste, unaware and believing women are cursed in this world and the Hereafter; and they will have a great punishment",
      "hausa": "Lalle ne waɗannan da suke jĩfar mãtã mãsu kãmun kai gãfilai mũminai, an la'ane su, a cikin dũniya da Lãhira, kuma sunãda azãba mai girma."
    },
    {
      "ayah": 24,
      "arabic": "يَوْمَ تَشْهَدُ عَلَيْهِمْ أَلْسِنَتُهُمْ وَأَيْدِيهِمْ وَأَرْجُلُهُم بِمَا كَانُوا۟ يَعْمَلُونَ",
      "english": "On a Day when their tongues, their hands and their feet will bear witness against them as to what they used to do.",
      "hausa": "A rãnar da harsunansu da hannãyensu, da ƙafãfunsu suke bãyar da shaida a kansu, game da abin da suka kasance sunã aikatãwa."
    },
    {
      "ayah": 25,
      "arabic": "يَوْمَئِذٍ يُوَفِّيهِمُ ٱللَّهُ دِينَهُمُ ٱلْحَقَّ وَيَعْلَمُونَ أَنَّ ٱللَّهَ هُوَ ٱلْحَقُّ ٱلْمُبِينُ",
      "english": "That Day, Allah will pay them in full their deserved recompense, and they will know that it is Allah who is the perfect in justice.",
      "hausa": "a rãnar dl Allah Yake cika musu sakamakonsu tabbatacce kuma sunã sanin (cẽwa) lalle Allah, Shi ne Gaskiya bayyananna."
    },
    {
      "ayah": 26,
      "arabic": "ٱلْخَبِيثَـٰتُ لِلْخَبِيثِينَ وَٱلْخَبِيثُونَ لِلْخَبِيثَـٰتِ ۖ وَٱلطَّيِّبَـٰتُ لِلطَّيِّبِينَ وَٱلطَّيِّبُونَ لِلطَّيِّبَـٰتِ ۚ أُو۟لَـٰٓئِكَ مُبَرَّءُونَ مِمَّا يَقُولُونَ ۖ لَهُم مَّغْفِرَةٌ وَرِزْقٌ كَرِيمٌ",
      "english": "Evil words are for evil men, and evil men are [subjected] to evil words. And good words are for good men, and good men are [an object] of good words. Those [good people] are declared innocent of what the slanderers say. For them is forgiveness and noble provision.",
      "hausa": "Miyãgun mãtã dõmin miyagun maza suke, kuma miyãgun maza dõmin miyãgun mãtã suke kuma tsarkãkan mãtã dõmin tsarkãkan maza suke kuma tsarkãkan maza dõmin tsarkãkan mãtã suke. waɗancan sũ ne waɗanda ake barrantãwa daga abin da (mãsu ƙazafi) suke faɗa kuma sunã da gãfara da arziki na karimci."
    },
    {
      "ayah": 27,
      "arabic": "يَـٰٓأَيُّهَا ٱلَّذِينَ ءَامَنُوا۟ لَا تَدْخُلُوا۟ بُيُوتًا غَيْرَ بُيُوتِكُمْ حَتَّىٰ تَسْتَأْنِسُوا۟ وَتُسَلِّمُوا۟ عَلَىٰٓ أَهْلِهَا ۚ ذَٰلِكُمْ خَيْرٌ لَّكُمْ لَعَلَّكُمْ تَذَكَّرُونَ",
      "english": "O you who have believed, do not enter houses other than your own houses until you ascertain welcome and greet their inhabitants. That is best for you; perhaps you will be reminded.",
      "hausa": "Yã ku waɗanda suka yi ĩmãni! Kada ku shiga gidãje waɗanda bã gidãjenku ba sai kun sãmi izni, kuma kun yi sallama a kan ma'abũtansu. Wannan ne mafi alhẽri gare ku, tsammaninku, zã ku tuna."
    },
    {
      "ayah": 28,
      "arabic": "فَإِن لَّمْ تَجِدُوا۟ فِيهَآ أَحَدًا فَلَا تَدْخُلُوهَا حَتَّىٰ يُؤْذَنَ لَكُمْ ۖ وَإِن قِيلَ لَكُمُ ٱرْجِعُوا۟ فَٱرْجِعُوا۟ ۖ هُوَ أَزْكَىٰ لَكُمْ ۚ وَٱللَّهُ بِمَا تَعْمَلُونَ عَلِيمٌ",
      "english": "And if you do not find anyone therein, do not enter them until permission has been given you. And if it is said to you, \"Go back,\" then go back; it is purer for you. And Allah is Knowing of what you do.",
      "hausa": "To, idan ba ku sãmi kõwa a cikinsu ba, to, kada ku shige su, sai an yi muku izni. Kuma idan an ce muku, \"Ku kõma.\" Sai ku kõma, shi ne mafi tsarkaka a gare ku. Kuma Allah game da abin da kuke aikatãwa, Masani ne."
    },
    {
      "ayah": 29,
      "arabic": "لَّيْسَ عَلَيْكُمْ جُنَاحٌ أَن تَدْخُلُوا۟ بُيُوتًا غَيْرَ مَسْكُونَةٍ فِيهَا مَتَـٰعٌ لَّكُمْ ۚ وَٱللَّهُ يَعْلَمُ مَا تُبْدُونَ وَمَا تَكْتُمُونَ",
      "english": "There is no blame upon you for entering houses not inhabited in which there is convenience for you. And Allah knows what you reveal and what you conceal.",
      "hausa": "Bãbu laifi a kanku, ga ku shiga gidãje waɗanda bã zaunannu ba, a cikinsu akwai waɗansu kãya nãku. Kuma Allah Yanã sanin abin da kuke nũnãwa, da abin dakuke ɓãyẽwa."
    },
    {
      "ayah": 30,
      "arabic": "قُل لِّلْمُؤْمِنِينَ يَغُضُّوا۟ مِنْ أَبْصَـٰرِهِمْ وَيَحْفَظُوا۟ فُرُوجَهُمْ ۚ ذَٰلِكَ أَزْكَىٰ لَهُمْ ۗ إِنَّ ٱللَّهَ خَبِيرٌۢ بِمَا يَصْنَعُونَ",
      "english": "Tell the believing men to reduce [some] of their vision and guard their private parts. That is purer for them. Indeed, Allah is Acquainted with what they do.",
      "hausa": "Ka ce wa mũminai maza su runtse daga ganinsu, kuma su tsare farjõjinsu. wannan shĩ ne mafi tsarki a gare su. Lalle ne, Allah, Mai ƙididdigewa ne ga abin da suke sanã'antãwa."
    },
    {
      "ayah": 31,
      "arabic": "وَقُل لِّلْمُؤْمِنَـٰتِ يَغْضُضْنَ مِنْ أَبْصَـٰرِهِنَّ وَيَحْفَظْنَ فُرُوجَهُنَّ وَلَا يُبْدِينَ زِينَتَهُنَّ إِلَّا مَا ظَهَرَ مِنْهَا ۖ وَلْيَضْرِبْنَ بِخُمُرِهِنَّ عَلَىٰ جُيُوبِهِنَّ ۖ وَلَا يُبْدِينَ زِينَتَهُنَّ إِلَّا لِبُعُولَتِهِنَّ أَوْ ءَابَآئِهِنَّ أَوْ ءَابَآءِ بُعُولَتِهِنَّ أَوْ أَبْنَآئِهِنَّ أَوْ أَبْنَآءِ بُعُولَتِهِنَّ أَوْ إِخْوَٰنِهِنَّ أَوْ بَنِىٓ إِخْوَٰنِهِنَّ أَوْ بَنِىٓ أَخَوَٰتِهِنَّ أَوْ نِسَآئِهِنَّ أَوْ مَا مَلَكَتْ أَيْمَـٰنُهُنَّ أَوِ ٱلتَّـٰبِعِينَ غَيْرِ أُو۟لِى ٱلْإِرْبَةِ مِنَ ٱلرِّجَالِ أَوِ ٱلطِّفْلِ ٱلَّذِينَ لَمْ يَظْهَرُوا۟ عَلَىٰ عَوْرَٰتِ ٱلنِّسَآءِ ۖ وَلَا يَضْرِبْنَ بِأَرْجُلِهِنَّ لِيُعْلَمَ مَا يُخْفِينَ مِن زِينَتِهِنَّ ۚ وَتُوبُوٓا۟ إِلَى ٱللَّهِ جَمِيعًا أَيُّهَ ٱلْمُؤْمِنُونَ لَعَلَّكُمْ تُفْلِحُونَ",
      "english": "And tell the believing women to reduce [some] of their vision and guard their private parts and not expose their adornment except that which [necessarily] appears thereof and to wrap [a portion of] their headcovers over their chests and not expose their adornment except to their husbands, their fathers, their husbands' fathers, their sons, their husbands' sons, their brothers, their brothers' sons, their sisters' sons, their women, that which their right hands possess, or those male attendants having no physical desire, or children who are not yet aware of the private aspects of women. And let them not stamp their feet to make known what they conceal of their adornment. And turn to Allah in repentance, all of you, O believers, that you might succeed.",
      "hausa": "Kuma ka ce wa mũminai mãta su runtse daga gannansu, kuma su tsare farjõjinsu kuma kada su bayyana ƙawarsu fãce abin da ya bayyana daga gare ta, kuma su dõka da mayãfansu a kan wuyan rigunansu, kuma kada su nũna ƙawarsu fãce ga mazansu ko ubanninsu ko ubannin mazansu, ko ɗiyansu, ko ɗiyan mazansu, ko 'yan'uwansu, ko ɗiyan 'yan'uwansu mãtã, kõ mãtan ƙungiyarsu, ko abin da hannãyensu na dãma suka mallaka, ko mabiya wasun mãsu bukãtar mãta daga maza, kõ jãrirai waɗanda. bã su tsinkãya a kan al'aurar mãtã. Kuma kada su yi dũka da ƙafãfunsu dõmin a san abin da suke ɓõyẽwa daga ƙawarsu. Kuma ku tũba zuwa ga Allah gabã ɗaya, yã ku mũminai! Tsammãninku, ku sãmi babban rabo."
    },
    {
      "ayah": 32,
      "arabic": "وَأَنكِحُوا۟ ٱلْأَيَـٰمَىٰ مِنكُمْ وَٱلصَّـٰلِحِينَ مِنْ عِبَادِكُمْ وَإِمَآئِكُمْ ۚ إِن يَكُونُوا۟ فُقَرَآءَ يُغْنِهِمُ ٱللَّهُ مِن فَضْلِهِۦ ۗ وَٱللَّهُ وَٰسِعٌ عَلِيمٌ",
      "english": "And marry the unmarried among you and the righteous among your male slaves and female slaves. If they should be poor, Allah will enrich them from His bounty, and Allah is all-Encompassing and Knowing.",
      "hausa": "Kuma ku aurar da gwaurãye daga gare ku, da sãlihai daga bãyinku, da kuyanginku. Idan sun kasance matalauta Allah zai wadãtar da su daga falalarSa. Kuma Allah Mawadãci ne, Masani."
    },
    {
      "ayah": 33,
      "arabic": "وَلْيَسْتَعْفِفِ ٱلَّذِينَ لَا يَجِدُونَ نِكَاحًا حَتَّىٰ يُغْنِيَهُمُ ٱللَّهُ مِن فَضْلِهِۦ ۗ وَٱلَّذِينَ يَبْتَغُونَ ٱلْكِتَـٰبَ مِمَّا مَلَكَتْ أَيْمَـٰنُكُمْ فَكَاتِبُوهُمْ إِنْ عَلِمْتُمْ فِيهِمْ خَيْرًا ۖ وَءَاتُوهُم مِّن مَّالِ ٱللَّهِ ٱلَّذِىٓ ءَاتَىٰكُمْ ۚ وَلَا تُكْرِهُوا۟ فَتَيَـٰتِكُمْ عَلَى ٱلْبِغَآءِ إِنْ أَرَدْنَ تَحَصُّنًا لِّتَبْتَغُوا۟ عَرَضَ ٱلْحَيَوٰةِ ٱلدُّنْيَا ۚ وَمَن يُكْرِههُّنَّ فَإِنَّ ٱللَّهَ مِنۢ بَعْدِ إِكْرَٰهِهِنَّ غَفُورٌ رَّحِيمٌ",
      "english": "But let them who find not [the means for] marriage abstain [from sexual relations] until Allah enriches them from His bounty. And those who seek a contract [for eventual emancipation] from among whom your right hands possess - then make a contract with them if you know there is within them goodness and give them from the wealth of Allah which He has given you. And do not compel your slave girls to prostitution, if they desire chastity, to seek [thereby] the temporary interests of worldly life. And if someone should compel them, then indeed, Allah is [to them], after their compulsion, Forgiving and Merciful.",
      "hausa": "Kuma waɗannan da ba su sãmi aure ba su kãme kansu har Allah Ya wadãtar da su daga, falalarsa. Kuma waɗanda ke nẽman fansa daga abin da hannuwanku na dãma suka mallaka, to, ku ɗaura musu fansã idan kun san akwai wani alhẽri a cikinsu kuma ku bã su wani abu daga dũkiyar Allah wannan da Ya bã ku. Kuma kada ku tĩlasta kuyanginku a kan yin zina, idan sun yi nufin tsaron kansu, dõmin ku nẽmi rãyuwar dũniya, kuma wanda ya tĩlasta su to, lalle Allah, a bãyan tĩlasta su, Mai gãfara ne, Mai jin ƙai."
    },
    {
      "ayah": 34,
      "arabic": "وَلَقَدْ أَنزَلْنَآ إِلَيْكُمْ ءَايَـٰتٍ مُّبَيِّنَـٰتٍ وَمَثَلًا مِّنَ ٱلَّذِينَ خَلَوْا۟ مِن قَبْلِكُمْ وَمَوْعِظَةً لِّلْمُتَّقِينَ",
      "english": "And We have certainly sent down to you distinct verses and examples from those who passed on before you and an admonition for those who fear Allah.",
      "hausa": "Kuma lalle ne Mun saukar zuwa gare ku, ãyõyi mãsu bayyanãwa, da misãli daga waɗanda suka shige daga gabãninku, da wa'azi ga mãsu taƙawa."
    },
    {
      "ayah": 35,
      "arabic": "ٱللَّهُ نُورُ ٱلسَّمَـٰوَٰتِ وَٱلْأَرْضِ ۚ مَثَلُ نُورِهِۦ كَمِشْكَوٰةٍ فِيهَا مِصْبَاحٌ ۖ ٱلْمِصْبَاحُ فِى زُجَاجَةٍ ۖ ٱلزُّجَاجَةُ كَأَنَّهَا كَوْكَبٌ دُرِّىٌّ يُوقَدُ مِن شَجَرَةٍ مُّبَـٰرَكَةٍ زَيْتُونَةٍ لَّا شَرْقِيَّةٍ وَلَا غَرْبِيَّةٍ يَكَادُ زَيْتُهَا يُضِىٓءُ وَلَوْ لَمْ تَمْسَسْهُ نَارٌ ۚ نُّورٌ عَلَىٰ نُورٍ ۗ يَهْدِى ٱللَّهُ لِنُورِهِۦ مَن يَشَآءُ ۚ وَيَضْرِبُ ٱللَّهُ ٱلْأَمْثَـٰلَ لِلنَّاسِ ۗ وَٱللَّهُ بِكُلِّ شَىْءٍ عَلِيمٌ",
      "english": "Allah is the Light of the heavens and the earth. The example of His light is like a niche within which is a lamp, the lamp is within glass, the glass as if it were a pearly [white] star lit from [the oil of] a blessed olive tree, neither of the east nor of the west, whose oil would almost glow even if untouched by fire. Light upon light. Allah guides to His light whom He wills. And Allah presents examples for the people, and Allah is Knowing of all things.",
      "hausa": "Allah ne Hasken sammai da ƙasa, misãlin HaskenSa, kamar tãgã, a cikinta akwai fitila, fitilar a cikin ƙarau, ƙarau ɗin kamar shi taurãro ne mai tsananin haske, anã kunna shi daga wata itãciya mai albarka, ta zaitũni, bã bagabashiya ba kuma bã bayammaciya ba, manta na kusa ya yi haske, kuma kõ wuta ba ta shãfe shi ba, haske a kan haske, Allah na shiryar da wanda Yake so zuwa ga HaskenSa. Kuma Allah na buga misãlai ga mutãne, kuma Allah game da dukan kõme, Masani ne."
    },
    {
      "ayah": 36,
      "arabic": "فِى بُيُوتٍ أَذِنَ ٱللَّهُ أَن تُرْفَعَ وَيُذْكَرَ فِيهَا ٱسْمُهُۥ يُسَبِّحُ لَهُۥ فِيهَا بِٱلْغُدُوِّ وَٱلْـَٔاصَالِ",
      "english": "[Such niches are] in mosques which Allah has ordered to be raised and that His name be mentioned therein; exalting Him within them in the morning and the evenings",
      "hausa": "A cikin waɗansu gidãje waɗanda Allah Yã yi umurnin a ɗaukaka kuma a ambaci sũnansa a cikinsu, sunã yin tasbĩhi a gare Shi a cikinsu, sãfe da maraice."
    },
    {
      "ayah": 37,
      "arabic": "رِجَالٌ لَّا تُلْهِيهِمْ تِجَـٰرَةٌ وَلَا بَيْعٌ عَن ذِكْرِ ٱللَّهِ وَإِقَامِ ٱلصَّلَوٰةِ وَإِيتَآءِ ٱلزَّكَوٰةِ ۙ يَخَافُونَ يَوْمًا تَتَقَلَّبُ فِيهِ ٱلْقُلُوبُ وَٱلْأَبْصَـٰرُ",
      "english": "[Are] men whom neither commerce nor sale distracts from the remembrance of Allah and performance of prayer and giving of zakah. They fear a Day in which the hearts and eyes will [fearfully] turn about -",
      "hausa": "Waɗansu maza, waɗanda wani fatauci bã ya shagaltar da su, kuma sayarwa bã ta shagaltar da su daga ambaton Allah, da tsai da salla da bãyar da zakka, sunã tsõron wani yini wanda zukãta sunã bibbirkita a cikinsa, da gannai."
    },
    {
      "ayah": 38,
      "arabic": "لِيَجْزِيَهُمُ ٱللَّهُ أَحْسَنَ مَا عَمِلُوا۟ وَيَزِيدَهُم مِّن فَضْلِهِۦ ۗ وَٱللَّهُ يَرْزُقُ مَن يَشَآءُ بِغَيْرِ حِسَابٍ",
      "english": "That Allah may reward them [according to] the best of what they did and increase them from His bounty. And Allah gives provision to whom He wills without account.",
      "hausa": "Dõmin Allah Ya sãka musu da mafi kyaun abin da suka aikata, kuma Ya ƙãra musu daga falalarsa. Kuma Allah Yanã azurta wanda Yake so, bã da lissafi ba."
    },
    {
      "ayah": 39,
      "arabic": "وَٱلَّذِينَ كَفَرُوٓا۟ أَعْمَـٰلُهُمْ كَسَرَابٍۭ بِقِيعَةٍ يَحْسَبُهُ ٱلظَّمْـَٔانُ مَآءً حَتَّىٰٓ إِذَا جَآءَهُۥ لَمْ يَجِدْهُ شَيْـًٔا وَوَجَدَ ٱللَّهَ عِندَهُۥ فَوَفَّىٰهُ حِسَابَهُۥ ۗ وَٱللَّهُ سَرِيعُ ٱلْحِسَابِ",
      "english": "But those who disbelieved - their deeds are like a mirage in a lowland which a thirsty one thinks is water until, when he comes to it, he finds it is nothing but finds Allah before Him, and He will pay him in full his due; and Allah is swift in account.",
      "hausa": "Kuma waɗanda suka ƙãfirta ayyukansu sunã kamar ƙawalwalniyã ga faƙo, mai ƙishirwa yanã zaton sa ruwa, har idan ya jẽ masa bai iske shi kõme ba, kuma ya sãmi Allah a wurinsa, sai Ya cika masa hisãbinsa. Kuma Allah Mai gaggãwar sakamako ne."
    },
    {
      "ayah": 40,
      "arabic": "أَوْ كَظُلُمَـٰتٍ فِى بَحْرٍ لُّجِّىٍّ يَغْشَىٰهُ مَوْجٌ مِّن فَوْقِهِۦ مَوْجٌ مِّن فَوْقِهِۦ سَحَابٌ ۚ ظُلُمَـٰتٌۢ بَعْضُهَا فَوْقَ بَعْضٍ إِذَآ أَخْرَجَ يَدَهُۥ لَمْ يَكَدْ يَرَىٰهَا ۗ وَمَن لَّمْ يَجْعَلِ ٱللَّهُ لَهُۥ نُورًا فَمَا لَهُۥ مِن نُّورٍ",
      "english": "Or [they are] like darknesses within an unfathomable sea which is covered by waves, upon which are waves, over which are clouds - darknesses, some of them upon others. When one puts out his hand [therein], he can hardly see it. And he to whom Allah has not granted light - for him there is no light.",
      "hausa": "Kõ kuwa kamar duffai a cikin tẽku mai zurfi, tãguwar ruwa tanã rufe da shi, daga bisansa akwai wata tãguwa, daga bisansa akwai wani girgije, duffai sãshensu a bisa sãshe, idan ya fitar da tãfinsa ba ya kusa ya gan shi. Kuma wanda Allah bai sanya masa haske ba, to, bã ya da wani haske."
    },
    {
      "ayah": 41,
      "arabic": "أَلَمْ تَرَ أَنَّ ٱللَّهَ يُسَبِّحُ لَهُۥ مَن فِى ٱلسَّمَـٰوَٰتِ وَٱلْأَرْضِ وَٱلطَّيْرُ صَـٰٓفَّـٰتٍ ۖ كُلٌّ قَدْ عَلِمَ صَلَاتَهُۥ وَتَسْبِيحَهُۥ ۗ وَٱللَّهُ عَلِيمٌۢ بِمَا يَفْعَلُونَ",
      "english": "Do you not see that Allah is exalted by whomever is within the heavens and the earth and [by] the birds with wings spread [in flight]? Each [of them] has known his [means of] prayer and exalting [Him], and Allah is Knowing of what they do.",
      "hausa": "Shin, ba ka gani ba (cẽwa) lalle ne Allah, Wanda yake a cikin sammai da ƙasa sunã yi Masa tasbĩhi, kuma tsuntsaye sunã mãsu sanwa, kõwane lalle ya san sallarsa da tasbĩhinsa kuma Allah Masani ne ga abin da suke aikatãwa?"
    },
    {
      "ayah": 42,
      "arabic": "وَلِلَّهِ مُلْكُ ٱلسَّمَـٰوَٰتِ وَٱلْأَرْضِ ۖ وَإِلَى ٱللَّهِ ٱلْمَصِيرُ",
      "english": "And to Allah belongs the dominion of the heavens and the earth, and to Allah is the destination.",
      "hausa": "Mulkin sammai da ƙasa ga Allah kawai yake, kuma zuwa ga Allah makõma take."
    },
    {
      "ayah": 43,
      "arabic": "أَلَمْ تَرَ أَنَّ ٱللَّهَ يُزْجِى سَحَابًا ثُمَّ يُؤَلِّفُ بَيْنَهُۥ ثُمَّ يَجْعَلُهُۥ رُكَامًا فَتَرَى ٱلْوَدْقَ يَخْرُجُ مِنْ خِلَـٰلِهِۦ وَيُنَزِّلُ مِنَ ٱلسَّمَآءِ مِن جِبَالٍ فِيهَا مِنۢ بَرَدٍ فَيُصِيبُ بِهِۦ مَن يَشَآءُ وَيَصْرِفُهُۥ عَن مَّن يَشَآءُ ۖ يَكَادُ سَنَا بَرْقِهِۦ يَذْهَبُ بِٱلْأَبْصَـٰرِ",
      "english": "Do you not see that Allah drives clouds? Then He brings them together, then He makes them into a mass, and you see the rain emerge from within it. And He sends down from the sky, mountains [of clouds] within which is hail, and He strikes with it whom He wills and averts it from whom He wills. The flash of its lightening almost takes away the eyesight.",
      "hausa": "Ashe, ba ka ganĩ ba, lalle ne Allah Yanã kõra girgije, sa'an nan kuma Ya haɗa a tsakãninsa sa'an nan kuma Ya sanya shi mai hauhawar jũna? Sai ka ga ruwa yanã fita daga tsattsakinsa, kuma Ya saukar daga waɗansu duwãtsu a cikinsa na ƙanƙarã daga sama, sai ya sãmu wanda Yake so da shi, kuma Ya karkatar da shi daga barin wanda Yake so. Hasken walƙiyarsa Yanã kusa ya tafi da gannai."
    },
    {
      "ayah": 44,
      "arabic": "يُقَلِّبُ ٱللَّهُ ٱلَّيْلَ وَٱلنَّهَارَ ۚ إِنَّ فِى ذَٰلِكَ لَعِبْرَةً لِّأُو۟لِى ٱلْأَبْصَـٰرِ",
      "english": "Allah alternates the night and the day. Indeed in that is a lesson for those who have vision.",
      "hausa": "Allah Yanã jũyar da dare da yini. Lalle ne a cikin wannan akwai abin kula ga ma'abũta gannai."
    },
    {
      "ayah": 45,
      "arabic": "وَٱللَّهُ خَلَقَ كُلَّ دَآبَّةٍ مِّن مَّآءٍ ۖ فَمِنْهُم مَّن يَمْشِى عَلَىٰ بَطْنِهِۦ وَمِنْهُم مَّن يَمْشِى عَلَىٰ رِجْلَيْنِ وَمِنْهُم مَّن يَمْشِى عَلَىٰٓ أَرْبَعٍ ۚ يَخْلُقُ ٱللَّهُ مَا يَشَآءُ ۚ إِنَّ ٱللَّهَ عَلَىٰ كُلِّ شَىْءٍ قَدِيرٌ",
      "english": "Allah has created every [living] creature from water. And of them are those that move on their bellies, and of them are those that walk on two legs, and of them are those that walk on four. Allah creates what He wills. Indeed, Allah is over all things competent.",
      "hausa": "Kuma Allah ne Ya halitta kõwace dabba daga ruwa. To, daga cikinsu akwai waɗanda ke tafiya a kan cikinsu, kuma daga cikinsu akwai waɗanda ke tafiya a kan ƙafãfu biyu, kuma daga cikinsu akwai waɗanda ke tafiya akan huɗu. Allah Yãna halitta abin da Yake so, lalle Allah, a kan kõwane abu, Mai ĩkon yi ne."
    },
    {
      "ayah": 46,
      "arabic": "لَّقَدْ أَنزَلْنَآ ءَايَـٰتٍ مُّبَيِّنَـٰتٍ ۚ وَٱللَّهُ يَهْدِى مَن يَشَآءُ إِلَىٰ صِرَٰطٍ مُّسْتَقِيمٍ",
      "english": "We have certainly sent down distinct verses. And Allah guides whom He wills to a straight path.",
      "hausa": "Lalle ne haƙĩƙa Mun saukar da ãyõyi, mãsu bayyanãwa. Kuma Allah Yanã shiryar da wanda Yake so zuwa ga hanya madaidaiciya."
    },
    {
      "ayah": 47,
      "arabic": "وَيَقُولُونَ ءَامَنَّا بِٱللَّهِ وَبِٱلرَّسُولِ وَأَطَعْنَا ثُمَّ يَتَوَلَّىٰ فَرِيقٌ مِّنْهُم مِّنۢ بَعْدِ ذَٰلِكَ ۚ وَمَآ أُو۟لَـٰٓئِكَ بِٱلْمُؤْمِنِينَ",
      "english": "But the hypocrites say, \"We have believed in Allah and in the Messenger, and we obey\"; then a party of them turns away after that. And those are not believers.",
      "hausa": "Kuma sunã cẽwa, \"Mun yi ĩmãni da Allah da kuma Manzo, kuma mun yi ɗã'ã.\" Sa'an nan kuma wata ƙungiya daga gare su, su jũya daga bãyan wancan. Kuma waɗancan ba mũminai ba ne."
    },
    {
      "ayah": 48,
      "arabic": "وَإِذَا دُعُوٓا۟ إِلَى ٱللَّهِ وَرَسُولِهِۦ لِيَحْكُمَ بَيْنَهُمْ إِذَا فَرِيقٌ مِّنْهُم مُّعْرِضُونَ",
      "english": "And when they are called to [the words of] Allah and His Messenger to judge between them, at once a party of them turns aside [in refusal].",
      "hausa": "Kuma idan aka kirã su zuwa ga Allah da ManzonSa, dõmin Ya yi hukunci a tsakãninsu, sai gã wata ƙnngiya daga gare su sunã mãsu bijirewa."
    },
    {
      "ayah": 49,
      "arabic": "وَإِن يَكُن لَّهُمُ ٱلْحَقُّ يَأْتُوٓا۟ إِلَيْهِ مُذْعِنِينَ",
      "english": "But if the right is theirs, they come to him in prompt obedience.",
      "hausa": "Kuma idan hakki ya kasance a gare su, zã su jẽ zuwa gare shi, snnã mãsu mĩƙa wuya."
    },
    {
      "ayah": 50,
      "arabic": "أَفِى قُلُوبِهِم مَّرَضٌ أَمِ ٱرْتَابُوٓا۟ أَمْ يَخَافُونَ أَن يَحِيفَ ٱللَّهُ عَلَيْهِمْ وَرَسُولُهُۥ ۚ بَلْ أُو۟لَـٰٓئِكَ هُمُ ٱلظَّـٰلِمُونَ",
      "english": "Is there disease in their hearts? Or have they doubted? Or do they fear that Allah will be unjust to them, or His Messenger? Rather, it is they who are the wrongdoers.",
      "hausa": "Shin, a cikin zukãtansu akwai cũta ne, ko kuwa sunã tsõron Allah Ya yi zãlunci a kansu da ManzonSa? Ã'a, waɗancan sũ ne azzãlumai."
    },
    {
      "ayah": 51,
      "arabic": "إِنَّمَا كَانَ قَوْلَ ٱلْمُؤْمِنِينَ إِذَا دُعُوٓا۟ إِلَى ٱللَّهِ وَرَسُولِهِۦ لِيَحْكُمَ بَيْنَهُمْ أَن يَقُولُوا۟ سَمِعْنَا وَأَطَعْنَا ۚ وَأُو۟لَـٰٓئِكَ هُمُ ٱلْمُفْلِحُونَ",
      "english": "The only statement of the [true] believers when they are called to Allah and His Messenger to judge between them is that they say, \"We hear and we obey.\" And those are the successful.",
      "hausa": "Maganar mũminai, idan aka kira su zuwa ga Allah da ManzonSa dõmin Ya yi hukunci a tsakãninsu takan kasance kawai su ce \"Mun ji, kuma mun yi ɗã'ã, Kuma waɗannan sũ ne mãsu cin nasara.\""
    },
    {
      "ayah": 52,
      "arabic": "وَمَن يُطِعِ ٱللَّهَ وَرَسُولَهُۥ وَيَخْشَ ٱللَّهَ وَيَتَّقْهِ فَأُو۟لَـٰٓئِكَ هُمُ ٱلْفَآئِزُونَ",
      "english": "And whoever obeys Allah and His Messenger and fears Allah and is conscious of Him - it is those who are the attainers.",
      "hausa": "Kuma wanda ya yi ɗã'ã ga Allah da ManzonSa, kuma ya ji tsõron Allah, ya kuma bĩ Shi da taƙawa to waɗannan sũ ne mãsu babban rabo."
    },
    {
      "ayah": 53,
      "arabic": "وَأَقْسَمُوا۟ بِٱللَّهِ جَهْدَ أَيْمَـٰنِهِمْ لَئِنْ أَمَرْتَهُمْ لَيَخْرُجُنَّ ۖ قُل لَّا تُقْسِمُوا۟ ۖ طَاعَةٌ مَّعْرُوفَةٌ ۚ إِنَّ ٱللَّهَ خَبِيرٌۢ بِمَا تَعْمَلُونَ",
      "english": "And they swear by Allah their strongest oaths that if you ordered them, they would go forth [in Allah 's cause]. Say, \"Do not swear. [Such] obedience is known. Indeed, Allah is Acquainted with that which you do.\"",
      "hausa": "Kuma suka rantse da Allah iyãkar rantsuwarsu, 'Lalle ne idan ka umurce su haƙĩƙa sunã fita.' Ka ce, \"Kada ku rantse, ɗã'ã sananna ce! Lalle ne, Allah Mai ƙididdigewã ne ga abin da kuke aikatãwã.\""
    },
    {
      "ayah": 54,
      "arabic": "قُلْ أَطِيعُوا۟ ٱللَّهَ وَأَطِيعُوا۟ ٱلرَّسُولَ ۖ فَإِن تَوَلَّوْا۟ فَإِنَّمَا عَلَيْهِ مَا حُمِّلَ وَعَلَيْكُم مَّا حُمِّلْتُمْ ۖ وَإِن تُطِيعُوهُ تَهْتَدُوا۟ ۚ وَمَا عَلَى ٱلرَّسُولِ إِلَّا ٱلْبَلَـٰغُ ٱلْمُبِينُ",
      "english": "Say, \"Obey Allah and obey the Messenger; but if you turn away - then upon him is only that [duty] with which he has been charged, and upon you is that with which you have been charged. And if you obey him, you will be [rightly] guided. And there is not upon the Messenger except the [responsibility for] clear notification.\"",
      "hausa": "Ka ce: \"Ku yi ɗã'ã ga Allah kuma ku yi ɗã'ã ga Manzo. To, idan kun jũya, to, a kansa akwai abin da aka aza masa kawai, kuma a kanku akwai abin da aka aza muku kawai, Kuma idan kun yi masa ɗã'ã za ku shiryu. Kuma bãbu abin da yake a kan Manzo fãce iyarwa bayyananna.\""
    },
    {
      "ayah": 55,
      "arabic": "وَعَدَ ٱللَّهُ ٱلَّذِينَ ءَامَنُوا۟ مِنكُمْ وَعَمِلُوا۟ ٱلصَّـٰلِحَـٰتِ لَيَسْتَخْلِفَنَّهُمْ فِى ٱلْأَرْضِ كَمَا ٱسْتَخْلَفَ ٱلَّذِينَ مِن قَبْلِهِمْ وَلَيُمَكِّنَنَّ لَهُمْ دِينَهُمُ ٱلَّذِى ٱرْتَضَىٰ لَهُمْ وَلَيُبَدِّلَنَّهُم مِّنۢ بَعْدِ خَوْفِهِمْ أَمْنًا ۚ يَعْبُدُونَنِى لَا يُشْرِكُونَ بِى شَيْـًٔا ۚ وَمَن كَفَرَ بَعْدَ ذَٰلِكَ فَأُو۟لَـٰٓئِكَ هُمُ ٱلْفَـٰسِقُونَ",
      "english": "Allah has promised those who have believed among you and done righteous deeds that He will surely grant them succession [to authority] upon the earth just as He granted it to those before them and that He will surely establish for them [therein] their religion which He has preferred for them and that He will surely substitute for them, after their fear, security, [for] they worship Me, not associating anything with Me. But whoever disbelieves after that - then those are the defiantly disobedient.",
      "hausa": "Allah Ya yi wa'adi ga waɗanda suka yi ĩmãni daga gare. Ku, kuma suka aikata ayyukan ƙwarai, lalle zai shugabantar da su a cikin ƙasa kamar yadda Ya shugabantar da waɗanda suke daga gabãninsu, kuma lalle ne zai tabbatar musu da addininsu wanda Ya yardar musu, kuma lalle ne Yanã musanya musu daga bãyan tsõronsu da aminci, sunã bauta Mini bã su haɗa kõme da Nĩ. Kuma wanda ya kãfirta a bãyan wannan, to, waɗancan, su ne fãsiƙai."
    },
    {
      "ayah": 56,
      "arabic": "وَأَقِيمُوا۟ ٱلصَّلَوٰةَ وَءَاتُوا۟ ٱلزَّكَوٰةَ وَأَطِيعُوا۟ ٱلرَّسُولَ لَعَلَّكُمْ تُرْحَمُونَ",
      "english": "And establish prayer and give zakah and obey the Messenger - that you may receive mercy.",
      "hausa": "Kuma ku tsayar da salla, kuma ku bãyar da zakka, kuma ku yi ɗã'ã ga Manzo, tsammãninku a yi muku rahama."
    },
    {
      "ayah": 57,
      "arabic": "لَا تَحْسَبَنَّ ٱلَّذِينَ كَفَرُوا۟ مُعْجِزِينَ فِى ٱلْأَرْضِ ۚ وَمَأْوَىٰهُمُ ٱلنَّارُ ۖ وَلَبِئْسَ ٱلْمَصِيرُ",
      "english": "Never think that the disbelievers are causing failure [to Allah] upon the earth. Their refuge will be the Fire - and how wretched the destination.",
      "hausa": "Kada lalle ka yi zaton waɗanda suka kãfirta zã su buwãya a cikin ƙasa, kuma makõmarsu wuta ce, kuma lalle ne makomar tã mũnana."
    },
    {
      "ayah": 58,
      "arabic": "يَـٰٓأَيُّهَا ٱلَّذِينَ ءَامَنُوا۟ لِيَسْتَـْٔذِنكُمُ ٱلَّذِينَ مَلَكَتْ أَيْمَـٰنُكُمْ وَٱلَّذِينَ لَمْ يَبْلُغُوا۟ ٱلْحُلُمَ مِنكُمْ ثَلَـٰثَ مَرَّٰتٍ ۚ مِّن قَبْلِ صَلَوٰةِ ٱلْفَجْرِ وَحِينَ تَضَعُونَ ثِيَابَكُم مِّنَ ٱلظَّهِيرَةِ وَمِنۢ بَعْدِ صَلَوٰةِ ٱلْعِشَآءِ ۚ ثَلَـٰثُ عَوْرَٰتٍ لَّكُمْ ۚ لَيْسَ عَلَيْكُمْ وَلَا عَلَيْهِمْ جُنَاحٌۢ بَعْدَهُنَّ ۚ طَوَّٰفُونَ عَلَيْكُم بَعْضُكُمْ عَلَىٰ بَعْضٍ ۚ كَذَٰلِكَ يُبَيِّنُ ٱللَّهُ لَكُمُ ٱلْـَٔايَـٰتِ ۗ وَٱللَّهُ عَلِيمٌ حَكِيمٌ",
      "english": "O you who have believed, let those whom your right hands possess and those who have not [yet] reached puberty among you ask permission of you [before entering] at three times: before the dawn prayer and when you put aside your clothing [for rest] at noon and after the night prayer. [These are] three times of privacy for you. There is no blame upon you nor upon them beyond these [periods], for they continually circulate among you - some of you, among others. Thus does Allah make clear to you the verses; and Allah is Knowing and Wise.",
      "hausa": "Yã ku waɗanda suka yi ĩmãni! Waɗannan da hannuwanku na dãma suka mallaka da waɗanda ba su isa mafarki ba daga cikinku, su nẽmi izni sau uku; daga gabãnin sallar alfijir da lõkacin da kuke ajiye tufãfinku sabõda zãfin rãnã, kuma daga bãyan sallar ishã'i. Sũ ne al'aurõri uku a gare ku. Bãbu laifi a kanku kuma bãbu a kansu a bãyansu. Sũ mãsu kẽwaya ne a kanku sãshenku a kan sãshe. Kamar wannan ne Allah Yake bayyana ãyõyinSa a gare ku. Kuma Allah Masani ne, Mai hikima."
    },
    {
      "ayah": 59,
      "arabic": "وَإِذَا بَلَغَ ٱلْأَطْفَـٰلُ مِنكُمُ ٱلْحُلُمَ فَلْيَسْتَـْٔذِنُوا۟ كَمَا ٱسْتَـْٔذَنَ ٱلَّذِينَ مِن قَبْلِهِمْ ۚ كَذَٰلِكَ يُبَيِّنُ ٱللَّهُ لَكُمْ ءَايَـٰتِهِۦ ۗ وَٱللَّهُ عَلِيمٌ حَكِيمٌ",
      "english": "And when the children among you reach puberty, let them ask permission [at all times] as those before them have done. Thus does Allah make clear to you His verses; and Allah is Knowing and Wise.",
      "hausa": "Kuma idan yãra daga cikinku suka isa mafarki to su nẽmi izni, kamar yadda waɗanda suke a gabãninsu suka nẽmi iznin. Kamar wannan ne Allah Yake bayyana ãyõyinSa a gare ku, kuma Allah Masani ne, Mai hikima."
    },
    {
      "ayah": 60,
      "arabic": "وَٱلْقَوَٰعِدُ مِنَ ٱلنِّسَآءِ ٱلَّـٰتِى لَا يَرْجُونَ نِكَاحًا فَلَيْسَ عَلَيْهِنَّ جُنَاحٌ أَن يَضَعْنَ ثِيَابَهُنَّ غَيْرَ مُتَبَرِّجَـٰتٍۭ بِزِينَةٍ ۖ وَأَن يَسْتَعْفِفْنَ خَيْرٌ لَّهُنَّ ۗ وَٱللَّهُ سَمِيعٌ عَلِيمٌ",
      "english": "And women of post-menstrual age who have no desire for marriage - there is no blame upon them for putting aside their outer garments [but] not displaying adornment. But to modestly refrain [from that] is better for them. And Allah is Hearing and Knowing.",
      "hausa": "Kuma tsõfaffi daga mãtã, waɗanda bã su fatan wani aure to, bãbu laifi a kansu su ajiye tufãfinsu, bã sunã mãsu fitar da ƙawa ba, kuma su tsare mutuncinsu shĩ ne mafi alhẽri a gare su. Kuma Allah Mai jĩ ne, Masani."
    },
    {
      "ayah": 61,
      "arabic": "لَّيْسَ عَلَى ٱلْأَعْمَىٰ حَرَجٌ وَلَا عَلَى ٱلْأَعْرَجِ حَرَجٌ وَلَا عَلَى ٱلْمَرِيضِ حَرَجٌ وَلَا عَلَىٰٓ أَنفُسِكُمْ أَن تَأْكُلُوا۟ مِنۢ بُيُوتِكُمْ أَوْ بُيُوتِ ءَابَآئِكُمْ أَوْ بُيُوتِ أُمَّهَـٰتِكُمْ أَوْ بُيُوتِ إِخْوَٰنِكُمْ أَوْ بُيُوتِ أَخَوَٰتِكُمْ أَوْ بُيُوتِ أَعْمَـٰمِكُمْ أَوْ بُيُوتِ عَمَّـٰتِكُمْ أَوْ بُيُوتِ أَخْوَٰلِكُمْ أَوْ بُيُوتِ خَـٰلَـٰتِكُمْ أَوْ مَا مَلَكْتُم مَّفَاتِحَهُۥٓ أَوْ صَدِيقِكُمْ ۚ لَيْسَ عَلَيْكُمْ جُنَاحٌ أَن تَأْكُلُوا۟ جَمِيعًا أَوْ أَشْتَاتًا ۚ فَإِذَا دَخَلْتُم بُيُوتًا فَسَلِّمُوا۟ عَلَىٰٓ أَنفُسِكُمْ تَحِيَّةً مِّنْ عِندِ ٱللَّهِ مُبَـٰرَكَةً طَيِّبَةً ۚ كَذَٰلِكَ يُبَيِّنُ ٱللَّهُ لَكُمُ ٱلْـَٔايَـٰتِ لَعَلَّكُمْ تَعْقِلُونَ",
      "english": "There is not upon the blind [any] constraint nor upon the lame constraint nor upon the ill constraint nor upon yourselves when you eat from your [own] houses or the houses of your fathers or the houses of your mothers or the houses of your brothers or the houses of your sisters or the houses of your father's brothers or the houses of your father's sisters or the houses of your mother's brothers or the houses of your mother's sisters or [from houses] whose keys you possess or [from the house] of your friend. There is no blame upon you whether you eat together or separately. But when you enter houses, give greetings of peace upon each other - a greeting from Allah, blessed and good. Thus does Allah make clear to you the verses [of ordinance] that you may understand.",
      "hausa": "Bãbu laifi a kan makãho, kuma bãbu laifi a kan gurgu, kuma bãbu laifi a kan majiyyaci, kuma bãbu laifi a kan kõwanenku, ga ku ci (abinci) daga gidãjenku, kõ daga gidãjen ubanninku, kõ daga gidãjen uwãyenku, kõ daga gidãjen 'yan'uwanku mazã, kõ daga gidãjen 'yan'uwanku mãtã, kõ daga gidãjen baffanninku, kõ daga gidãjen gwaggwanninku, kõ daga gidãjen kãwunnanku, kõ daga gidãjen innõninku kõ abin da kuka mallaki mabũɗansa kõ abõkinku bãbu laifi a gare ku ku ci gabã ɗaya, kõ dabam- dabam. To, idan kun shiga wasu gidãje, ku yi sallama a kan kãwunanku, gaisuwã ta daga wurin Allah mai albarka, mai dãɗi. Kamar wancan ne Allah Yake bayyana muku ãyõyinSa, tsammãninku ku yi hankali."
    },
    {
      "ayah": 62,
      "arabic": "إِنَّمَا ٱلْمُؤْمِنُونَ ٱلَّذِينَ ءَامَنُوا۟ بِٱللَّهِ وَرَسُولِهِۦ وَإِذَا كَانُوا۟ مَعَهُۥ عَلَىٰٓ أَمْرٍ جَامِعٍ لَّمْ يَذْهَبُوا۟ حَتَّىٰ يَسْتَـْٔذِنُوهُ ۚ إِنَّ ٱلَّذِينَ يَسْتَـْٔذِنُونَكَ أُو۟لَـٰٓئِكَ ٱلَّذِينَ يُؤْمِنُونَ بِٱللَّهِ وَرَسُولِهِۦ ۚ فَإِذَا ٱسْتَـْٔذَنُوكَ لِبَعْضِ شَأْنِهِمْ فَأْذَن لِّمَن شِئْتَ مِنْهُمْ وَٱسْتَغْفِرْ لَهُمُ ٱللَّهَ ۚ إِنَّ ٱللَّهَ غَفُورٌ رَّحِيمٌ",
      "english": "The believers are only those who believe in Allah and His Messenger and, when they are [meeting] with him for a matter of common interest, do not depart until they have asked his permission. Indeed, those who ask your permission, [O Muhammad] - those are the ones who believe in Allah and His Messenger. So when they ask your permission for something of their affairs, then give permission to whom you will among them and ask forgiveness for them of Allah. Indeed, Allah is Forgiving and Merciful.",
      "hausa": "Waɗanda ke mũminai sõsai, su ne waɗanda suka yi ĩmãni da Allah da ManzonSa, kuma idan sun kasance tãre da shi, a kan wani al'amari na aikin gayya, bã su tafiya sai sun nẽme shi izni. Lalle ne, waɗanda suke biɗar ka izni waɗancan sũ ne suke yin ĩmãni da Allah da ManzonSa. To, idan sun nẽme ka izni sabõda wani sha'aninsu, to, ka yi izni ga wanda ka so daga gare su, kuma ka nẽmã musu gãfara daga Allah. Lalle Allah Mai gãfara ne, Mai jin ƙai."
    },
    {
      "ayah": 63,
      "arabic": "لَّا تَجْعَلُوا۟ دُعَآءَ ٱلرَّسُولِ بَيْنَكُمْ كَدُعَآءِ بَعْضِكُم بَعْضًا ۚ قَدْ يَعْلَمُ ٱللَّهُ ٱلَّذِينَ يَتَسَلَّلُونَ مِنكُمْ لِوَاذًا ۚ فَلْيَحْذَرِ ٱلَّذِينَ يُخَالِفُونَ عَنْ أَمْرِهِۦٓ أَن تُصِيبَهُمْ فِتْنَةٌ أَوْ يُصِيبَهُمْ عَذَابٌ أَلِيمٌ",
      "english": "Do not make [your] calling of the Messenger among yourselves as the call of one of you to another. Already Allah knows those of you who slip away, concealed by others. So let those beware who dissent from the Prophet's order, lest fitnah strike them or a painful punishment.",
      "hausa": "Kada ku sanya kiran Manzo a tsakãninku kamar kiran sãshenku ga sãshe. Lalle ne Allah Yanã sanin waɗanda ke sancẽwa daga cikinku da saɗãɗe. To, waɗanda suke sãɓãwa daga umurninSa, su yi saunar wata fitina ta sãme su, kõ kuwa wata azãba mai raɗãɗi ta sãme su."
    },
    {
      "ayah": 64,
      "arabic": "أَلَآ إِنَّ لِلَّهِ مَا فِى ٱلسَّمَـٰوَٰتِ وَٱلْأَرْضِ ۖ قَدْ يَعْلَمُ مَآ أَنتُمْ عَلَيْهِ وَيَوْمَ يُرْجَعُونَ إِلَيْهِ فَيُنَبِّئُهُم بِمَا عَمِلُوا۟ ۗ وَٱللَّهُ بِكُلِّ شَىْءٍ عَلِيمٌۢ",
      "english": "Unquestionably, to Allah belongs whatever is in the heavens and earth. Already He knows that upon which you [stand] and [knows] the Day when they will be returned to Him and He will inform them of what they have done. And Allah is Knowing of all things.",
      "hausa": "To! Lalle Allah ne Yake da mulkin abin da ke a cikin sammai da ƙasa, haƙĩƙa, Yanã sanin abin da kuke a kansa kuma a rãnar da ake mayar da su zuwa gare shi, sai Yanã bã su lãbãri game da abin da suka aikata. Kuma Allah, ga dukkan kõme, Masani ne."
    }
  ]
}