{
  "surah": 31,
  "hasBasmallah": false,
  "basmallah": "",
  "verses": [
    {
      "ayah": 1,
      "arabic": "الٓمٓ",
      "english": "Alif, Lam, Meem.",
      "hausa": "A. L̃. M̃."
    },
    {
      "ayah": 2,
      "arabic": "تِلْكَ ءَايَـٰتُ ٱلْكِتَـٰبِ ٱلْحَكِيمِ",
      "english": "These are verses of the wise Book,",
      "hausa": "Waɗancan ãyõyin Littãfin ne mai hikima."
    },
    {
      "ayah": 3,
      "arabic": "هُدًى وَرَحْمَةً لِّلْمُحْسِنِينَ",
      "english": "As guidance and mercy for the doers of good",
      "hausa": "Shiriya da rahama ne ga mãsu kyautatawa."
    },
    {
      "ayah": 4,
      "arabic": "ٱلَّذِينَ يُقِيمُونَ ٱلصَّلَوٰةَ وَيُؤْتُونَ ٱلزَّكَوٰةَ وَهُم بِٱلْـَٔاخِرَةِ هُمْ يُوقِنُونَ",
      "english": "Who establish prayer and give zakah, and they, of the Hereafter, are certain [in faith].",
      "hausa": "Waɗanda ke tsai da salla kuma sunã ɓãyar da zakka kuma sũ, sunã yin ĩmãnin yaƙĩni, ga lãhira."
    },
    {
      "ayah": 5,
      "arabic": "أُو۟لَـٰٓئِكَ عَلَىٰ هُدًى مِّن رَّبِّهِمْ ۖ وَأُو۟لَـٰٓئِكَ هُمُ ٱلْمُفْلِحُونَ",
      "english": "Those are on [right] guidance from their Lord, and it is those who are the successful.",
      "hausa": "Waɗannan sunã a kan shiriya ta daga Ubangijinsu kuma waɗannan sũ ne mãsu babban rabo."
    },
    {
      "ayah": 6,
      "arabic": "وَمِنَ ٱلنَّاسِ مَن يَشْتَرِى لَهْوَ ٱلْحَدِيثِ لِيُضِلَّ عَن سَبِيلِ ٱللَّهِ بِغَيْرِ عِلْمٍ وَيَتَّخِذَهَا هُزُوًا ۚ أُو۟لَـٰٓئِكَ لَهُمْ عَذَابٌ مُّهِينٌ",
      "english": "And of the people is he who buys the amusement of speech to mislead [others] from the way of Allah without knowledge and who takes it in ridicule. Those will have a humiliating punishment.",
      "hausa": "Kuma akwai daga cikin mutãne wanda ke sayen tãtsuniyõyi dõmin ya ɓatar da mutãne daga hanyar Allah, bã da wani ilmi ba, kuma ya riƙe ta abin izgili! Waɗancan sunã da wata azãba mai wulãkantãwa."
    },
    {
      "ayah": 7,
      "arabic": "وَإِذَا تُتْلَىٰ عَلَيْهِ ءَايَـٰتُنَا وَلَّىٰ مُسْتَكْبِرًا كَأَن لَّمْ يَسْمَعْهَا كَأَنَّ فِىٓ أُذُنَيْهِ وَقْرًا ۖ فَبَشِّرْهُ بِعَذَابٍ أَلِيمٍ",
      "english": "And when our verses are recited to him, he turns away arrogantly as if he had not heard them, as if there was in his ears deafness. So give him tidings of a painful punishment.",
      "hausa": "Kuma idan an karanta ãyõyinMu a gare shi, sai ya jũya bãya, yanã mai girman kai, kamar dai bai saurãre su ba kamar dai akwai wanĩ danni a kan kunnuwansa! To, ka yi masa bushãra da azãba mai raɗaɗi."
    },
    {
      "ayah": 8,
      "arabic": "إِنَّ ٱلَّذِينَ ءَامَنُوا۟ وَعَمِلُوا۟ ٱلصَّـٰلِحَـٰتِ لَهُمْ جَنَّـٰتُ ٱلنَّعِيمِ",
      "english": "Indeed, those who believe and do righteous deeds - for them are the Gardens of Pleasure.",
      "hausa": "Lalle, waɗanda suka yi ĩmãni, kuma suka aikata ayyukan ƙwarai, sunã da gidãjen Aljannar ni'ima."
    },
    {
      "ayah": 9,
      "arabic": "خَـٰلِدِينَ فِيهَا ۖ وَعْدَ ٱللَّهِ حَقًّا ۚ وَهُوَ ٱلْعَزِيزُ ٱلْحَكِيمُ",
      "english": "Wherein they abide eternally; [it is] the promise of Allah [which is] truth. And He is the Exalted in Might, the Wise.",
      "hausa": "Sunã dawwama a cikinsu Allah Yã yi alkawarin, Ya tabbatar da shi. Kuma shĩ ne Mabuwãyi, Mai hikima."
    },
    {
      "ayah": 10,
      "arabic": "خَلَقَ ٱلسَّمَـٰوَٰتِ بِغَيْرِ عَمَدٍ تَرَوْنَهَا ۖ وَأَلْقَىٰ فِى ٱلْأَرْضِ رَوَٰسِىَ أَن تَمِيدَ بِكُمْ وَبَثَّ فِيهَا مِن كُلِّ دَآبَّةٍ ۚ وَأَنزَلْنَا مِنَ ٱلسَّمَآءِ مَآءً فَأَنۢبَتْنَا فِيهَا مِن كُلِّ زَوْجٍ كَرِيمٍ",
      "english": "He created the heavens without pillars that you see and has cast into the earth firmly set mountains, lest it should shift with you, and dispersed therein from every creature. And We sent down rain from the sky and made grow therein [plants] of every noble kind.",
      "hausa": "(Allah) Ya halitta sammai, bã da ginshiƙi wanda kuke gani ba, kuma Yã jẽfa duwatsu mãsu kafuwa a cikin ƙasã, dõmin kada ta karkata da ku kuma Ya wãtsa daga kowanc irin dabba a cikinta, kuma Mun saukar da ruwa daga sama, sa'an nan Muka tsirar a cikinta, daga kõwane nau'i biyu (nami; i da mace) mai ban sha'awa."
    },
    {
      "ayah": 11,
      "arabic": "هَـٰذَا خَلْقُ ٱللَّهِ فَأَرُونِى مَاذَا خَلَقَ ٱلَّذِينَ مِن دُونِهِۦ ۚ بَلِ ٱلظَّـٰلِمُونَ فِى ضَلَـٰلٍ مُّبِينٍ",
      "english": "This is the creation of Allah. So show Me what those other than Him have created. Rather, the wrongdoers are in clear error.",
      "hausa": "Wannan shĩ ne halittar Allah. To ku nũna mini, \"Mẽne ne waɗanan da ba Shi ba suka halitta? Ã'a, azzalumai sunã a cikin ɓata bayyananna.\""
    },
    {
      "ayah": 12,
      "arabic": "وَلَقَدْ ءَاتَيْنَا لُقْمَـٰنَ ٱلْحِكْمَةَ أَنِ ٱشْكُرْ لِلَّهِ ۚ وَمَن يَشْكُرْ فَإِنَّمَا يَشْكُرُ لِنَفْسِهِۦ ۖ وَمَن كَفَرَ فَإِنَّ ٱللَّهَ غَنِىٌّ حَمِيدٌ",
      "english": "And We had certainly given Luqman wisdom [and said], \"Be grateful to Allah.\" And whoever is grateful is grateful for [the benefit of] himself. And whoever denies [His favor] - then indeed, Allah is Free of need and Praiseworthy.",
      "hausa": "Kuma lalle haƙĩƙa Mun bai wa Luƙmãn hikima. (Muka ce masa) Ka gõde wa Allah, kuma wanda ya gõde, to yanã gõdẽwa ne dõmin kansa kawai kuma wanda ya kãfirta, to, lalle, Allah Mawadãci ne, Gõdadde."
    },
    {
      "ayah": 13,
      "arabic": "وَإِذْ قَالَ لُقْمَـٰنُ لِٱبْنِهِۦ وَهُوَ يَعِظُهُۥ يَـٰبُنَىَّ لَا تُشْرِكْ بِٱللَّهِ ۖ إِنَّ ٱلشِّرْكَ لَظُلْمٌ عَظِيمٌ",
      "english": "And [mention, O Muhammad], when Luqman said to his son while he was instructing him, \"O my son, do not associate [anything] with Allah. Indeed, association [with him] is great injustice.\"",
      "hausa": "Kuma a lõkacin da Luƙmãn ya ce wa ɗansa, alhãli kuwa yanã yi masa wa'azi, \"Yã ƙaramin ɗãna! Kada ka yi shirki game da Allah. Lalle shirki wani zãlunci ne mai girma.\""
    },
    {
      "ayah": 14,
      "arabic": "وَوَصَّيْنَا ٱلْإِنسَـٰنَ بِوَٰلِدَيْهِ حَمَلَتْهُ أُمُّهُۥ وَهْنًا عَلَىٰ وَهْنٍ وَفِصَـٰلُهُۥ فِى عَامَيْنِ أَنِ ٱشْكُرْ لِى وَلِوَٰلِدَيْكَ إِلَىَّ ٱلْمَصِيرُ",
      "english": "And We have enjoined upon man [care] for his parents. His mother carried him, [increasing her] in weakness upon weakness, and his weaning is in two years. Be grateful to Me and to your parents; to Me is the [final] destination.",
      "hausa": "Kuma Mun yi wasiyya ga mutum game da mahaifansa biyu; uwarsa tã ɗauke shi a cikin rauni a kan wani rauni, kuma yãyensa a cikin shekaru biyu (Muka ce masa) \"Ka gõde Mini da kuma mahaifanka biyu. Makõma zuwa gare Ni kawai take.\""
    },
    {
      "ayah": 15,
      "arabic": "وَإِن جَـٰهَدَاكَ عَلَىٰٓ أَن تُشْرِكَ بِى مَا لَيْسَ لَكَ بِهِۦ عِلْمٌ فَلَا تُطِعْهُمَا ۖ وَصَاحِبْهُمَا فِى ٱلدُّنْيَا مَعْرُوفًا ۖ وَٱتَّبِعْ سَبِيلَ مَنْ أَنَابَ إِلَىَّ ۚ ثُمَّ إِلَىَّ مَرْجِعُكُمْ فَأُنَبِّئُكُم بِمَا كُنتُمْ تَعْمَلُونَ",
      "english": "But if they endeavor to make you associate with Me that of which you have no knowledge, do not obey them but accompany them in [this] world with appropriate kindness and follow the way of those who turn back to Me [in repentance]. Then to Me will be your return, and I will inform you about what you used to do.",
      "hausa": "\"Kuma idan mahaifanka suka tsananta maka ga ka yi shirki game da Ni, ga abin da bã ka da ilmi gare shi, to, kada ka yi musu ɗã'a. Kuma ka abũce su a cikin dũniya gwargwadon sharĩ'a, kuma ka bi hanyar wanda ya mayar da al'amari zuwa gare Ni, sa'an nan zuwa gare Ni makõmarku take sa'an nan In bã ku lãbãri game da abin da kuka kasance kunã aikatãwa.\""
    },
    {
      "ayah": 16,
      "arabic": "يَـٰبُنَىَّ إِنَّهَآ إِن تَكُ مِثْقَالَ حَبَّةٍ مِّنْ خَرْدَلٍ فَتَكُن فِى صَخْرَةٍ أَوْ فِى ٱلسَّمَـٰوَٰتِ أَوْ فِى ٱلْأَرْضِ يَأْتِ بِهَا ٱللَّهُ ۚ إِنَّ ٱللَّهَ لَطِيفٌ خَبِيرٌ",
      "english": "[And Luqman said], \"O my son, indeed if wrong should be the weight of a mustard seed and should be within a rock or [anywhere] in the heavens or in the earth, Allah will bring it forth. Indeed, Allah is Subtle and Acquainted.",
      "hausa": "\"Yã ƙaramin ɗãna! Lalle ita idan gwargwadon ƙwãyar kõmayya ce ta kasance, to, ta kasance a cikin wani falalen dũtse, kõ a cikin sammai, kõ a cikin ƙasã, Allah zai kãwo ta Lalle Allah Mai tausasãwa ne, Masani.\""
    },
    {
      "ayah": 17,
      "arabic": "يَـٰبُنَىَّ أَقِمِ ٱلصَّلَوٰةَ وَأْمُرْ بِٱلْمَعْرُوفِ وَٱنْهَ عَنِ ٱلْمُنكَرِ وَٱصْبِرْ عَلَىٰ مَآ أَصَابَكَ ۖ إِنَّ ذَٰلِكَ مِنْ عَزْمِ ٱلْأُمُورِ",
      "english": "O my son, establish prayer, enjoin what is right, forbid what is wrong, and be patient over what befalls you. Indeed, [all] that is of the matters [requiring] determination.",
      "hausa": "\"Yã ƙaramin ɗãna! Ka tsai da salla, kuma ka yi umurni da abin da aka sani, kuma ka yi hani daga abin da ba a sani ba, kuma ka yi haƙuri a kan abin da ya sãme ka. Lalle, wancan yanã daga muhimman al'amura.\""
    },
    {
      "ayah": 18,
      "arabic": "وَلَا تُصَعِّرْ خَدَّكَ لِلنَّاسِ وَلَا تَمْشِ فِى ٱلْأَرْضِ مَرَحًا ۖ إِنَّ ٱللَّهَ لَا يُحِبُّ كُلَّ مُخْتَالٍ فَخُورٍ",
      "english": "And do not turn your cheek [in contempt] toward people and do not walk through the earth exultantly. Indeed, Allah does not like everyone self-deluded and boastful.",
      "hausa": "\"Kada ka karkatar da kundukukinka ga mutãne, kada ka yi tafiya a cikin ƙasã kanã mai nũna fãɗin rai. Lalle, Allah bã Ya son dukan mai tãƙama, mai alfahari.\""
    },
    {
      "ayah": 19,
      "arabic": "وَٱقْصِدْ فِى مَشْيِكَ وَٱغْضُضْ مِن صَوْتِكَ ۚ إِنَّ أَنكَرَ ٱلْأَصْوَٰتِ لَصَوْتُ ٱلْحَمِيرِ",
      "english": "And be moderate in your pace and lower your voice; indeed, the most disagreeable of sounds is the voice of donkeys.\"",
      "hausa": "\"Kuma ka tsakaita a tafiyarka, kuma ka runtse ga sautinka. Lalle mafi mũnin sautuka haƙĩƙa shĩ ne sautin jãkuna. \""
    },
    {
      "ayah": 20,
      "arabic": "أَلَمْ تَرَوْا۟ أَنَّ ٱللَّهَ سَخَّرَ لَكُم مَّا فِى ٱلسَّمَـٰوَٰتِ وَمَا فِى ٱلْأَرْضِ وَأَسْبَغَ عَلَيْكُمْ نِعَمَهُۥ ظَـٰهِرَةً وَبَاطِنَةً ۗ وَمِنَ ٱلنَّاسِ مَن يُجَـٰدِلُ فِى ٱللَّهِ بِغَيْرِ عِلْمٍ وَلَا هُدًى وَلَا كِتَـٰبٍ مُّنِيرٍ",
      "english": "Do you not see that Allah has made subject to you whatever is in the heavens and whatever is in the earth and amply bestowed upon you His favors, [both] apparent and unapparent? But of the people is he who disputes about Allah without knowledge or guidance or an enlightening Book [from Him].",
      "hausa": "Ashe, ba ku gani ba, cẽwa Allah Yã hõre muku abin da ke a cikin sammai da abin da ke a cikin ƙasã, kuma Ya zuba ni'imõminsa a kanku, bayyanannu da ɓõyayyu? Kuma akwai daga mutãne wanda ke yin jidãli ga al'amarin Allah, bã da wani ilmi ba, kuma bã da wata shiriya ba, kumã ba da wani littãfi mai haskakãwa ba."
    },
    {
      "ayah": 21,
      "arabic": "وَإِذَا قِيلَ لَهُمُ ٱتَّبِعُوا۟ مَآ أَنزَلَ ٱللَّهُ قَالُوا۟ بَلْ نَتَّبِعُ مَا وَجَدْنَا عَلَيْهِ ءَابَآءَنَآ ۚ أَوَلَوْ كَانَ ٱلشَّيْطَـٰنُ يَدْعُوهُمْ إِلَىٰ عَذَابِ ٱلسَّعِيرِ",
      "english": "And when it is said to them, \"Follow what Allah has revealed,\" they say, \"Rather, we will follow that upon which we found our fathers.\" Even if Satan was inviting them to the punishment of the Blaze?",
      "hausa": "Kuma idan aka ce musu, \"Ku bi abin da Allah ya saukar,\" sai su ce: \"Ã'a, munã bin abin da muka sãmi ubanninmu a kansa.\" shin kõ dã Shaiɗan nã kiran su ne zuwa ga azãbar sa'ir,"
    },
    {
      "ayah": 22,
      "arabic": "وَمَن يُسْلِمْ وَجْهَهُۥٓ إِلَى ٱللَّهِ وَهُوَ مُحْسِنٌ فَقَدِ ٱسْتَمْسَكَ بِٱلْعُرْوَةِ ٱلْوُثْقَىٰ ۗ وَإِلَى ٱللَّهِ عَـٰقِبَةُ ٱلْأُمُورِ",
      "english": "And whoever submits his face to Allah while he is a doer of good - then he has grasped the most trustworthy handhold. And to Allah will be the outcome of [all] matters.",
      "hausa": "kuma wanda ya mĩka fuskarsa zuwa ga Allah, alhãli kuma yanã mai kyautatãwa, to, lalle ya yi riƙo ga igiya amintacciya. Kuma zuwa ga Allah ãƙibar al'amura take."
    },
    {
      "ayah": 23,
      "arabic": "وَمَن كَفَرَ فَلَا يَحْزُنكَ كُفْرُهُۥٓ ۚ إِلَيْنَا مَرْجِعُهُمْ فَنُنَبِّئُهُم بِمَا عَمِلُوٓا۟ ۚ إِنَّ ٱللَّهَ عَلِيمٌۢ بِذَاتِ ٱلصُّدُورِ",
      "english": "And whoever has disbelieved - let not his disbelief grieve you. To Us is their return, and We will inform them of what they did. Indeed, Allah is Knowing of that within the breasts.",
      "hausa": "Kuma wanda ya kãfirta, to, kada kãfircinsa ya baƙanta maka rai, zuwa gare Mu makõmarsu take, sa'an nan Mu bã su lãbari game da abin da suka aikata. Lalle Allah, Masani ne ga abin da ke a cikin ƙirãza."
    },
    {
      "ayah": 24,
      "arabic": "نُمَتِّعُهُمْ قَلِيلًا ثُمَّ نَضْطَرُّهُمْ إِلَىٰ عَذَابٍ غَلِيظٍ",
      "english": "We grant them enjoyment for a little; then We will force them to a massive punishment.",
      "hausa": "Munã jĩshe su dãdi kaɗan sa'an nan Mu tĩlasta su ga shiga zuwa azãba kakkaura."
    },
    {
      "ayah": 25,
      "arabic": "وَلَئِن سَأَلْتَهُم مَّنْ خَلَقَ ٱلسَّمَـٰوَٰتِ وَٱلْأَرْضَ لَيَقُولُنَّ ٱللَّهُ ۚ قُلِ ٱلْحَمْدُ لِلَّهِ ۚ بَلْ أَكْثَرُهُمْ لَا يَعْلَمُونَ",
      "english": "And if you asked them, \"Who created the heavens and earth?\" they would surely say, \"Allah.\" Say, \"[All] praise is [due] to Allah \"; but most of them do not know.",
      "hausa": "Kuma lalle, idan ka tambaye su, \"Wãne ne ya halĩtta sammai da kasa?\" Lalle zã su ce: \"Allah ne.\" Ka ce: \"Gõdiya ta tabbata ga Allah\" Ã'a, mafi yawansu ba su sani ba."
    },
    {
      "ayah": 26,
      "arabic": "لِلَّهِ مَا فِى ٱلسَّمَـٰوَٰتِ وَٱلْأَرْضِ ۚ إِنَّ ٱللَّهَ هُوَ ٱلْغَنِىُّ ٱلْحَمِيدُ",
      "english": "To Allah belongs whatever is in the heavens and earth. Indeed, Allah is the Free of need, the Praiseworthy.",
      "hausa": "Abin da yake a cikin sammai da ƙasa duka na Allah kawai ne. Lalle, Allah Shĩ ne Mawadãci, Gõdadde."
    },
    {
      "ayah": 27,
      "arabic": "وَلَوْ أَنَّمَا فِى ٱلْأَرْضِ مِن شَجَرَةٍ أَقْلَـٰمٌ وَٱلْبَحْرُ يَمُدُّهُۥ مِنۢ بَعْدِهِۦ سَبْعَةُ أَبْحُرٍ مَّا نَفِدَتْ كَلِمَـٰتُ ٱللَّهِ ۗ إِنَّ ٱللَّهَ عَزِيزٌ حَكِيمٌ",
      "english": "And if whatever trees upon the earth were pens and the sea [was ink], replenished thereafter by seven [more] seas, the words of Allah would not be exhausted. Indeed, Allah is Exalted in Might and Wise.",
      "hausa": "Kuma dã dai abin da ke a cikin ƙasa duka, na itãce, ya zama alƙalumma, kuma tẽku tanã yi masa tawada, a bayansa da waɗansu tẽkuna bakwai kalmõmin Allah ba zã su ƙãre ba. Lalle, Allah Mabuwãyi ne, Mai hikima."
    },
    {
      "ayah": 28,
      "arabic": "مَّا خَلْقُكُمْ وَلَا بَعْثُكُمْ إِلَّا كَنَفْسٍ وَٰحِدَةٍ ۗ إِنَّ ٱللَّهَ سَمِيعٌۢ بَصِيرٌ",
      "english": "Your creation and your resurrection will not be but as that of a single soul. Indeed, Allah is Hearing and Seeing.",
      "hausa": "Halittarku bã ta zama ba, kuma tãyar da ku bai zama ba, fãce kamar rai guda. Lalle, Allah Mai jĩ ne, Mai gani."
    },
    {
      "ayah": 29,
      "arabic": "أَلَمْ تَرَ أَنَّ ٱللَّهَ يُولِجُ ٱلَّيْلَ فِى ٱلنَّهَارِ وَيُولِجُ ٱلنَّهَارَ فِى ٱلَّيْلِ وَسَخَّرَ ٱلشَّمْسَ وَٱلْقَمَرَ كُلٌّ يَجْرِىٓ إِلَىٰٓ أَجَلٍ مُّسَمًّى وَأَنَّ ٱللَّهَ بِمَا تَعْمَلُونَ خَبِيرٌ",
      "english": "Do you not see that Allah causes the night to enter the day and causes the day to enter the night and has subjected the sun and the moon, each running [its course] for a specified term, and that Allah, with whatever you do, is Acquainted?",
      "hausa": "Ashe, ba ku ga, lalle, Allah Yanã shigar da dare a cikin rãna ba, kuma Yanã shigar da rãna a cikin dare kuma Yã hõre rãnã da watã kõwane yanã gudãna zuwa a ajali ambatacce kuma lalle Allah Masani ne ga abin da kuke aikatãwa?"
    },
    {
      "ayah": 30,
      "arabic": "ذَٰلِكَ بِأَنَّ ٱللَّهَ هُوَ ٱلْحَقُّ وَأَنَّ مَا يَدْعُونَ مِن دُونِهِ ٱلْبَـٰطِلُ وَأَنَّ ٱللَّهَ هُوَ ٱلْعَلِىُّ ٱلْكَبِيرُ",
      "english": "That is because Allah is the Truth, and that what they call upon other than Him is falsehood, and because Allah is the Most High, the Grand.",
      "hausa": "Wannan fa dõmin Allah Shĩ ne Gaskiya, kuma abin da suke kira wanda bã Shi ba, shi ne ƙaryã, kuma lalle, A1lah shĩ ne Maɗaukaki, Mai girma."
    },
    {
      "ayah": 31,
      "arabic": "أَلَمْ تَرَ أَنَّ ٱلْفُلْكَ تَجْرِى فِى ٱلْبَحْرِ بِنِعْمَتِ ٱللَّهِ لِيُرِيَكُم مِّنْ ءَايَـٰتِهِۦٓ ۚ إِنَّ فِى ذَٰلِكَ لَـَٔايَـٰتٍ لِّكُلِّ صَبَّارٍ شَكُورٍ",
      "english": "Do you not see that ships sail through the sea by the favor of Allah that He may show you of His signs? Indeed in that are signs for everyone patient and grateful.",
      "hausa": "Ashe, ba ka ga lalle jirgin ruwa nã gudãna ba a cikin tẽku da ni'imar Allah dõmin Ya nũna muku daga ãyõyinSa? Lalle a cikin wancan akwai ãyõyi ga dukan mai haƙuri, mai gõdiya."
    },
    {
      "ayah": 32,
      "arabic": "وَإِذَا غَشِيَهُم مَّوْجٌ كَٱلظُّلَلِ دَعَوُا۟ ٱللَّهَ مُخْلِصِينَ لَهُ ٱلدِّينَ فَلَمَّا نَجَّىٰهُمْ إِلَى ٱلْبَرِّ فَمِنْهُم مُّقْتَصِدٌ ۚ وَمَا يَجْحَدُ بِـَٔايَـٰتِنَآ إِلَّا كُلُّ خَتَّارٍ كَفُورٍ",
      "english": "And when waves come over them like canopies, they supplicate Allah, sincere to Him in religion. But when He delivers them to the land, there are [some] of them who are moderate [in faith]. And none rejects Our signs except everyone treacherous and ungrateful.",
      "hausa": "Kuma idan tãguwar ruwa, kamar duwatsu, ta rufe su, sai su kira Allah sunã tsarkakẽwar addini a gare shi. To, a lõkacin da Ya tsĩrar da su zuwa ga tudu, sai daga cikinsu akwai mai taƙaitãwa kuma bãbu mai musun ãyõyinMu fãce dukkan mayaudari mai yawan kãfirci."
    },
    {
      "ayah": 33,
      "arabic": "يَـٰٓأَيُّهَا ٱلنَّاسُ ٱتَّقُوا۟ رَبَّكُمْ وَٱخْشَوْا۟ يَوْمًا لَّا يَجْزِى وَالِدٌ عَن وَلَدِهِۦ وَلَا مَوْلُودٌ هُوَ جَازٍ عَن وَالِدِهِۦ شَيْـًٔا ۚ إِنَّ وَعْدَ ٱللَّهِ حَقٌّ ۖ فَلَا تَغُرَّنَّكُمُ ٱلْحَيَوٰةُ ٱلدُّنْيَا وَلَا يَغُرَّنَّكُم بِٱللَّهِ ٱلْغَرُورُ",
      "english": "O mankind, fear your Lord and fear a Day when no father will avail his son, nor will a son avail his father at all. Indeed, the promise of Allah is truth, so let not the worldly life delude you and be not deceived about Allah by the Deceiver.",
      "hausa": "Ya ku mutãne! Ku bauta wa Ubangijinku da taƙawa, kuma ku ji tsõron wani yini, rãnar da wani mahaifi bã ya sãka wa abin haifuwarsa da kõme kuma wani abin haifuwa bã ya sãka wa mahaifinsa da kõme. Lalle wa'adin Allah gaskiya ne. Sabõda haka, kada wata rãyuwa ta kusa ta rũde ku, kuma kada marũɗin nan ya rũɗẽ ku game da Allah."
    },
    {
      "ayah": 34,
      "arabic": "إِنَّ ٱللَّهَ عِندَهُۥ عِلْمُ ٱلسَّاعَةِ وَيُنَزِّلُ ٱلْغَيْثَ وَيَعْلَمُ مَا فِى ٱلْأَرْحَامِ ۖ وَمَا تَدْرِى نَفْسٌ مَّاذَا تَكْسِبُ غَدًا ۖ وَمَا تَدْرِى نَفْسٌۢ بِأَىِّ أَرْضٍ تَمُوتُ ۚ إِنَّ ٱللَّهَ عَلِيمٌ خَبِيرٌۢ",
      "english": "Indeed, Allah [alone] has knowledge of the Hour and sends down the rain and knows what is in the wombs. And no soul perceives what it will earn tomorrow, and no soul perceives in what land it will die. Indeed, Allah is Knowing and Acquainted.",
      "hausa": "Lalle, Allah a wurinsa kawai sanin sa'a yake, kuma Yanã saukar da girgije, kuma Yanã sanin abin da yake a cikin mahaiffannai kuma wani rai bai san abin da yake aikatãwa a gõbe ba, kuma wani rai bai san a wace ƙasã yake mutuwa ba. Lalle Allah Masani ne Mai ƙididdidigẽwa."
    }
  ]
}