{
  "surah": 80,
  "hasBasmallah": false,
  "basmallah": "",
  "verses": [
    {
      "ayah": 1,
      "arabic": "عَبَسَ وَتَوَلَّىٰٓ",
      "english": "The Prophet frowned and turned away",
      "hausa": "Yã game huska kuma ya jũya bãya."
    },
    {
      "ayah": 2,
      "arabic": "أَن جَآءَهُ ٱلْأَعْمَىٰ",
      "english": "Because there came to him the blind man, [interrupting].",
      "hausa": "Sabõda makãho yã je masa."
    },
    {
      "ayah": 3,
      "arabic": "وَمَا يُدْرِيكَ لَعَلَّهُۥ يَزَّكَّىٰٓ",
      "english": "But what would make you perceive, [O Muhammad], that perhaps he might be purified",
      "hausa": "To, me ya sanar da kai cẽwa watakila shi ne zai tsarkaka."
    },
    {
      "ayah": 4,
      "arabic": "أَوْ يَذَّكَّرُ فَتَنفَعَهُ ٱلذِّكْرَىٰٓ",
      "english": "Or be reminded and the remembrance would benefit him?",
      "hausa": "Ko ya tuna, dõmin tunãwar ta amfane shi?"
    },
    {
      "ayah": 5,
      "arabic": "أَمَّا مَنِ ٱسْتَغْنَىٰ",
      "english": "As for he who thinks himself without need,",
      "hausa": "Amma wanda ya wadãtu da dũkiya."
    },
    {
      "ayah": 6,
      "arabic": "فَأَنتَ لَهُۥ تَصَدَّىٰ",
      "english": "To him you give attention.",
      "hausa": "Sa'an nan kai kuma ka ɗora bijira zuwa gare shi!"
    },
    {
      "ayah": 7,
      "arabic": "وَمَا عَلَيْكَ أَلَّا يَزَّكَّىٰ",
      "english": "And not upon you [is any blame] if he will not be purified.",
      "hausa": "To, me zai cũce ka idan bai tsarkaka ba?"
    },
    {
      "ayah": 8,
      "arabic": "وَأَمَّا مَن جَآءَكَ يَسْعَىٰ",
      "english": "But as for he who came to you striving [for knowledge]",
      "hausa": "Kuma, amma wanda ya zomaka yana gaugãwa."
    },
    {
      "ayah": 9,
      "arabic": "وَهُوَ يَخْشَىٰ",
      "english": "While he fears [Allah],",
      "hausa": "Alhãli shĩ yanã jin tsõrõn Allah."
    },
    {
      "ayah": 10,
      "arabic": "فَأَنتَ عَنْهُ تَلَهَّىٰ",
      "english": "From him you are distracted.",
      "hausa": "Kai kuma kã shagala ga barinsa!"
    },
    {
      "ayah": 11,
      "arabic": "كَلَّآ إِنَّهَا تَذْكِرَةٌ",
      "english": "No! Indeed, these verses are a reminder;",
      "hausa": "A'aha! Lalle ne, wannan tunãtarwa ce."
    },
    {
      "ayah": 12,
      "arabic": "فَمَن شَآءَ ذَكَرَهُۥ",
      "english": "So whoever wills may remember it.",
      "hausa": "Sabõda wanda ya so ya tunaShi (Allah)."
    },
    {
      "ayah": 13,
      "arabic": "فِى صُحُفٍ مُّكَرَّمَةٍ",
      "english": "[It is recorded] in honored sheets,",
      "hausa": "(Tunãtarwa ce) ta cikin littafai abãban girmamãwa,"
    },
    {
      "ayah": 14,
      "arabic": "مَّرْفُوعَةٍ مُّطَهَّرَةٍۭ",
      "english": "Exalted and purified,",
      "hausa": "Abãban ɗaukakãwa, abãban tsarkakẽwa."
    },
    {
      "ayah": 15,
      "arabic": "بِأَيْدِى سَفَرَةٍ",
      "english": "[Carried] by the hands of messenger-angels,",
      "hausa": "A cikin hannãyen mala'iku marubũta."
    },
    {
      "ayah": 16,
      "arabic": "كِرَامٍۭ بَرَرَةٍ",
      "english": "Noble and dutiful.",
      "hausa": "Mãsu daraja, mãsu ɗã'a ga Allah."
    },
    {
      "ayah": 17,
      "arabic": "قُتِلَ ٱلْإِنسَـٰنُ مَآ أَكْفَرَهُۥ",
      "english": "Cursed is man; how disbelieving is he.",
      "hausa": "An la'ani mutum (kafiri). Mẽ yã yi kãfircinsa!"
    },
    {
      "ayah": 18,
      "arabic": "مِنْ أَىِّ شَىْءٍ خَلَقَهُۥ",
      "english": "From what substance did He create him?",
      "hausa": "Daga wane abu, (Allah) Ya halitta shi?"
    },
    {
      "ayah": 19,
      "arabic": "مِن نُّطْفَةٍ خَلَقَهُۥ فَقَدَّرَهُۥ",
      "english": "From a sperm-drop He created him and destined for him;",
      "hausa": "Daga ɗigon maniyyi, Ya halitta shi sa'an nan Ya ƙaddarã shi (ga halaye)."
    },
    {
      "ayah": 20,
      "arabic": "ثُمَّ ٱلسَّبِيلَ يَسَّرَهُۥ",
      "english": "Then He eased the way for him;",
      "hausa": "Sa'an nan, hanyarsa ta fita Ya sauƙaƙe masa."
    },
    {
      "ayah": 21,
      "arabic": "ثُمَّ أَمَاتَهُۥ فَأَقْبَرَهُۥ",
      "english": "Then He causes his death and provides a grave for him.",
      "hausa": "Sa'an nan, Ya matar da shi sai Ya sanya shi a cikin kabari."
    },
    {
      "ayah": 22,
      "arabic": "ثُمَّ إِذَا شَآءَ أَنشَرَهُۥ",
      "english": "Then when He wills, He will resurrect him.",
      "hausa": "Sa'an nan, idan Ya so lalle ne zai tãyar da shi."
    },
    {
      "ayah": 23,
      "arabic": "كَلَّا لَمَّا يَقْضِ مَآ أَمَرَهُۥ",
      "english": "No! Man has not yet accomplished what He commanded him.",
      "hausa": "Haƙĩƙa bai i da aikata abin da Allah Ya umurce shi ba (lõkacin sanya shi a cikin kabari)."
    },
    {
      "ayah": 24,
      "arabic": "فَلْيَنظُرِ ٱلْإِنسَـٰنُ إِلَىٰ طَعَامِهِۦٓ",
      "english": "Then let mankind look at his food -",
      "hausa": "To, mutum ya dũba zuwa ga abincinsa."
    },
    {
      "ayah": 25,
      "arabic": "أَنَّا صَبَبْنَا ٱلْمَآءَ صَبًّا",
      "english": "How We poured down water in torrents,",
      "hausa": "Lalle ne Mũ, Mun zuo ruwa, zubõwa."
    },
    {
      "ayah": 26,
      "arabic": "ثُمَّ شَقَقْنَا ٱلْأَرْضَ شَقًّا",
      "english": "Then We broke open the earth, splitting [it with sprouts],",
      "hausa": "Sa'an nan, Muka tsattsãge ƙasa tsattsagewa."
    },
    {
      "ayah": 27,
      "arabic": "فَأَنۢبَتْنَا فِيهَا حَبًّا",
      "english": "And caused to grow within it grain",
      "hausa": "Sa'an nan, Muka tsirar da ƙwaya, a cikinta."
    },
    {
      "ayah": 28,
      "arabic": "وَعِنَبًا وَقَضْبًا",
      "english": "And grapes and herbage",
      "hausa": "Da inabi da ciyãwa."
    },
    {
      "ayah": 29,
      "arabic": "وَزَيْتُونًا وَنَخْلًا",
      "english": "And olive and palm trees",
      "hausa": "Da zaitũni da itãcen dabĩno."
    },
    {
      "ayah": 30,
      "arabic": "وَحَدَآئِقَ غُلْبًا",
      "english": "And gardens of dense shrubbery",
      "hausa": "Da lambuna, mãsu yawan itãce."
    },
    {
      "ayah": 31,
      "arabic": "وَفَـٰكِهَةً وَأَبًّا",
      "english": "And fruit and grass -",
      "hausa": "Da 'yã'yan itãcen marmari, da makiyãyã ta dabbõbi."
    },
    {
      "ayah": 32,
      "arabic": "مَّتَـٰعًا لَّكُمْ وَلِأَنْعَـٰمِكُمْ",
      "english": "[As] enjoyment for you and your grazing livestock.",
      "hausa": "Domin jin dãɗi a gare ku, ku da dabbobinku."
    },
    {
      "ayah": 33,
      "arabic": "فَإِذَا جَآءَتِ ٱلصَّآخَّةُ",
      "english": "But when there comes the Deafening Blast",
      "hausa": "To, idan mai tsãwa (busa ta biyu) ta zo."
    },
    {
      "ayah": 34,
      "arabic": "يَوْمَ يَفِرُّ ٱلْمَرْءُ مِنْ أَخِيهِ",
      "english": "On the Day a man will flee from his brother",
      "hausa": "Rãnar da mutum yake gudu daga ɗan'uwansa."
    },
    {
      "ayah": 35,
      "arabic": "وَأُمِّهِۦ وَأَبِيهِ",
      "english": "And his mother and his father",
      "hausa": "Da uwarsa da ubansa."
    },
    {
      "ayah": 36,
      "arabic": "وَصَـٰحِبَتِهِۦ وَبَنِيهِ",
      "english": "And his wife and his children,",
      "hausa": "Da mãtarsa da ɗiyansa."
    },
    {
      "ayah": 37,
      "arabic": "لِكُلِّ ٱمْرِئٍ مِّنْهُمْ يَوْمَئِذٍ شَأْنٌ يُغْنِيهِ",
      "english": "For every man, that Day, will be a matter adequate for him.",
      "hausa": "Ga kõwane mutum daga cikinsu, a rãnar nan akwai wani sha'ani da ya ishe shi."
    },
    {
      "ayah": 38,
      "arabic": "وُجُوهٌ يَوْمَئِذٍ مُّسْفِرَةٌ",
      "english": "[Some] faces, that Day, will be bright -",
      "hausa": "Wasu huskõki, a rãnar nan, mãsu haske ne."
    },
    {
      "ayah": 39,
      "arabic": "ضَاحِكَةٌ مُّسْتَبْشِرَةٌ",
      "english": "Laughing, rejoicing at good news.",
      "hausa": "Mãsu dãriya ne, mãsu bushãra."
    },
    {
      "ayah": 40,
      "arabic": "وَوُجُوهٌ يَوْمَئِذٍ عَلَيْهَا غَبَرَةٌ",
      "english": "And [other] faces, that Day, will have upon them dust.",
      "hausa": "Wasu huskõki, a rãnar nan, akwai ƙũra a kansu."
    },
    {
      "ayah": 41,
      "arabic": "تَرْهَقُهَا قَتَرَةٌ",
      "english": "Blackness will cover them.",
      "hausa": "Baƙi zai rufe su."
    },
    {
      "ayah": 42,
      "arabic": "أُو۟لَـٰٓئِكَ هُمُ ٱلْكَفَرَةُ ٱلْفَجَرَةُ",
      "english": "Those are the disbelievers, the wicked ones.",
      "hausa": "Waɗannan sũ ne kãfirai fãjirai (ga ayyukansu)."
    }
  ]
}