{
  "surah": 64,
  "hasBasmallah": false,
  "basmallah": "",
  "verses": [
    {
      "ayah": 1,
      "arabic": "يُسَبِّحُ لِلَّهِ مَا فِى ٱلسَّمَـٰوَٰتِ وَمَا فِى ٱلْأَرْضِ ۖ لَهُ ٱلْمُلْكُ وَلَهُ ٱلْحَمْدُ ۖ وَهُوَ عَلَىٰ كُلِّ شَىْءٍ قَدِيرٌ",
      "english": "Whatever is in the heavens and whatever is on the earth is exalting Allah. To Him belongs dominion, and to Him belongs [all] praise, and He is over all things competent.",
      "hausa": "Abin da yake a cikin sammai da wanda yake a cikin ƙasã sunã tasbĩhi ga Allah. Gare Shi mulki yake, kuma gare Shi gõdiya take. Kuma Shi, a kan kõme, Mai ikon yi ne."
    },
    {
      "ayah": 2,
      "arabic": "هُوَ ٱلَّذِى خَلَقَكُمْ فَمِنكُمْ كَافِرٌ وَمِنكُم مُّؤْمِنٌ ۚ وَٱللَّهُ بِمَا تَعْمَلُونَ بَصِيرٌ",
      "english": "It is He who created you, and among you is the disbeliever, and among you is the believer. And Allah, of what you do, is Seeing.",
      "hausa": "Shĩ ne wanda Ya halitta ku. Sa'an nan daga gare ku akwai kãfiri kuma daga gare ku akwai mũmini. Kuma Allah Mai gani ne ga abin da kuke aikatãwa."
    },
    {
      "ayah": 3,
      "arabic": "خَلَقَ ٱلسَّمَـٰوَٰتِ وَٱلْأَرْضَ بِٱلْحَقِّ وَصَوَّرَكُمْ فَأَحْسَنَ صُوَرَكُمْ ۖ وَإِلَيْهِ ٱلْمَصِيرُ",
      "english": "He created the heavens and earth in truth and formed you and perfected your forms; and to Him is the [final] destination.",
      "hausa": "Ya halitta sammai da ƙasã da abin da yake hakkinSa. Kuma Ya sũranta ku, sa'an nan Ya kyautata sũrõrinku. Kuma zuwa gare Shi makõma take."
    },
    {
      "ayah": 4,
      "arabic": "يَعْلَمُ مَا فِى ٱلسَّمَـٰوَٰتِ وَٱلْأَرْضِ وَيَعْلَمُ مَا تُسِرُّونَ وَمَا تُعْلِنُونَ ۚ وَٱللَّهُ عَلِيمٌۢ بِذَاتِ ٱلصُّدُورِ",
      "english": "He knows what is within the heavens and earth and knows what you conceal and what you declare. And Allah is Knowing of that within the breasts.",
      "hausa": "Yanã sanin abin da ke a cikin sammai da ƙasã. Kuma Yanã sanin abin da kuke bõyẽwa da abin da kuke bayyanãwa. Kuma Allah Masani ne ga abin da ke cikin ƙirãza."
    },
    {
      "ayah": 5,
      "arabic": "أَلَمْ يَأْتِكُمْ نَبَؤُا۟ ٱلَّذِينَ كَفَرُوا۟ مِن قَبْلُ فَذَاقُوا۟ وَبَالَ أَمْرِهِمْ وَلَهُمْ عَذَابٌ أَلِيمٌ",
      "english": "Has there not come to you the news of those who disbelieved before? So they tasted the bad consequence of their affair, and they will have a painful punishment.",
      "hausa": "Shin, babban lãbãri bai je muku ba na waɗanda suka kãfirta daga gabãni, sai suka ɗanɗani uƙũbar al'amarinsu kuma sunã da wata azãba mai raɗaɗi?"
    },
    {
      "ayah": 6,
      "arabic": "ذَٰلِكَ بِأَنَّهُۥ كَانَت تَّأْتِيهِمْ رُسُلُهُم بِٱلْبَيِّنَـٰتِ فَقَالُوٓا۟ أَبَشَرٌ يَهْدُونَنَا فَكَفَرُوا۟ وَتَوَلَّوا۟ ۚ وَّٱسْتَغْنَى ٱللَّهُ ۚ وَٱللَّهُ غَنِىٌّ حَمِيدٌ",
      "english": "That is because their messengers used to come to them with clear evidences, but they said, \"Shall human beings guide us?\" and disbelieved and turned away. And Allah dispensed [with them]; and Allah is Free of need and Praiseworthy.",
      "hausa": "Wancan sabõda lalle su Manzanninsu sun kasance sunã jẽ musu da hujjõji bayyanannu, sai suka ce: \"Ashe, wasu mutane za su shiryar da mũ?\" Sai suka kãfirta kuma suka jũya bãya, kuma Allah Ya wadãtu (daga gare su). Kuma Allah wadãtacce ne, Gõdadde."
    },
    {
      "ayah": 7,
      "arabic": "زَعَمَ ٱلَّذِينَ كَفَرُوٓا۟ أَن لَّن يُبْعَثُوا۟ ۚ قُلْ بَلَىٰ وَرَبِّى لَتُبْعَثُنَّ ثُمَّ لَتُنَبَّؤُنَّ بِمَا عَمِلْتُمْ ۚ وَذَٰلِكَ عَلَى ٱللَّهِ يَسِيرٌ",
      "english": "Those who disbelieve have claimed that they will never be resurrected. Say, \"Yes, by my Lord, you will surely be resurrected; then you will surely be informed of what you did. And that, for Allah, is easy.\"",
      "hausa": "Waɗanda suka kãfirta sun riya cẽwa bã zã a tãyar da su ba. Ka ce: \"Ni, inã rantsuwa da Ubangijĩna. Lalle zã a tãyar da ku haƙĩƙatan, sa'an nan kuma lalle anã bã ku lãbãri game da abin da kuka aikata. Kuma wannan ga Allah mai sauƙi ne.\""
    },
    {
      "ayah": 8,
      "arabic": "فَـَٔامِنُوا۟ بِٱللَّهِ وَرَسُولِهِۦ وَٱلنُّورِ ٱلَّذِىٓ أَنزَلْنَا ۚ وَٱللَّهُ بِمَا تَعْمَلُونَ خَبِيرٌ",
      "english": "So believe in Allah and His Messenger and the Qur'an which We have sent down. And Allah is Acquainted with what you do.",
      "hausa": "Sabõda haka ku yi ĩmani da Allah da ManzonSa da hasken nan da Muka saukar. Kuma Allah, ga abin da kuke aikatãwa, Mai labartawa ne."
    },
    {
      "ayah": 9,
      "arabic": "يَوْمَ يَجْمَعُكُمْ لِيَوْمِ ٱلْجَمْعِ ۖ ذَٰلِكَ يَوْمُ ٱلتَّغَابُنِ ۗ وَمَن يُؤْمِنۢ بِٱللَّهِ وَيَعْمَلْ صَـٰلِحًا يُكَفِّرْ عَنْهُ سَيِّـَٔاتِهِۦ وَيُدْخِلْهُ جَنَّـٰتٍ تَجْرِى مِن تَحْتِهَا ٱلْأَنْهَـٰرُ خَـٰلِدِينَ فِيهَآ أَبَدًا ۚ ذَٰلِكَ ٱلْفَوْزُ ٱلْعَظِيمُ",
      "english": "The Day He will assemble you for the Day of Assembly - that is the Day of Deprivation. And whoever believes in Allah and does righteousness - He will remove from him his misdeeds and admit him to gardens beneath which rivers flow, wherein they will abide forever. That is the great attainment.",
      "hausa": "A rãnar da Yake tattara ku dõmin rãnar tãruwa. Wancan ne rãnar kãmunga. Kuma wanda ya yi ĩmãni da Allah, kuma ya aikata aikin ƙwarai, zai kankare masa mũnãnan ayyukansa, kuma Yashigar da shi gidãjen Aljanna, ƙoramu na gudãna daga ƙarƙashinsu, sunã madawwama a cikinsu har abada. Wannan ne babban rabo mai girma."
    },
    {
      "ayah": 10,
      "arabic": "وَٱلَّذِينَ كَفَرُوا۟ وَكَذَّبُوا۟ بِـَٔايَـٰتِنَآ أُو۟لَـٰٓئِكَ أَصْحَـٰبُ ٱلنَّارِ خَـٰلِدِينَ فِيهَا ۖ وَبِئْسَ ٱلْمَصِيرُ",
      "english": "But the ones who disbelieved and denied Our verses - those are the companions of the Fire, abiding eternally therein; and wretched is the destination.",
      "hausa": "Kuma waɗanda suka kãfirta, kuma suka ƙaryata game da ayõyinMu, waɗannan sũne'yan wuta, sunã madawwama a cikinta. Kuma tir da makõma, ita."
    },
    {
      "ayah": 11,
      "arabic": "مَآ أَصَابَ مِن مُّصِيبَةٍ إِلَّا بِإِذْنِ ٱللَّهِ ۗ وَمَن يُؤْمِنۢ بِٱللَّهِ يَهْدِ قَلْبَهُۥ ۚ وَٱللَّهُ بِكُلِّ شَىْءٍ عَلِيمٌ",
      "english": "No disaster strikes except by permission of Allah. And whoever believes in Allah - He will guide his heart. And Allah is Knowing of all things.",
      "hausa": "Wata masĩfa bã zã ta sãmu ba fãce da iznin Allah. Kuma wanda ya yi ĩmãni da Allah, Allah zai shiryar da zuciyarsa. Kuma Allah, ga dukan kõme, Masani ne."
    },
    {
      "ayah": 12,
      "arabic": "وَأَطِيعُوا۟ ٱللَّهَ وَأَطِيعُوا۟ ٱلرَّسُولَ ۚ فَإِن تَوَلَّيْتُمْ فَإِنَّمَا عَلَىٰ رَسُولِنَا ٱلْبَلَـٰغُ ٱلْمُبِينُ",
      "english": "And obey Allah and obey the Messenger; but if you turn away - then upon Our Messenger is only [the duty of] clear notification.",
      "hausa": "Kuma ku yi ɗã'a ga Allah, kuma ku yi ɗã'a ga Manzo. Sa'an nan idan kun jũya bãya, to, abin sani kawai, akwai iyarwa bayyananna a kan ManzonMu."
    },
    {
      "ayah": 13,
      "arabic": "ٱللَّهُ لَآ إِلَـٰهَ إِلَّا هُوَ ۚ وَعَلَى ٱللَّهِ فَلْيَتَوَكَّلِ ٱلْمُؤْمِنُونَ",
      "english": "Allah - there is no deity except Him. And upon Allah let the believers rely.",
      "hausa": "Allah bãbu wani abin bauta wa fãce Shi. Kuma ga Allah, sai mũminai su dõgara."
    },
    {
      "ayah": 14,
      "arabic": "يَـٰٓأَيُّهَا ٱلَّذِينَ ءَامَنُوٓا۟ إِنَّ مِنْ أَزْوَٰجِكُمْ وَأَوْلَـٰدِكُمْ عَدُوًّا لَّكُمْ فَٱحْذَرُوهُمْ ۚ وَإِن تَعْفُوا۟ وَتَصْفَحُوا۟ وَتَغْفِرُوا۟ فَإِنَّ ٱللَّهَ غَفُورٌ رَّحِيمٌ",
      "english": "O you who have believed, indeed, among your wives and your children are enemies to you, so beware of them. But if you pardon and overlook and forgive - then indeed, Allah is Forgiving and Merciful.",
      "hausa": "Yã kũ waɗanda suka yi ĩmani! Lalle ne daga mãtanku da ɗiyanku akwai wani maƙiyi a gare ku, sai ku yi saunarsu. Kuma idan kuka yãfe, kuma kuka kau da kai, kuma kuka gãfarta, to, lalle Allah Mai gãfara ne, Mai jin ƙai."
    },
    {
      "ayah": 15,
      "arabic": "إِنَّمَآ أَمْوَٰلُكُمْ وَأَوْلَـٰدُكُمْ فِتْنَةٌ ۚ وَٱللَّهُ عِندَهُۥٓ أَجْرٌ عَظِيمٌ",
      "english": "Your wealth and your children are but a trial, and Allah has with Him a great reward.",
      "hausa": "Dũkiyõyinku da ɗiyanku fitina ɗai ne. Kuma Allah, a wurinSa akwai wani sakamako mai girma."
    },
    {
      "ayah": 16,
      "arabic": "فَٱتَّقُوا۟ ٱللَّهَ مَا ٱسْتَطَعْتُمْ وَٱسْمَعُوا۟ وَأَطِيعُوا۟ وَأَنفِقُوا۟ خَيْرًا لِّأَنفُسِكُمْ ۗ وَمَن يُوقَ شُحَّ نَفْسِهِۦ فَأُو۟لَـٰٓئِكَ هُمُ ٱلْمُفْلِحُونَ",
      "english": "So fear Allah as much as you are able and listen and obey and spend [in the way of Allah]; it is better for your selves. And whoever is protected from the stinginess of his soul - it is those who will be the successful.",
      "hausa": "Sai ku bi Allah da taƙawa gwargwadon abin da kuka sãmi ĩko. Kuma ku saurãra kuma ku yi ɗã'ã, kuma ku ciyar, ya fi zama alhẽri gare ku. Kuma wandaya sãɓã wa rõwar ransa, to, waɗannan sũ ne mãsu babban rabo."
    },
    {
      "ayah": 17,
      "arabic": "إِن تُقْرِضُوا۟ ٱللَّهَ قَرْضًا حَسَنًا يُضَـٰعِفْهُ لَكُمْ وَيَغْفِرْ لَكُمْ ۚ وَٱللَّهُ شَكُورٌ حَلِيمٌ",
      "english": "If you loan Allah a goodly loan, He will multiply it for you and forgive you. And Allah is Most Appreciative and Forbearing.",
      "hausa": "Idan kun bai wa Allah rance, rance mai kyau, (Allah) zai ninka shi a gare ku kuma Ya gãfarta muku. Kuma Allah Mai yawan gõdiya ne, Mai haƙuri."
    },
    {
      "ayah": 18,
      "arabic": "عَـٰلِمُ ٱلْغَيْبِ وَٱلشَّهَـٰدَةِ ٱلْعَزِيزُ ٱلْحَكِيمُ",
      "english": "Knower of the unseen and the witnessed, the Exalted in Might, the Wise.",
      "hausa": "Shĩ ne Masanin fake da bayyane, Mabuwayi, Mai hikima."
    }
  ]
}