{
  "surah": 58,
  "hasBasmallah": false,
  "basmallah": "",
  "verses": [
    {
      "ayah": 1,
      "arabic": "قَدْ سَمِعَ ٱللَّهُ قَوْلَ ٱلَّتِى تُجَـٰدِلُكَ فِى زَوْجِهَا وَتَشْتَكِىٓ إِلَى ٱللَّهِ وَٱللَّهُ يَسْمَعُ تَحَاوُرَكُمَآ ۚ إِنَّ ٱللَّهَ سَمِيعٌۢ بَصِيرٌ",
      "english": "Certainly has Allah heard the speech of the one who argues with you, [O Muhammad], concerning her husband and directs her complaint to Allah. And Allah hears your dialogue; indeed, Allah is Hearing and Seeing.",
      "hausa": "Lalle Alla Ya ji maganar wadda ke yi maka jãyayya game da mijinta, tanã kai ƙãra ga Allah, kuma Allah nã jin muhawararku. Lalle Allah Mai ji ne, Mai gani."
    },
    {
      "ayah": 2,
      "arabic": "ٱلَّذِينَ يُظَـٰهِرُونَ مِنكُم مِّن نِّسَآئِهِم مَّا هُنَّ أُمَّهَـٰتِهِمْ ۖ إِنْ أُمَّهَـٰتُهُمْ إِلَّا ٱلَّـٰٓـِٔى وَلَدْنَهُمْ ۚ وَإِنَّهُمْ لَيَقُولُونَ مُنكَرًا مِّنَ ٱلْقَوْلِ وَزُورًا ۚ وَإِنَّ ٱللَّهَ لَعَفُوٌّ غَفُورٌ",
      "english": "Those who pronounce thihar among you [to separate] from their wives - they are not [consequently] their mothers. Their mothers are none but those who gave birth to them. And indeed, they are saying an objectionable statement and a falsehood. But indeed, Allah is Pardoning and Forgiving.",
      "hausa": "Waɗanda ke yin zihãri daga cikinku game da mãtansu, sũmãtan nan bã uwãyensu ba ne, bãbu uwayensu fãce waɗanda suka haife su. Lalle sũ, sunã faɗar abin ƙyãmã na magana da ƙarya, kuma lalle Allah haƙĩƙa Mai yãfẽwa ne, Mai gãfara."
    },
    {
      "ayah": 3,
      "arabic": "وَٱلَّذِينَ يُظَـٰهِرُونَ مِن نِّسَآئِهِمْ ثُمَّ يَعُودُونَ لِمَا قَالُوا۟ فَتَحْرِيرُ رَقَبَةٍ مِّن قَبْلِ أَن يَتَمَآسَّا ۚ ذَٰلِكُمْ تُوعَظُونَ بِهِۦ ۚ وَٱللَّهُ بِمَا تَعْمَلُونَ خَبِيرٌ",
      "english": "And those who pronounce thihar from their wives and then [wish to] go back on what they said - then [there must be] the freeing of a slave before they touch one another. That is what you are admonished thereby; and Allah is Acquainted with what you do.",
      "hausa": "Waɗanda ke yin zihãri game da mãtansu, sa'an nan su kõma wa abin da suka faɗa, to, akwai 'yanta wuya a gabãnin su shãfi jũna. Wannan anã yi muku wa'azi da shi. Kuma Allah Mai ƙididdigewa ne ga abin da kuke aikatãwa."
    },
    {
      "ayah": 4,
      "arabic": "فَمَن لَّمْ يَجِدْ فَصِيَامُ شَهْرَيْنِ مُتَتَابِعَيْنِ مِن قَبْلِ أَن يَتَمَآسَّا ۖ فَمَن لَّمْ يَسْتَطِعْ فَإِطْعَامُ سِتِّينَ مِسْكِينًا ۚ ذَٰلِكَ لِتُؤْمِنُوا۟ بِٱللَّهِ وَرَسُولِهِۦ ۚ وَتِلْكَ حُدُودُ ٱللَّهِ ۗ وَلِلْكَـٰفِرِينَ عَذَابٌ أَلِيمٌ",
      "english": "And he who does not find [a slave] - then a fast for two months consecutively before they touch one another; and he who is unable - then the feeding of sixty poor persons. That is for you to believe [completely] in Allah and His Messenger; and those are the limits [set by] Allah. And for the disbelievers is a painful punishment.",
      "hausa": "To, wanda bai sãmu ba, sai azumin wata biyu jẽre a gabãnin su shãfi jũna, sa'an nan wanda bai sãmi ĩkon yi ba, to, sai ciyar da miskĩnai sittin. Wannan dõmin ku yĩ ĩmãni da Allah da Manzonsa. Kuma waɗannan hukunce-hukunce haddõdin Allah ne. Kuma kãfirai, sunã da azãba mai raɗadi."
    },
    {
      "ayah": 5,
      "arabic": "إِنَّ ٱلَّذِينَ يُحَآدُّونَ ٱللَّهَ وَرَسُولَهُۥ كُبِتُوا۟ كَمَا كُبِتَ ٱلَّذِينَ مِن قَبْلِهِمْ ۚ وَقَدْ أَنزَلْنَآ ءَايَـٰتٍۭ بَيِّنَـٰتٍ ۚ وَلِلْكَـٰفِرِينَ عَذَابٌ مُّهِينٌ",
      "english": "Indeed, those who oppose Allah and His Messenger are abased as those before them were abased. And We have certainly sent down verses of clear evidence. And for the disbelievers is a humiliating punishment.",
      "hausa": "Lalle waɗanda ke sãɓã wa Allah da ManzonSa, an wulãkanta su kamar yadda aka wulãkantar da waɗanda ke a gabãninsu, kuma lalle Mun saukar da ãyõyi bayyanannu, kuma kãfirai nã da azãba mai wulãkantãwa."
    },
    {
      "ayah": 6,
      "arabic": "يَوْمَ يَبْعَثُهُمُ ٱللَّهُ جَمِيعًا فَيُنَبِّئُهُم بِمَا عَمِلُوٓا۟ ۚ أَحْصَىٰهُ ٱللَّهُ وَنَسُوهُ ۚ وَٱللَّهُ عَلَىٰ كُلِّ شَىْءٍ شَهِيدٌ",
      "english": "On the Day when Allah will resurrect them all and inform them of what they did. Allah had enumerated it, while they forgot it; and Allah is, over all things, Witness.",
      "hausa": "Rãnar da Allah zai tãyar da su gabã ɗaya, sa'an nan Ya bã su lãbãri game da abin da suka aikata, Allah Yã lissafa shi, alhãli kuwa sũ, sun manta da shi, kuma a kan kõme Allah Halartacce ne."
    },
    {
      "ayah": 7,
      "arabic": "أَلَمْ تَرَ أَنَّ ٱللَّهَ يَعْلَمُ مَا فِى ٱلسَّمَـٰوَٰتِ وَمَا فِى ٱلْأَرْضِ ۖ مَا يَكُونُ مِن نَّجْوَىٰ ثَلَـٰثَةٍ إِلَّا هُوَ رَابِعُهُمْ وَلَا خَمْسَةٍ إِلَّا هُوَ سَادِسُهُمْ وَلَآ أَدْنَىٰ مِن ذَٰلِكَ وَلَآ أَكْثَرَ إِلَّا هُوَ مَعَهُمْ أَيْنَ مَا كَانُوا۟ ۖ ثُمَّ يُنَبِّئُهُم بِمَا عَمِلُوا۟ يَوْمَ ٱلْقِيَـٰمَةِ ۚ إِنَّ ٱللَّهَ بِكُلِّ شَىْءٍ عَلِيمٌ",
      "english": "Have you not considered that Allah knows what is in the heavens and what is on the earth? There is in no private conversation three but that He is the fourth of them, nor are there five but that He is the sixth of them - and no less than that and no more except that He is with them [in knowledge] wherever they are. Then He will inform them of what they did, on the Day of Resurrection. Indeed Allah is, of all things, Knowing.",
      "hausa": "Ashe, ba ka ga cẽwa lalle Allah Yanã sane da abin da yake a cikin sammai da abin da ke cikin ƙasa ba? Wata gãnãwa ta mutum uku bã zã ta kasance ba fãce Allah Shĩ ne na huɗu ɗinta, kuma bãbu ta mutum biyar fãce Shĩ ne na shida ɗinta, kuma babu abin da ya kãsa wannan kuma babu abin da yake mafi yawa fãce Shĩ Yanã tãre da su duk inda suka kasance, sa'an nan Ya bã su lãbãri game da abin da suka aikata a Rãnar ¡iyãma. Lalle Allah Masani ne ga dukkan kõme."
    },
    {
      "ayah": 8,
      "arabic": "أَلَمْ تَرَ إِلَى ٱلَّذِينَ نُهُوا۟ عَنِ ٱلنَّجْوَىٰ ثُمَّ يَعُودُونَ لِمَا نُهُوا۟ عَنْهُ وَيَتَنَـٰجَوْنَ بِٱلْإِثْمِ وَٱلْعُدْوَٰنِ وَمَعْصِيَتِ ٱلرَّسُولِ وَإِذَا جَآءُوكَ حَيَّوْكَ بِمَا لَمْ يُحَيِّكَ بِهِ ٱللَّهُ وَيَقُولُونَ فِىٓ أَنفُسِهِمْ لَوْلَا يُعَذِّبُنَا ٱللَّهُ بِمَا نَقُولُ ۚ حَسْبُهُمْ جَهَنَّمُ يَصْلَوْنَهَا ۖ فَبِئْسَ ٱلْمَصِيرُ",
      "english": "Have you not considered those who were forbidden from private conversation, then they return to that which they were forbidden and converse among themselves about sin and aggression and disobedience to the Messenger? And when they come to you, they greet you with that [word] by which Allah does not greet you and say among themselves, \"Why does Allah not punish us for what we say?\" Sufficient for them is Hell, which they will [enter to] burn, and wretched is the destination.",
      "hausa": "Ashe, ba ka ga waɗanda aka hane su ba daga ganãwar, sa'an nan sunã kõmã wa abin da aka hane su daga gare shi, kuma sunã gãnãwa game da zunubi da zãlunci da sãɓã wa Manzon Allah, kuma idan sun zo maka sai su gasihe ka da abin da Allah bai gaishe ka da shi ba, kuma sunã cẽwa a cikin zukatansu: \"Don me Allah ba Ya yi mana azãba sabõda abin da muke faɗi?\" Jahannama ita ce mai isarsu, zã su shigeta. Sabõda haka makõmarsu ta mũnana."
    },
    {
      "ayah": 9,
      "arabic": "يَـٰٓأَيُّهَا ٱلَّذِينَ ءَامَنُوٓا۟ إِذَا تَنَـٰجَيْتُمْ فَلَا تَتَنَـٰجَوْا۟ بِٱلْإِثْمِ وَٱلْعُدْوَٰنِ وَمَعْصِيَتِ ٱلرَّسُولِ وَتَنَـٰجَوْا۟ بِٱلْبِرِّ وَٱلتَّقْوَىٰ ۖ وَٱتَّقُوا۟ ٱللَّهَ ٱلَّذِىٓ إِلَيْهِ تُحْشَرُونَ",
      "english": "O you who have believed, when you converse privately, do not converse about sin and aggression and disobedience to the Messenger but converse about righteousness and piety. And fear Allah, to whom you will be gathered.",
      "hausa": "Yã kũ waɗanda suka yi ĩmãni! Idan za ku yi gãnãwa, to, kada ku gãna game da zunubi da zãlunci da sãɓã wa Manzon Allah, kuma ku yi gãnãwa game da alhẽri da taƙawa. Ku bi Allah da taƙawa wanda zã a tattara ku zuwa gare, shi."
    },
    {
      "ayah": 10,
      "arabic": "إِنَّمَا ٱلنَّجْوَىٰ مِنَ ٱلشَّيْطَـٰنِ لِيَحْزُنَ ٱلَّذِينَ ءَامَنُوا۟ وَلَيْسَ بِضَآرِّهِمْ شَيْـًٔا إِلَّا بِإِذْنِ ٱللَّهِ ۚ وَعَلَى ٱللَّهِ فَلْيَتَوَكَّلِ ٱلْمُؤْمِنُونَ",
      "english": "Private conversation is only from Satan that he may grieve those who have believed, but he will not harm them at all except by permission of Allah. And upon Allah let the believers rely.",
      "hausa": "Gãnãwar daga Shaiɗan take kawai dõmin ya mũnanã wa waɗanda suka yi ĩmãni, alhãli kuwa bã zai iya cũtar su da kõme ba fãce da iznin Allah. Kuma sai mũminai su dogara ga Allah."
    },
    {
      "ayah": 11,
      "arabic": "يَـٰٓأَيُّهَا ٱلَّذِينَ ءَامَنُوٓا۟ إِذَا قِيلَ لَكُمْ تَفَسَّحُوا۟ فِى ٱلْمَجَـٰلِسِ فَٱفْسَحُوا۟ يَفْسَحِ ٱللَّهُ لَكُمْ ۖ وَإِذَا قِيلَ ٱنشُزُوا۟ فَٱنشُزُوا۟ يَرْفَعِ ٱللَّهُ ٱلَّذِينَ ءَامَنُوا۟ مِنكُمْ وَٱلَّذِينَ أُوتُوا۟ ٱلْعِلْمَ دَرَجَـٰتٍ ۚ وَٱللَّهُ بِمَا تَعْمَلُونَ خَبِيرٌ",
      "english": "O you who have believed, when you are told, \"Space yourselves\" in assemblies, then make space; Allah will make space for you. And when you are told, \"Arise,\" then arise; Allah will raise those who have believed among you and those who were given knowledge, by degrees. And Allah is Acquainted with what you do.",
      "hausa": "Yã kũ waɗanda suka yi ĩmãni! Idan an ce muka, \"Ku yalwatã a cikin majalisai,\" to, ku yalwatã, sai Allah Ya yalwatã muku, kuma idan an ce muku, \"Ku tãshi\" to, ku tãshi. Allah nã ɗaukaka waɗanda suka yi ĩmãni daga cikinku da waɗanda aka bai wa ilim wasu darajõji mãsu yawa, kuma, Allah Mai ƙididdigewa ne ga dukan kõme."
    },
    {
      "ayah": 12,
      "arabic": "يَـٰٓأَيُّهَا ٱلَّذِينَ ءَامَنُوٓا۟ إِذَا نَـٰجَيْتُمُ ٱلرَّسُولَ فَقَدِّمُوا۟ بَيْنَ يَدَىْ نَجْوَىٰكُمْ صَدَقَةً ۚ ذَٰلِكَ خَيْرٌ لَّكُمْ وَأَطْهَرُ ۚ فَإِن لَّمْ تَجِدُوا۟ فَإِنَّ ٱللَّهَ غَفُورٌ رَّحِيمٌ",
      "english": "O you who have believed, when you [wish to] privately consult the Messenger, present before your consultation a charity. That is better for you and purer. But if you find not [the means] - then indeed, Allah is Forgiving and Merciful.",
      "hausa": "Yã kũ waɗanda suka yi ĩmãni! Idan zã ku gãnãwa da Manzon Allah, to, ku gabãtar da 'yar sadaka a gabãnin gãnãwarku, wannan ne mafi alhẽri a gare ku, kuma mafi tsarki. Sai idan ba ku sãmi (abin sadakar ba), to, lalle, Allah, Mai gãfara ne, Mai jin ƙai."
    },
    {
      "ayah": 13,
      "arabic": "ءَأَشْفَقْتُمْ أَن تُقَدِّمُوا۟ بَيْنَ يَدَىْ نَجْوَىٰكُمْ صَدَقَـٰتٍ ۚ فَإِذْ لَمْ تَفْعَلُوا۟ وَتَابَ ٱللَّهُ عَلَيْكُمْ فَأَقِيمُوا۟ ٱلصَّلَوٰةَ وَءَاتُوا۟ ٱلزَّكَوٰةَ وَأَطِيعُوا۟ ٱللَّهَ وَرَسُولَهُۥ ۚ وَٱللَّهُ خَبِيرٌۢ بِمَا تَعْمَلُونَ",
      "english": "Have you feared to present before your consultation charities? Then when you do not and Allah has forgiven you, then [at least] establish prayer and give zakah and obey Allah and His Messenger. And Allah is Acquainted with what you do.",
      "hausa": "Ashe, kun ji tsõron ku gabãtar da sadakõki a gabãnin gãnãwarku? To, idan ba ku aikata ba, kuma Allah Ya kõmo da ku zuwa ga sauƙi, sai ku tsai da salla, kuma ku bãyar da zakka, kuma ku yi ɗã'ã ga Allah da ManzonSa. Kuma Allah ne Mai ƙididdigewa ga abin da kuke aikatãwa."
    },
    {
      "ayah": 14,
      "arabic": "أَلَمْ تَرَ إِلَى ٱلَّذِينَ تَوَلَّوْا۟ قَوْمًا غَضِبَ ٱللَّهُ عَلَيْهِم مَّا هُم مِّنكُمْ وَلَا مِنْهُمْ وَيَحْلِفُونَ عَلَى ٱلْكَذِبِ وَهُمْ يَعْلَمُونَ",
      "english": "Have you not considered those who make allies of a people with whom Allah has become angry? They are neither of you nor of them, and they swear to untruth while they know [they are lying].",
      "hausa": "Ashe, baka ga waɗanda suka jiɓinci waɗansu mutãne da Allah Ya yi hushi a kansu ba, bã su cikinku, kuma bã su a cikinsu kuma sunã rantsuwa a kan ƙarya, alhãli kuwa sunã sane?"
    },
    {
      "ayah": 15,
      "arabic": "أَعَدَّ ٱللَّهُ لَهُمْ عَذَابًا شَدِيدًا ۖ إِنَّهُمْ سَآءَ مَا كَانُوا۟ يَعْمَلُونَ",
      "english": "Allah has prepared for them a severe punishment. Indeed, it was evil that they were doing.",
      "hausa": "Allah Ya yi musu tattalin azãba mai tsanani. Lalle sũ abin da suka kasance sunã aikatãwa ya mũnana."
    },
    {
      "ayah": 16,
      "arabic": "ٱتَّخَذُوٓا۟ أَيْمَـٰنَهُمْ جُنَّةً فَصَدُّوا۟ عَن سَبِيلِ ٱللَّهِ فَلَهُمْ عَذَابٌ مُّهِينٌ",
      "english": "They took their [false] oaths as a cover, so they averted [people] from the way of Allah, and for them is a humiliating punishment.",
      "hausa": "Sun riƙi rantsuwõwinsu garkuwa, sabõda haka suka kange (mũminai) daga jihãdin ɗaukaka tafarkin Allah. To, sunã da azãba mai wulãkantãwa."
    },
    {
      "ayah": 17,
      "arabic": "لَّن تُغْنِىَ عَنْهُمْ أَمْوَٰلُهُمْ وَلَآ أَوْلَـٰدُهُم مِّنَ ٱللَّهِ شَيْـًٔا ۚ أُو۟لَـٰٓئِكَ أَصْحَـٰبُ ٱلنَّارِ ۖ هُمْ فِيهَا خَـٰلِدُونَ",
      "english": "Never will their wealth or their children avail them against Allah at all. Those are the companions of the Fire; they will abide therein eternally",
      "hausa": "Dũkiyõyinsu ba su wadãtar musu kõme ba daga Allah, haka kuma ɗiyansu. Waɗannan 'yan wutã ne. Sũ, mãsu dawwama ne a cikinta."
    },
    {
      "ayah": 18,
      "arabic": "يَوْمَ يَبْعَثُهُمُ ٱللَّهُ جَمِيعًا فَيَحْلِفُونَ لَهُۥ كَمَا يَحْلِفُونَ لَكُمْ ۖ وَيَحْسَبُونَ أَنَّهُمْ عَلَىٰ شَىْءٍ ۚ أَلَآ إِنَّهُمْ هُمُ ٱلْكَـٰذِبُونَ",
      "english": "On the Day Allah will resurrect them all, and they will swear to Him as they swear to you and think that they are [standing] on something. Unquestionably, it is they who are the liars.",
      "hausa": "Rãnar da Allah ke tãyar da su gabã ɗaya, sai su yi Masa rantsuwa kamar yadda suke yi muku rantsuwa (a nan dũniya) kuma sunã zaton cẽwa sũ a kan wani abu suke! To, lalle sũ, sũ ne maƙaryata."
    },
    {
      "ayah": 19,
      "arabic": "ٱسْتَحْوَذَ عَلَيْهِمُ ٱلشَّيْطَـٰنُ فَأَنسَىٰهُمْ ذِكْرَ ٱللَّهِ ۚ أُو۟لَـٰٓئِكَ حِزْبُ ٱلشَّيْطَـٰنِ ۚ أَلَآ إِنَّ حِزْبَ ٱلشَّيْطَـٰنِ هُمُ ٱلْخَـٰسِرُونَ",
      "english": "Satan has overcome them and made them forget the remembrance of Allah. Those are the party of Satan. Unquestionably, the party of Satan - they will be the losers.",
      "hausa": "Shaiɗan ya rinjaya a kansu, sai ya mantar da su ambaton Allah, waɗannan ƙungiyar Shaiɗan ne. To, lalle ƙungiyar Shaiɗan, sũ ne mãsu hasãra."
    },
    {
      "ayah": 20,
      "arabic": "إِنَّ ٱلَّذِينَ يُحَآدُّونَ ٱللَّهَ وَرَسُولَهُۥٓ أُو۟لَـٰٓئِكَ فِى ٱلْأَذَلِّينَ",
      "english": "Indeed, the ones who oppose Allah and His Messenger - those will be among the most humbled.",
      "hausa": "Lalle, waɗanda ke sãɓã wa Allah da ManzonSa waɗannan sunã a cikin (mutãne) mafi ƙasƙanci."
    },
    {
      "ayah": 21,
      "arabic": "كَتَبَ ٱللَّهُ لَأَغْلِبَنَّ أَنَا۠ وَرُسُلِىٓ ۚ إِنَّ ٱللَّهَ قَوِىٌّ عَزِيزٌ",
      "english": "Allah has written, \"I will surely overcome, I and My messengers.\" Indeed, Allah is Powerful and Exalted in Might.",
      "hausa": "Allah Ya rubũta cẽwa,\" Lalle zan rinjãya, Nĩ da ManzanniNa.\" Lalle Allah Mai ƙarfi ne, Mabuwãyi."
    },
    {
      "ayah": 22,
      "arabic": "لَّا تَجِدُ قَوْمًا يُؤْمِنُونَ بِٱللَّهِ وَٱلْيَوْمِ ٱلْـَٔاخِرِ يُوَآدُّونَ مَنْ حَآدَّ ٱللَّهَ وَرَسُولَهُۥ وَلَوْ كَانُوٓا۟ ءَابَآءَهُمْ أَوْ أَبْنَآءَهُمْ أَوْ إِخْوَٰنَهُمْ أَوْ عَشِيرَتَهُمْ ۚ أُو۟لَـٰٓئِكَ كَتَبَ فِى قُلُوبِهِمُ ٱلْإِيمَـٰنَ وَأَيَّدَهُم بِرُوحٍ مِّنْهُ ۖ وَيُدْخِلُهُمْ جَنَّـٰتٍ تَجْرِى مِن تَحْتِهَا ٱلْأَنْهَـٰرُ خَـٰلِدِينَ فِيهَا ۚ رَضِىَ ٱللَّهُ عَنْهُمْ وَرَضُوا۟ عَنْهُ ۚ أُو۟لَـٰٓئِكَ حِزْبُ ٱللَّهِ ۚ أَلَآ إِنَّ حِزْبَ ٱللَّهِ هُمُ ٱلْمُفْلِحُونَ",
      "english": "You will not find a people who believe in Allah and the Last Day having affection for those who oppose Allah and His Messenger, even if they were their fathers or their sons or their brothers or their kindred. Those - He has decreed within their hearts faith and supported them with spirit from Him. And We will admit them to gardens beneath which rivers flow, wherein they abide eternally. Allah is pleased with them, and they are pleased with Him - those are the party of Allah. Unquestionably, the party of Allah - they are the successful.",
      "hausa": "Bã zã ka sãmi mutãne mãsu yin ĩmãni da Allah da RãnarLãhira sunã sõyayya da wanda ya sãɓã wa Allah da ManzonSa ba, kõ dã sun kasance ubanninsu ne, kõ ɗiyansu kõ 'yan'uwansu, ko danginsu. waɗannan Allah Yã rubuta ĩmãni a cikin zukãtansu, kuma Yã ƙarfafa su da wani rũhi daga gare Shi, kuma zai shigar da su a gidãjen Aljanna, ƙoramu na gudãna ƙarƙashinsu sunã mãsu dawwama a cikinsu. Allah Yã yarda da su, kuma sun yarda da Shi. Waɗannan ƙungiyar Allah ne. To, lalle ƙungiyar Allah sũ ne mãsu babban rabo."
    }
  ]
}