{
  "surah": 92,
  "hasBasmallah": false,
  "basmallah": "",
  "verses": [
    {
      "ayah": 1,
      "arabic": "وَٱلَّيْلِ إِذَا يَغْشَىٰ",
      "english": "By the night when it covers",
      "hausa": "Inã rantsuwa da dare a lõkacin da yake rufẽwa."
    },
    {
      "ayah": 2,
      "arabic": "وَٱلنَّهَارِ إِذَا تَجَلَّىٰ",
      "english": "And [by] the day when it appears",
      "hausa": "Da yini a lõkacin da yake kuranyẽwa."
    },
    {
      "ayah": 3,
      "arabic": "وَمَا خَلَقَ ٱلذَّكَرَ وَٱلْأُنثَىٰٓ",
      "english": "And [by] He who created the male and female,",
      "hausa": "Da abin da ya halitta namiji da mace."
    },
    {
      "ayah": 4,
      "arabic": "إِنَّ سَعْيَكُمْ لَشَتَّىٰ",
      "english": "Indeed, your efforts are diverse.",
      "hausa": "Lãlle ne ayyukanku, dabam-dabam suke."
    },
    {
      "ayah": 5,
      "arabic": "فَأَمَّا مَنْ أَعْطَىٰ وَٱتَّقَىٰ",
      "english": "As for he who gives and fears Allah",
      "hausa": "To, amma wanda ya yi kyauta, kuma ya yi taƙawa."
    },
    {
      "ayah": 6,
      "arabic": "وَصَدَّقَ بِٱلْحُسْنَىٰ",
      "english": "And believes in the best [reward],",
      "hausa": "Kuma ya gaskata kalma mai kyãwo."
    },
    {
      "ayah": 7,
      "arabic": "فَسَنُيَسِّرُهُۥ لِلْيُسْرَىٰ",
      "english": "We will ease him toward ease.",
      "hausa": "To, zã Mu sauƙaƙe masa har ya kai ga sauƙi."
    },
    {
      "ayah": 8,
      "arabic": "وَأَمَّا مَنۢ بَخِلَ وَٱسْتَغْنَىٰ",
      "english": "But as for he who withholds and considers himself free of need",
      "hausa": "Kuma amma wanda ya yi rõwa, kuma ya wadãtu da kansa."
    },
    {
      "ayah": 9,
      "arabic": "وَكَذَّبَ بِٱلْحُسْنَىٰ",
      "english": "And denies the best [reward],",
      "hausa": "Kuma ya ƙaryatar da kalma mai kyãwo."
    },
    {
      "ayah": 10,
      "arabic": "فَسَنُيَسِّرُهُۥ لِلْعُسْرَىٰ",
      "english": "We will ease him toward difficulty.",
      "hausa": "To, zã Mu sauƙaƙke masa har ya kai ga tsanani."
    },
    {
      "ayah": 11,
      "arabic": "وَمَا يُغْنِى عَنْهُ مَالُهُۥٓ إِذَا تَرَدَّىٰٓ",
      "english": "And what will his wealth avail him when he falls?",
      "hausa": "Kuma dũkiyarsa ba ta wadãtar masa da kõme ba, a lõkacin da ya gangara (a wuta)."
    },
    {
      "ayah": 12,
      "arabic": "إِنَّ عَلَيْنَا لَلْهُدَىٰ",
      "english": "Indeed, [incumbent] upon Us is guidance.",
      "hausa": "Lãlle aikinMu ne, Mu bayyana shiriya."
    },
    {
      "ayah": 13,
      "arabic": "وَإِنَّ لَنَا لَلْـَٔاخِرَةَ وَٱلْأُولَىٰ",
      "english": "And indeed, to Us belongs the Hereafter and the first [life].",
      "hausa": "Kuma lalle ne Lãhira da duniya Namu ne."
    },
    {
      "ayah": 14,
      "arabic": "فَأَنذَرْتُكُمْ نَارًا تَلَظَّىٰ",
      "english": "So I have warned you of a Fire which is blazing.",
      "hausa": "Sabõda haka, Na yi maku gargaɗi da wuta mai babbaka."
    },
    {
      "ayah": 15,
      "arabic": "لَا يَصْلَىٰهَآ إِلَّا ٱلْأَشْقَى",
      "english": "None will [enter to] burn therein except the most wretched one.",
      "hausa": "Bãbu mai shigarta sai mafi shaƙãwa."
    },
    {
      "ayah": 16,
      "arabic": "ٱلَّذِى كَذَّبَ وَتَوَلَّىٰ",
      "english": "Who had denied and turned away.",
      "hausa": "Wanda ya ƙaryata, kuma ya jũya bãya."
    },
    {
      "ayah": 17,
      "arabic": "وَسَيُجَنَّبُهَا ٱلْأَتْقَى",
      "english": "But the righteous one will avoid it -",
      "hausa": "Kuma mafi taƙawa zai nisance ta."
    },
    {
      "ayah": 18,
      "arabic": "ٱلَّذِى يُؤْتِى مَالَهُۥ يَتَزَكَّىٰ",
      "english": "[He] who gives [from] his wealth to purify himself",
      "hausa": "Wanda yake bãyar da dũkiyarsa, alhãli yana tsarkaka."
    },
    {
      "ayah": 19,
      "arabic": "وَمَا لِأَحَدٍ عِندَهُۥ مِن نِّعْمَةٍ تُجْزَىٰٓ",
      "english": "And not [giving] for anyone who has [done him] a favor to be rewarded",
      "hausa": "Alhãli bãbu wani mai wata ni'ima wurinsa wadda ake nẽman sakamakonta."
    },
    {
      "ayah": 20,
      "arabic": "إِلَّا ٱبْتِغَآءَ وَجْهِ رَبِّهِ ٱلْأَعْلَىٰ",
      "english": "But only seeking the countenance of his Lord, Most High.",
      "hausa": "Fãce dai nẽman yardar Ubangijinsa Mafi ɗaukaka."
    },
    {
      "ayah": 21,
      "arabic": "وَلَسَوْفَ يَرْضَىٰ",
      "english": "And he is going to be satisfied.",
      "hausa": "To, lalle ne zai yarda (da sakamakon da zã a bã shi)."
    }
  ]
}