{
  "surah": 59,
  "hasBasmallah": false,
  "basmallah": "",
  "verses": [
    {
      "ayah": 1,
      "arabic": "سَبَّحَ لِلَّهِ مَا فِى ٱلسَّمَـٰوَٰتِ وَمَا فِى ٱلْأَرْضِ ۖ وَهُوَ ٱلْعَزِيزُ ٱلْحَكِيمُ",
      "english": "Whatever is in the heavens and whatever is on the earth exalts Allah, and He is the Exalted in Might, the Wise.",
      "hausa": "Abin da ke cikin sammai da abin da ke cikin ƙasã ya yi tasbihi ga Allah, alhãli kuwa, Shĩ ne Mabuwãyi, Mai hikima."
    },
    {
      "ayah": 2,
      "arabic": "هُوَ ٱلَّذِىٓ أَخْرَجَ ٱلَّذِينَ كَفَرُوا۟ مِنْ أَهْلِ ٱلْكِتَـٰبِ مِن دِيَـٰرِهِمْ لِأَوَّلِ ٱلْحَشْرِ ۚ مَا ظَنَنتُمْ أَن يَخْرُجُوا۟ ۖ وَظَنُّوٓا۟ أَنَّهُم مَّانِعَتُهُمْ حُصُونُهُم مِّنَ ٱللَّهِ فَأَتَىٰهُمُ ٱللَّهُ مِنْ حَيْثُ لَمْ يَحْتَسِبُوا۟ ۖ وَقَذَفَ فِى قُلُوبِهِمُ ٱلرُّعْبَ ۚ يُخْرِبُونَ بُيُوتَهُم بِأَيْدِيهِمْ وَأَيْدِى ٱلْمُؤْمِنِينَ فَٱعْتَبِرُوا۟ يَـٰٓأُو۟لِى ٱلْأَبْصَـٰرِ",
      "english": "It is He who expelled the ones who disbelieved among the People of the Scripture from their homes at the first gathering. You did not think they would leave, and they thought that their fortresses would protect them from Allah; but [the decree of] Allah came upon them from where they had not expected, and He cast terror into their hearts [so] they destroyed their houses by their [own] hands and the hands of the believers. So take warning, O people of vision.",
      "hausa": "Shĩ ne wanda Ya fitar da waɗanda suka kãfirta daga Mazõwa Littãfi, daga gidãjẽnsu da kõra ta farko. Ba ku yi zaton sunã fita ba, kuma sun tabbata cẽwa gãnuwõwinsu mãsu tsare su ne daga Allah, sai Allah Ya jẽ musu daga wajen da ba su yi zato ba, kuma Ya jẽfa tsõro a cikin zukãtansu, sunã rushe gidãjensu da hannãyensu da kuma hannãyen mũminai. To, ku lũra fa, ya mãsu basĩrõri."
    },
    {
      "ayah": 3,
      "arabic": "وَلَوْلَآ أَن كَتَبَ ٱللَّهُ عَلَيْهِمُ ٱلْجَلَآءَ لَعَذَّبَهُمْ فِى ٱلدُّنْيَا ۖ وَلَهُمْ فِى ٱلْـَٔاخِرَةِ عَذَابُ ٱلنَّارِ",
      "english": "And if not that Allah had decreed for them evacuation, He would have punished them in [this] world, and for them in the Hereafter is the punishment of the Fire.",
      "hausa": "Kuma ba dõmin Allah Ya rubuta musu kõrar ba, dã Ya azabta su a cikin dũniya, kuma a Lãhira sunã da azãbar wutã."
    },
    {
      "ayah": 4,
      "arabic": "ذَٰلِكَ بِأَنَّهُمْ شَآقُّوا۟ ٱللَّهَ وَرَسُولَهُۥ ۖ وَمَن يُشَآقِّ ٱللَّهَ فَإِنَّ ٱللَّهَ شَدِيدُ ٱلْعِقَابِ",
      "english": "That is because they opposed Allah and His Messenger. And whoever opposes Allah - then indeed, Allah is severe in penalty.",
      "hausa": "Wannan dõmin lalle su, sun sãɓa wa Allah, da ManzonSa alhãli kuwa wanda ya sãɓa wa Allah, to, lalle Allah, Mai tsananin uƙũba ne."
    },
    {
      "ayah": 5,
      "arabic": "مَا قَطَعْتُم مِّن لِّينَةٍ أَوْ تَرَكْتُمُوهَا قَآئِمَةً عَلَىٰٓ أُصُولِهَا فَبِإِذْنِ ٱللَّهِ وَلِيُخْزِىَ ٱلْفَـٰسِقِينَ",
      "english": "Whatever you have cut down of [their] palm trees or left standing on their trunks - it was by permission of Allah and so He would disgrace the defiantly disobedient.",
      "hausa": "Abin da kuka sãre na dabĩniya, kõ kuka bar ta tsaye a kan asallanta, to da iznin Allah ne, kuma dõmin Ya wulãkanta fasiƙai,"
    },
    {
      "ayah": 6,
      "arabic": "وَمَآ أَفَآءَ ٱللَّهُ عَلَىٰ رَسُولِهِۦ مِنْهُمْ فَمَآ أَوْجَفْتُمْ عَلَيْهِ مِنْ خَيْلٍ وَلَا رِكَابٍ وَلَـٰكِنَّ ٱللَّهَ يُسَلِّطُ رُسُلَهُۥ عَلَىٰ مَن يَشَآءُ ۚ وَٱللَّهُ عَلَىٰ كُلِّ شَىْءٍ قَدِيرٌ",
      "english": "And what Allah restored [of property] to His Messenger from them - you did not spur for it [in an expedition] any horses or camels, but Allah gives His messengers power over whom He wills, and Allah is over all things competent.",
      "hausa": "Kuma abin da Allah Ya sanya ya zama ganĩma ga ManzonSa, daga gare su, to, ba ku yi hari a kansa da dawãki ko rãƙuma ba amma Allah ne Ya rinjãyar da ManzanninSa a kan wanda Yake so, kuma Allah Mai ĩkon yi ne a kan kõme."
    },
    {
      "ayah": 7,
      "arabic": "مَّآ أَفَآءَ ٱللَّهُ عَلَىٰ رَسُولِهِۦ مِنْ أَهْلِ ٱلْقُرَىٰ فَلِلَّهِ وَلِلرَّسُولِ وَلِذِى ٱلْقُرْبَىٰ وَٱلْيَتَـٰمَىٰ وَٱلْمَسَـٰكِينِ وَٱبْنِ ٱلسَّبِيلِ كَىْ لَا يَكُونَ دُولَةًۢ بَيْنَ ٱلْأَغْنِيَآءِ مِنكُمْ ۚ وَمَآ ءَاتَىٰكُمُ ٱلرَّسُولُ فَخُذُوهُ وَمَا نَهَىٰكُمْ عَنْهُ فَٱنتَهُوا۟ ۚ وَٱتَّقُوا۟ ٱللَّهَ ۖ إِنَّ ٱللَّهَ شَدِيدُ ٱلْعِقَابِ",
      "english": "And what Allah restored to His Messenger from the people of the towns - it is for Allah and for the Messenger and for [his] near relatives and orphans and the [stranded] traveler - so that it will not be a perpetual distribution among the rich from among you. And whatever the Messenger has given you - take; and what he has forbidden you - refrain from. And fear Allah; indeed, Allah is severe in penalty.",
      "hausa": "Abin da Allah Ya sanya shi ganĩma ga ManzonSa dagamutãnen ƙauyukan nan, to, na Allah ne, kuma na ManzonSa ne kuma na mãsu dangantaka da mãrayu da miskĩnai da ɗan hanya (matafiyi) ne dõmin kada ya kasance abin shãwãgi a tsakãnin mawadãta daga cikinku kuma abin da Manzo ya bã ku, to, ku kama shi, kuma abin da ya hane ku, to, ku bar shi. Kuma ku bi Allah da taƙawa. Lalle, Allah, Mai tsananin uƙũba ne."
    },
    {
      "ayah": 8,
      "arabic": "لِلْفُقَرَآءِ ٱلْمُهَـٰجِرِينَ ٱلَّذِينَ أُخْرِجُوا۟ مِن دِيَـٰرِهِمْ وَأَمْوَٰلِهِمْ يَبْتَغُونَ فَضْلًا مِّنَ ٱللَّهِ وَرِضْوَٰنًا وَيَنصُرُونَ ٱللَّهَ وَرَسُولَهُۥٓ ۚ أُو۟لَـٰٓئِكَ هُمُ ٱلصَّـٰدِقُونَ",
      "english": "For the poor emigrants who were expelled from their homes and their properties, seeking bounty from Allah and [His] approval and supporting Allah and His Messenger, [there is also a share]. Those are the truthful.",
      "hausa": "(Ku yi mãmãki) Ga matalauta mãsu hijira waɗanda aka fitar daga gidãjẽnsu da dũkiyõyinsu, sunã nẽman falala daga Allah da kuma yarda, kuma sunã taimakon Allah da ManzonSa! Waɗannan sũ ne mãsu gaskiya."
    },
    {
      "ayah": 9,
      "arabic": "وَٱلَّذِينَ تَبَوَّءُو ٱلدَّارَ وَٱلْإِيمَـٰنَ مِن قَبْلِهِمْ يُحِبُّونَ مَنْ هَاجَرَ إِلَيْهِمْ وَلَا يَجِدُونَ فِى صُدُورِهِمْ حَاجَةً مِّمَّآ أُوتُوا۟ وَيُؤْثِرُونَ عَلَىٰٓ أَنفُسِهِمْ وَلَوْ كَانَ بِهِمْ خَصَاصَةٌ ۚ وَمَن يُوقَ شُحَّ نَفْسِهِۦ فَأُو۟لَـٰٓئِكَ هُمُ ٱلْمُفْلِحُونَ",
      "english": "And [also for] those who were settled in al-Madinah and [adopted] the faith before them. They love those who emigrated to them and find not any want in their breasts of what the emigrants were given but give [them] preference over themselves, even though they are in privation. And whoever is protected from the stinginess of his soul - it is those who will be the successful.",
      "hausa": "Da waɗanda suka zaunar da gidãjensu (ga Musulunci) kuma (suka zãɓi) ĩmãni, a gabãnin zuwansu, sunã son wanda ya yi hijira zuwa gare su, kuma bã su tunãnin wata bukãta a cikin ƙirãzansu daga abin da aka bai wa muhãjirĩna, kuma sunã fĩfĩta waɗansu a kan kãwunansu, kuma ko dã sunã da wata larũra. Wanda ya sãɓã wa rõwar ransa, to, waɗannan sũ ne mãsu babban rabo."
    },
    {
      "ayah": 10,
      "arabic": "وَٱلَّذِينَ جَآءُو مِنۢ بَعْدِهِمْ يَقُولُونَ رَبَّنَا ٱغْفِرْ لَنَا وَلِإِخْوَٰنِنَا ٱلَّذِينَ سَبَقُونَا بِٱلْإِيمَـٰنِ وَلَا تَجْعَلْ فِى قُلُوبِنَا غِلًّا لِّلَّذِينَ ءَامَنُوا۟ رَبَّنَآ إِنَّكَ رَءُوفٌ رَّحِيمٌ",
      "english": "And [there is a share for] those who came after them, saying, \"Our Lord, forgive us and our brothers who preceded us in faith and put not in our hearts [any] resentment toward those who have believed. Our Lord, indeed You are Kind and Merciful.\"",
      "hausa": "Kuma waɗanda suka zõ daga bãyansu, sunã cẽwa, \"Yã Ubangijinmu! Ka yi gãfara a gare mu, kuma ga 'yan'uwanmu, waɗanda da suka riga mu yin ĩmãni, kada Ka sanya wani ƙulli a cikin zukãtanmu ga waɗanda suka yi ĩmãni. Yã Ubangijinmu! Lalle Kai ne Mai tausayi, Mai jin ƙai."
    },
    {
      "ayah": 11,
      "arabic": "أَلَمْ تَرَ إِلَى ٱلَّذِينَ نَافَقُوا۟ يَقُولُونَ لِإِخْوَٰنِهِمُ ٱلَّذِينَ كَفَرُوا۟ مِنْ أَهْلِ ٱلْكِتَـٰبِ لَئِنْ أُخْرِجْتُمْ لَنَخْرُجَنَّ مَعَكُمْ وَلَا نُطِيعُ فِيكُمْ أَحَدًا أَبَدًا وَإِن قُوتِلْتُمْ لَنَنصُرَنَّكُمْ وَٱللَّهُ يَشْهَدُ إِنَّهُمْ لَكَـٰذِبُونَ",
      "english": "Have you not considered those who practice hypocrisy, saying to their brothers who have disbelieved among the People of the Scripture, \"If you are expelled, we will surely leave with you, and we will not obey, in regard to you, anyone - ever; and if you are fought, we will surely aid you.\" But Allah testifies that they are liars.",
      "hausa": "Ashe, ba ka ga waɗanda suka yi munãfinci ba, sunã cẽwa ga 'yan'uwansu, waɗanda suka kãfirta daga Mazõwa Littafi, \"Lalle idan an fitar da ku, lalle zã mu fita tãre da ku, kuma bã zã mu yi ɗã'a ga kõwa ba game da ku, har abada, kuma lalle idan an yãƙe ku, lalle zã mu taimake ku haƙĩƙatan?\" Alhãli kuwa Allah na shaidar cẽwa lalle sũ tabbas, maƙaryata ne."
    },
    {
      "ayah": 12,
      "arabic": "لَئِنْ أُخْرِجُوا۟ لَا يَخْرُجُونَ مَعَهُمْ وَلَئِن قُوتِلُوا۟ لَا يَنصُرُونَهُمْ وَلَئِن نَّصَرُوهُمْ لَيُوَلُّنَّ ٱلْأَدْبَـٰرَ ثُمَّ لَا يُنصَرُونَ",
      "english": "If they are expelled, they will not leave with them, and if they are fought, they will not aid them. And [even] if they should aid them, they will surely turn their backs; then [thereafter] they will not be aided.",
      "hausa": "Lalle idan an fitar da su, bã zã su fita tãre da su ba kuma lalle idan an yãƙe su bã zã su taimake su ba, kuma lalle idan sun taimake su lalle ne, haƙĩƙatan, zã su jũyar da bãyansu dõmin gudu, sa'an nan kuma bã zã a taimake su ba."
    },
    {
      "ayah": 13,
      "arabic": "لَأَنتُمْ أَشَدُّ رَهْبَةً فِى صُدُورِهِم مِّنَ ٱللَّهِ ۚ ذَٰلِكَ بِأَنَّهُمْ قَوْمٌ لَّا يَفْقَهُونَ",
      "english": "You [believers] are more fearful within their breasts than Allah. That is because they are a people who do not understand.",
      "hausa": "Lalle kũ ne kuka fi bãyar da firgita a cikin zukãtansu bisa ga Allah, wannan kuwa dõmin sũ lalle waɗansu irin mutãne ne da bã su gãnẽwa."
    },
    {
      "ayah": 14,
      "arabic": "لَا يُقَـٰتِلُونَكُمْ جَمِيعًا إِلَّا فِى قُرًى مُّحَصَّنَةٍ أَوْ مِن وَرَآءِ جُدُرٍۭ ۚ بَأْسُهُم بَيْنَهُمْ شَدِيدٌ ۚ تَحْسَبُهُمْ جَمِيعًا وَقُلُوبُهُمْ شَتَّىٰ ۚ ذَٰلِكَ بِأَنَّهُمْ قَوْمٌ لَّا يَعْقِلُونَ",
      "english": "They will not fight you all except within fortified cities or from behind walls. Their violence among themselves is severe. You think they are together, but their hearts are diverse. That is because they are a people who do not reason.",
      "hausa": "Bã su iya yãƙar ku gabã ɗaya, fãce a cikin garũruwa mãsu gãnuwa da gãruna, kõ kuma daga bãyan katangu. Yãkinsu a tsãkaninsu mai tsanani ne, kanã zaton su a haɗe, alhãli kuwa zukãtansu dabam- dabam suke. Wannan kuwa dõmin sũ, lalle wasu irin mutane ne da bã su hankalta."
    },
    {
      "ayah": 15,
      "arabic": "كَمَثَلِ ٱلَّذِينَ مِن قَبْلِهِمْ قَرِيبًا ۖ ذَاقُوا۟ وَبَالَ أَمْرِهِمْ وَلَهُمْ عَذَابٌ أَلِيمٌ",
      "english": "[Theirs is] like the example of those shortly before them: they tasted the bad consequence of their affair, and they will have a painful punishment.",
      "hausa": "Kamar misãlin waɗanda ke a gabãninsu, bã da daɗẽwa ba, sun ɗanɗani kũɗar al'amarinsu, kuma sunã da wata azãba mai raRaɗi."
    },
    {
      "ayah": 16,
      "arabic": "كَمَثَلِ ٱلشَّيْطَـٰنِ إِذْ قَالَ لِلْإِنسَـٰنِ ٱكْفُرْ فَلَمَّا كَفَرَ قَالَ إِنِّى بَرِىٓءٌ مِّنكَ إِنِّىٓ أَخَافُ ٱللَّهَ رَبَّ ٱلْعَـٰلَمِينَ",
      "english": "[The hypocrites are] like the example of Satan when he says to man, \"Disbelieve.\" But when he disbelieves, he says, \"Indeed, I am disassociated from you. Indeed, I fear Allah, Lord of the worlds.\"",
      "hausa": "Kamar misãlin Shaiɗan a lõkacin da yake cẽ wa mutum, \"Ka kãfirta,\" To, a lõkacin da ya kãfirta ɗin, ya ce (masa): \"Lalle bãbu ruwãna da kai. Lalle ni inã tsõron Allah Ubangijin halitta!\""
    },
    {
      "ayah": 17,
      "arabic": "فَكَانَ عَـٰقِبَتَهُمَآ أَنَّهُمَا فِى ٱلنَّارِ خَـٰلِدَيْنِ فِيهَا ۚ وَذَٰلِكَ جَزَٰٓؤُا۟ ٱلظَّـٰلِمِينَ",
      "english": "So the outcome for both of them is that they will be in the Fire, abiding eternally therein. And that is the recompense of the wrong-doers.",
      "hausa": "Sai ãƙibarsu ta kasance cẽwa su biyun duka sunã a cikin wutã, sunã mãsu dawwama a cikinta. \"Kuma wannan shĩ ne sakamakon mãsu zãlunci.\""
    },
    {
      "ayah": 18,
      "arabic": "يَـٰٓأَيُّهَا ٱلَّذِينَ ءَامَنُوا۟ ٱتَّقُوا۟ ٱللَّهَ وَلْتَنظُرْ نَفْسٌ مَّا قَدَّمَتْ لِغَدٍ ۖ وَٱتَّقُوا۟ ٱللَّهَ ۚ إِنَّ ٱللَّهَ خَبِيرٌۢ بِمَا تَعْمَلُونَ",
      "english": "O you who have believed, fear Allah. And let every soul look to what it has put forth for tomorrow - and fear Allah. Indeed, Allah is Acquainted with what you do.",
      "hausa": "Yã kũ waɗanda suka yi ĩmãni! Ku bi Allah da taƙawa kuma rai ya dũbi abin da ya gabãtar dõmin gõbe, kuma ku bi Allah da taƙawa. lalle Allah, Mai ƙididdigewa ne ga abin da kuke aikatãwa."
    },
    {
      "ayah": 19,
      "arabic": "وَلَا تَكُونُوا۟ كَٱلَّذِينَ نَسُوا۟ ٱللَّهَ فَأَنسَىٰهُمْ أَنفُسَهُمْ ۚ أُو۟لَـٰٓئِكَ هُمُ ٱلْفَـٰسِقُونَ",
      "english": "And be not like those who forgot Allah, so He made them forget themselves. Those are the defiantly disobedient.",
      "hausa": "Kuma kada ku kasance kamar waɗanda suka manta Allah shi kuma Ya mantar da su rãyu, kansu. Waɗannan sũ ne fãsiƙai."
    },
    {
      "ayah": 20,
      "arabic": "لَا يَسْتَوِىٓ أَصْحَـٰبُ ٱلنَّارِ وَأَصْحَـٰبُ ٱلْجَنَّةِ ۚ أَصْحَـٰبُ ٱلْجَنَّةِ هُمُ ٱلْفَآئِزُونَ",
      "english": "Not equal are the companions of the Fire and the companions of Paradise. The companions of Paradise - they are the attainers [of success].",
      "hausa": "'Yan Wutã da 'yan Aljanna bã su daidaita. 'Yan Aljanna, sũ ne mãsu babban rabo."
    },
    {
      "ayah": 21,
      "arabic": "لَوْ أَنزَلْنَا هَـٰذَا ٱلْقُرْءَانَ عَلَىٰ جَبَلٍ لَّرَأَيْتَهُۥ خَـٰشِعًا مُّتَصَدِّعًا مِّنْ خَشْيَةِ ٱللَّهِ ۚ وَتِلْكَ ٱلْأَمْثَـٰلُ نَضْرِبُهَا لِلنَّاسِ لَعَلَّهُمْ يَتَفَكَّرُونَ",
      "english": "If We had sent down this Qur'an upon a mountain, you would have seen it humbled and coming apart from fear of Allah. And these examples We present to the people that perhaps they will give thought.",
      "hausa": "Dã Mun saukar da wannan Alƙur'ani a kan dũtse, dã lalle kã ga dũtsen yanã mai tawãli'u, mai tsattsãgẽwa sabõda tsõron Allah, kuma waɗancan misãlai Munã bayyana su ne ga mutãne, da fatan za su yi tunãni."
    },
    {
      "ayah": 22,
      "arabic": "هُوَ ٱللَّهُ ٱلَّذِى لَآ إِلَـٰهَ إِلَّا هُوَ ۖ عَـٰلِمُ ٱلْغَيْبِ وَٱلشَّهَـٰدَةِ ۖ هُوَ ٱلرَّحْمَـٰنُ ٱلرَّحِيمُ",
      "english": "He is Allah, other than whom there is no deity, Knower of the unseen and the witnessed. He is the Entirely Merciful, the Especially Merciful.",
      "hausa": "(Wanda Ya saukar da Alƙur'ani) Shi ne Allah, wanda bãbu wani abin bautãwa fãce Shi Masanin fake da bayyane, Shĩ ne Mai rahama, Mai jin ƙai."
    },
    {
      "ayah": 23,
      "arabic": "هُوَ ٱللَّهُ ٱلَّذِى لَآ إِلَـٰهَ إِلَّا هُوَ ٱلْمَلِكُ ٱلْقُدُّوسُ ٱلسَّلَـٰمُ ٱلْمُؤْمِنُ ٱلْمُهَيْمِنُ ٱلْعَزِيزُ ٱلْجَبَّارُ ٱلْمُتَكَبِّرُ ۚ سُبْحَـٰنَ ٱللَّهِ عَمَّا يُشْرِكُونَ",
      "english": "He is Allah, other than whom there is no deity, the Sovereign, the Pure, the Perfection, the Bestower of Faith, the Overseer, the Exalted in Might, the Compeller, the Superior. Exalted is Allah above whatever they associate with Him.",
      "hausa": "Shĩ ne Allah, wanda bãbu abin bautãwa fãce shi, Mai mulki, Mai tsarki, Aminci, Mai amintarwa, Mai Tsarẽwa, Mabuwãyi, Mai t஛astãwa Mai nuna isa, tsarki ya tabbata a gare Shi daga abin da suke yi na shirki da Shi."
    },
    {
      "ayah": 24,
      "arabic": "هُوَ ٱللَّهُ ٱلْخَـٰلِقُ ٱلْبَارِئُ ٱلْمُصَوِّرُ ۖ لَهُ ٱلْأَسْمَآءُ ٱلْحُسْنَىٰ ۚ يُسَبِّحُ لَهُۥ مَا فِى ٱلسَّمَـٰوَٰتِ وَٱلْأَرْضِ ۖ وَهُوَ ٱلْعَزِيزُ ٱلْحَكِيمُ",
      "english": "He is Allah, the Creator, the Inventor, the Fashioner; to Him belong the best names. Whatever is in the heavens and earth is exalting Him. And He is the Exalted in Might, the Wise.",
      "hausa": "Shĩ ne Allah, Mai halitta, Mai ginãwa, Mai sũrantãwa. Yanã da sũnãye mãsu kyau, abin da ke a cikin sammai da ƙasa sunã tsarkake Shi, kuma Shĩ ne Mabuwãyi, Mai hikima."
    }
  ]
}