{
  "surah": 26,
  "hasBasmallah": false,
  "basmallah": "",
  "verses": [
    {
      "ayah": 1,
      "arabic": "طسٓمٓ",
      "english": "Ta, Seen, Meem.",
      "hausa": "¦. S̃. M̃."
    },
    {
      "ayah": 2,
      "arabic": "تِلْكَ ءَايَـٰتُ ٱلْكِتَـٰبِ ٱلْمُبِينِ",
      "english": "These are the verses of the clear Book.",
      "hausa": "Waɗancan ãyõyin Littãfi ne bayyananne."
    },
    {
      "ayah": 3,
      "arabic": "لَعَلَّكَ بَـٰخِعٌ نَّفْسَكَ أَلَّا يَكُونُوا۟ مُؤْمِنِينَ",
      "english": "Perhaps, [O Muhammad], you would kill yourself with grief that they will not be believers.",
      "hausa": "Tsammãninka kai mai halakar da ranka ne, dõmin ba su kasance mũminai ba!"
    },
    {
      "ayah": 4,
      "arabic": "إِن نَّشَأْ نُنَزِّلْ عَلَيْهِم مِّنَ ٱلسَّمَآءِ ءَايَةً فَظَلَّتْ أَعْنَـٰقُهُمْ لَهَا خَـٰضِعِينَ",
      "english": "If We willed, We could send down to them from the sky a sign for which their necks would remain humbled.",
      "hausa": "Idan Mun so zã Mu saukar, a kansu, da wata ãyã daga sama, sai wuyõyinsu su yini sabõda ita sunã mãsu ƙasƙantar da kai."
    },
    {
      "ayah": 5,
      "arabic": "وَمَا يَأْتِيهِم مِّن ذِكْرٍ مِّنَ ٱلرَّحْمَـٰنِ مُحْدَثٍ إِلَّا كَانُوا۟ عَنْهُ مُعْرِضِينَ",
      "english": "And no revelation comes to them anew from the Most Merciful except that they turn away from it.",
      "hausa": "Kuma wata tunãtarwa ba ta jẽ musu ba, daga Mai rahama, sãbuwa, fãce sun kasance daga barinta sunã mãsu bijirẽwa."
    },
    {
      "ayah": 6,
      "arabic": "فَقَدْ كَذَّبُوا۟ فَسَيَأْتِيهِمْ أَنۢبَـٰٓؤُا۟ مَا كَانُوا۟ بِهِۦ يَسْتَهْزِءُونَ",
      "english": "For they have already denied, but there will come to them the news of that which they used to ridicule.",
      "hausa": "To, lalle ne, sun ƙaryata, to, lãbãran abin da suka kasance sunã yi na izgili da shi zã ya je musu."
    },
    {
      "ayah": 7,
      "arabic": "أَوَلَمْ يَرَوْا۟ إِلَى ٱلْأَرْضِ كَمْ أَنۢبَتْنَا فِيهَا مِن كُلِّ زَوْجٍ كَرِيمٍ",
      "english": "Did they not look at the earth - how much We have produced therein from every noble kind?",
      "hausa": "Shin, ba su dũba ba zuwa ga ƙasa, da yawa Muka tsirar a cikinta, daga dukan nau'i mai kyau?"
    },
    {
      "ayah": 8,
      "arabic": "إِنَّ فِى ذَٰلِكَ لَـَٔايَةً ۖ وَمَا كَانَ أَكْثَرُهُم مُّؤْمِنِينَ",
      "english": "Indeed in that is a sign, but most of them were not to be believers.",
      "hausa": "Lalle ne, a cikin wancan akwai ãyã, kuma mafi yawansu ba su kasance mũminai ba."
    },
    {
      "ayah": 9,
      "arabic": "وَإِنَّ رَبَّكَ لَهُوَ ٱلْعَزِيزُ ٱلرَّحِيمُ",
      "english": "And indeed, your Lord - He is the Exalted in Might, the Merciful.",
      "hausa": "Kuma lalle ne, Ubangijinka, haƙĩƙa, Shĩ ne Mabuwãyi, Mai rahama."
    },
    {
      "ayah": 10,
      "arabic": "وَإِذْ نَادَىٰ رَبُّكَ مُوسَىٰٓ أَنِ ٱئْتِ ٱلْقَوْمَ ٱلظَّـٰلِمِينَ",
      "english": "And [mention] when your Lord called Moses, [saying], \"Go to the wrongdoing people -",
      "hausa": "Kuma a lõkacin da Ubangijinka Ya kirãyi Mũsã, \"Ka je wa mutãnen nan azzãlumai."
    },
    {
      "ayah": 11,
      "arabic": "قَوْمَ فِرْعَوْنَ ۚ أَلَا يَتَّقُونَ",
      "english": "The people of Pharaoh. Will they not fear Allah?\"",
      "hausa": "\"Mutãnen Fir'auna bã zã su yi taƙawa ba?\""
    },
    {
      "ayah": 12,
      "arabic": "قَالَ رَبِّ إِنِّىٓ أَخَافُ أَن يُكَذِّبُونِ",
      "english": "He said, \"My Lord, indeed I fear that they will deny me",
      "hausa": "Ya ce: \"Ya Ubangijĩna, nĩ inã tsõron su ƙaryata ni."
    },
    {
      "ayah": 13,
      "arabic": "وَيَضِيقُ صَدْرِى وَلَا يَنطَلِقُ لِسَانِى فَأَرْسِلْ إِلَىٰ هَـٰرُونَ",
      "english": "And that my breast will tighten and my tongue will not be fluent, so send for Aaron.",
      "hausa": "\"Kuma ƙirjĩna ya yi ƙunci kuma harshẽna bã zai saku ba sabõda haka ka aika zuwa ga Harũna."
    },
    {
      "ayah": 14,
      "arabic": "وَلَهُمْ عَلَىَّ ذَنۢبٌ فَأَخَافُ أَن يَقْتُلُونِ",
      "english": "And they have upon me a [claim due to] sin, so I fear that they will kill me.\"",
      "hausa": "\"Kuma sunã da wani laifi a kaina, sabõda haka inã tsõron kada su kashe ni.\""
    },
    {
      "ayah": 15,
      "arabic": "قَالَ كَلَّا ۖ فَٱذْهَبَا بِـَٔايَـٰتِنَآ ۖ إِنَّا مَعَكُم مُّسْتَمِعُونَ",
      "english": "[Allah] said, \"No. Go both of you with Our signs; indeed, We are with you, listening.",
      "hausa": "Ya ce: \"Kayya! Ku tafi, kũ biyu, da ÃyõyinMu. Lalle ne, Munã tãre da ku Munã Mãsu saurãre.\""
    },
    {
      "ayah": 16,
      "arabic": "فَأْتِيَا فِرْعَوْنَ فَقُولَآ إِنَّا رَسُولُ رَبِّ ٱلْعَـٰلَمِينَ",
      "english": "Go to Pharaoh and say, 'We are the messengers of the Lord of the worlds,",
      "hausa": "\"Sai ku je wa Fir'auna, sa'an nan ku ce, Lalle ne, mu, Manzannin Ubangijin halitta ne.\""
    },
    {
      "ayah": 17,
      "arabic": "أَنْ أَرْسِلْ مَعَنَا بَنِىٓ إِسْرَٰٓءِيلَ",
      "english": "[Commanded to say], \"Send with us the Children of Israel.\"'\"",
      "hausa": "\"Ka saki Banĩ Isrã'ila tãre da mu.\""
    },
    {
      "ayah": 18,
      "arabic": "قَالَ أَلَمْ نُرَبِّكَ فِينَا وَلِيدًا وَلَبِثْتَ فِينَا مِنْ عُمُرِكَ سِنِينَ",
      "english": "[Pharaoh] said, \"Did we not raise you among us as a child, and you remained among us for years of your life?",
      "hausa": "Ya ce: \"Shin, ba mu yi rẽnonka ba a cikinmu kanã jãrĩri, kuma ka zauna a cikinmu shẽkarudaga lõkacin rãyuwarka?\""
    },
    {
      "ayah": 19,
      "arabic": "وَفَعَلْتَ فَعْلَتَكَ ٱلَّتِى فَعَلْتَ وَأَنتَ مِنَ ٱلْكَـٰفِرِينَ",
      "english": "And [then] you did your deed which you did, and you were of the ungrateful.\"",
      "hausa": "\"Kuma ka aikata aikinka wanda ka aikata alhãli kai kanã daga butulai?\""
    },
    {
      "ayah": 20,
      "arabic": "قَالَ فَعَلْتُهَآ إِذًا وَأَنَا۠ مِنَ ٱلضَّآلِّينَ",
      "english": "[Moses] said, \"I did it, then, while I was of those astray.",
      "hausa": "Ya ce: \"Na aikata shi a lõkacin inã daga mãsu jãhilcin hushi.\""
    },
    {
      "ayah": 21,
      "arabic": "فَفَرَرْتُ مِنكُمْ لَمَّا خِفْتُكُمْ فَوَهَبَ لِى رَبِّى حُكْمًا وَجَعَلَنِى مِنَ ٱلْمُرْسَلِينَ",
      "english": "So I fled from you when I feared you. Then my Lord granted me wisdom and prophethood and appointed me [as one] of the messengers.",
      "hausa": "\"Sabõda haka na gudu daga gãre ku a lõkacin da na ji tsõronku, sai Ubangijĩna Ya bã ni hukunci, kuma Ya sanya ni daga Manzanni.\""
    },
    {
      "ayah": 22,
      "arabic": "وَتِلْكَ نِعْمَةٌ تَمُنُّهَا عَلَىَّ أَنْ عَبَّدتَّ بَنِىٓ إِسْرَٰٓءِيلَ",
      "english": "And is this a favor of which you remind me - that you have enslaved the Children of Israel?\"",
      "hausa": "\"Kuma waccan ni'ima ce, kanã gõrint a kaina, dõmin kã bautar da Banĩ Isrã'ĩla.\""
    },
    {
      "ayah": 23,
      "arabic": "قَالَ فِرْعَوْنُ وَمَا رَبُّ ٱلْعَـٰلَمِينَ",
      "english": "Said Pharaoh, \"And what is the Lord of the worlds?\"",
      "hausa": "Fir'auna ya ce: \"Kuma mene ne Ubangijin halittu?\""
    },
    {
      "ayah": 24,
      "arabic": "قَالَ رَبُّ ٱلسَّمَـٰوَٰتِ وَٱلْأَرْضِ وَمَا بَيْنَهُمَآ ۖ إِن كُنتُم مُّوقِنِينَ",
      "english": "[Moses] said, \"The Lord of the heavens and earth and that between them, if you should be convinced.\"",
      "hausa": "Ya ce: \"Ubangijin sammai da ƙasa da abin da yake a tsakãninsu, idan kun kasance mãsu ƙarfin ĩmãni.\""
    },
    {
      "ayah": 25,
      "arabic": "قَالَ لِمَنْ حَوْلَهُۥٓ أَلَا تَسْتَمِعُونَ",
      "english": "[Pharaoh] said to those around him, \"Do you not hear?\"",
      "hausa": "Ya ce wa waɗanda suke a gẽfensa, \"Bã za ku saurãra ba?\""
    },
    {
      "ayah": 26,
      "arabic": "قَالَ رَبُّكُمْ وَرَبُّ ءَابَآئِكُمُ ٱلْأَوَّلِينَ",
      "english": "[Moses] said, \"Your Lord and the Lord of your first forefathers.\"",
      "hausa": "Ya ce: \"Ubangijinku, kuma Ubangijin ubanninku na farko.\""
    },
    {
      "ayah": 27,
      "arabic": "قَالَ إِنَّ رَسُولَكُمُ ٱلَّذِىٓ أُرْسِلَ إِلَيْكُمْ لَمَجْنُونٌ",
      "english": "[Pharaoh] said, \"Indeed, your 'messenger' who has been sent to you is mad.\"",
      "hausa": "Ya ce: \"Lalle ne Manzonku, wanda aka aiko zuwa gare ku, haƙi ƙa, mahaukaci ne.\""
    },
    {
      "ayah": 28,
      "arabic": "قَالَ رَبُّ ٱلْمَشْرِقِ وَٱلْمَغْرِبِ وَمَا بَيْنَهُمَآ ۖ إِن كُنتُمْ تَعْقِلُونَ",
      "english": "[Moses] said, \"Lord of the east and the west and that between them, if you were to reason.\"",
      "hausa": "Ya ce: \"Ubangijin mafitar rãnã da maɓũyarta da abin dayake a tsakaninsu, idan kun kasance kunã hankalta.\""
    },
    {
      "ayah": 29,
      "arabic": "قَالَ لَئِنِ ٱتَّخَذْتَ إِلَـٰهًا غَيْرِى لَأَجْعَلَنَّكَ مِنَ ٱلْمَسْجُونِينَ",
      "english": "[Pharaoh] said, \"If you take a god other than me, I will surely place you among those imprisoned.\"",
      "hausa": "Ya ce: \"Lalle ne idan ka riƙi wani abin bautãwa wanĩna haƙĩƙa, inã sanyã ka daga ɗaurarru.\""
    },
    {
      "ayah": 30,
      "arabic": "قَالَ أَوَلَوْ جِئْتُكَ بِشَىْءٍ مُّبِينٍ",
      "english": "[Moses] said, \"Even if I brought you proof manifest?\"",
      "hausa": "Ya ce: \"Ashe, kuma kõ dã nã zõ maka da wani, abu mai bayyanãwa?\""
    },
    {
      "ayah": 31,
      "arabic": "قَالَ فَأْتِ بِهِۦٓ إِن كُنتَ مِنَ ٱلصَّـٰدِقِينَ",
      "english": "[Pharaoh] said, \"Then bring it, if you should be of the truthful.\"",
      "hausa": "Ya ce: \"To, ka zõ da shi idan ka kasance daga, mãsu gaskiya.\""
    },
    {
      "ayah": 32,
      "arabic": "فَأَلْقَىٰ عَصَاهُ فَإِذَا هِىَ ثُعْبَانٌ مُّبِينٌ",
      "english": "So [Moses] threw his staff, and suddenly it was a serpent manifest.",
      "hausa": "Sai ya jẽfa sandarsa, sai ga ta kumurci bayyananne."
    },
    {
      "ayah": 33,
      "arabic": "وَنَزَعَ يَدَهُۥ فَإِذَا هِىَ بَيْضَآءُ لِلنَّـٰظِرِينَ",
      "english": "And he drew out his hand; thereupon it was white for the observers.",
      "hausa": "Kuma ya fizge hannunsa, sai ga shi fari ga mãsu kallo."
    },
    {
      "ayah": 34,
      "arabic": "قَالَ لِلْمَلَإِ حَوْلَهُۥٓ إِنَّ هَـٰذَا لَسَـٰحِرٌ عَلِيمٌ",
      "english": "[Pharaoh] said to the eminent ones around him, \"Indeed, this is a learned magician.",
      "hausa": "(Fir'auna) ya ce ga mashãwarta a gẽfensa, \"Lalle ne, wannan haƙĩƙa, masihirci ne, mai ilmi!"
    },
    {
      "ayah": 35,
      "arabic": "يُرِيدُ أَن يُخْرِجَكُم مِّنْ أَرْضِكُم بِسِحْرِهِۦ فَمَاذَا تَأْمُرُونَ",
      "english": "He wants to drive you out of your land by his magic, so what do you advise?\"",
      "hausa": "\"Yanã son ya fitar da ku daga ƙasarku game da sihirinSa. To mẽne ne kuke shãwartãwa?\""
    },
    {
      "ayah": 36,
      "arabic": "قَالُوٓا۟ أَرْجِهْ وَأَخَاهُ وَٱبْعَثْ فِى ٱلْمَدَآئِنِ حَـٰشِرِينَ",
      "english": "They said, \"Postpone [the matter of] him and his brother and send among the cities gatherers",
      "hausa": "Suka ce: \"Ka jinkirtar da shi, shĩ da ɗan'uwansa, kuma ka aika mãsu gayya a cikin birãne.\""
    },
    {
      "ayah": 37,
      "arabic": "يَأْتُوكَ بِكُلِّ سَحَّارٍ عَلِيمٍ",
      "english": "Who will bring you every learned, skilled magician.\"",
      "hausa": "\"Zã su zõ maka da dukkan mai yawan sihiri masani.\""
    },
    {
      "ayah": 38,
      "arabic": "فَجُمِعَ ٱلسَّحَرَةُ لِمِيقَـٰتِ يَوْمٍ مَّعْلُومٍ",
      "english": "So the magicians were assembled for the appointment of a well-known day.",
      "hausa": "Sai aka tãra masihirta dõmin ajalin yini sananne."
    },
    {
      "ayah": 39,
      "arabic": "وَقِيلَ لِلنَّاسِ هَلْ أَنتُم مُّجْتَمِعُونَ",
      "english": "And it was said to the people, \"Will you congregate",
      "hausa": "Kuma aka ce wa mutãne \"Kõ kũ mãsu tãruwã ne?"
    },
    {
      "ayah": 40,
      "arabic": "لَعَلَّنَا نَتَّبِعُ ٱلسَّحَرَةَ إِن كَانُوا۟ هُمُ ٱلْغَـٰلِبِينَ",
      "english": "That we might follow the magicians if they are the predominant?\"",
      "hausa": "\"Tsammãninmu mu bi masihirta, idan sun kasance sũ ne marinjãya.\""
    },
    {
      "ayah": 41,
      "arabic": "فَلَمَّا جَآءَ ٱلسَّحَرَةُ قَالُوا۟ لِفِرْعَوْنَ أَئِنَّ لَنَا لَأَجْرًا إِن كُنَّا نَحْنُ ٱلْغَـٰلِبِينَ",
      "english": "And when the magicians arrived, they said to Pharaoh, \"Is there indeed for us a reward if we are the predominant?\"",
      "hausa": "To, a lõkacin da masihirta suka jẽ suka ce wa Fir'auna,\"Shin, lalle ne, haƙĩƙa munã da ijãra idan mun kasance mũ ne marinjãya?\""
    },
    {
      "ayah": 42,
      "arabic": "قَالَ نَعَمْ وَإِنَّكُمْ إِذًا لَّمِنَ ٱلْمُقَرَّبِينَ",
      "english": "He said, \"Yes, and indeed, you will then be of those near [to me].\"",
      "hausa": "Ya ce: \"Na'am! Kuma lalle ne, kũ ne a lõkacin haƙĩƙa muƙarrabai.\""
    },
    {
      "ayah": 43,
      "arabic": "قَالَ لَهُم مُّوسَىٰٓ أَلْقُوا۟ مَآ أَنتُم مُّلْقُونَ",
      "english": "Moses said to them, \"Throw whatever you will throw.\"",
      "hausa": "Mũsã ya ce musu, \"Ku jẽfa abin da kuke mãsu jẽfãwa.\""
    },
    {
      "ayah": 44,
      "arabic": "فَأَلْقَوْا۟ حِبَالَهُمْ وَعِصِيَّهُمْ وَقَالُوا۟ بِعِزَّةِ فِرْعَوْنَ إِنَّا لَنَحْنُ ٱلْغَـٰلِبُونَ",
      "english": "So they threw their ropes and their staffs and said, \"By the might of Pharaoh, indeed it is we who are predominant.\"",
      "hausa": "Sai suka jẽfa igiyõyinsu, da sandunansu, kuma suka ce: \"Da ƙarfin Fir'auna lalle ne mũ, haƙĩƙa, mũ ne marinjãya.\""
    },
    {
      "ayah": 45,
      "arabic": "فَأَلْقَىٰ مُوسَىٰ عَصَاهُ فَإِذَا هِىَ تَلْقَفُ مَا يَأْفِكُونَ",
      "english": "Then Moses threw his staff, and at once it devoured what they falsified.",
      "hausa": "Sai Mũsa ya jẽfa sandarsa, sai ga ta tanã harhaɗe abin da suke yi na ƙarya."
    },
    {
      "ayah": 46,
      "arabic": "فَأُلْقِىَ ٱلسَّحَرَةُ سَـٰجِدِينَ",
      "english": "So the magicians fell down in prostration [to Allah].",
      "hausa": "Sai aka jẽfar da masihirta sunã mãsu sujada."
    },
    {
      "ayah": 47,
      "arabic": "قَالُوٓا۟ ءَامَنَّا بِرَبِّ ٱلْعَـٰلَمِينَ",
      "english": "They said, \"We have believed in the Lord of the worlds,",
      "hausa": "Suka ce: \"Mun yi ĩmãni da Ubangijin halitta.\""
    },
    {
      "ayah": 48,
      "arabic": "رَبِّ مُوسَىٰ وَهَـٰرُونَ",
      "english": "The Lord of Moses and Aaron.\"",
      "hausa": "\"Ubangijin Mũsa da Hãrũna.\""
    },
    {
      "ayah": 49,
      "arabic": "قَالَ ءَامَنتُمْ لَهُۥ قَبْلَ أَنْ ءَاذَنَ لَكُمْ ۖ إِنَّهُۥ لَكَبِيرُكُمُ ٱلَّذِى عَلَّمَكُمُ ٱلسِّحْرَ فَلَسَوْفَ تَعْلَمُونَ ۚ لَأُقَطِّعَنَّ أَيْدِيَكُمْ وَأَرْجُلَكُم مِّنْ خِلَـٰفٍ وَلَأُصَلِّبَنَّكُمْ أَجْمَعِينَ",
      "english": "[Pharaoh] said, \"You believed Moses before I gave you permission. Indeed, he is your leader who has taught you magic, but you are going to know. I will surely cut off your hands and your feet on opposite sides, and I will surely crucify you all.\"",
      "hausa": "Ya ce: \"Ashe, kun yi ĩmãni sabõda shĩ, a gabãnin in yi muku izni? Lalle ne shi, haƙĩƙa babbanku ne wanda ya kõya muku sihirin, to, zã ku sani. Lalle ne haƙĩƙa, zan kakkãtse hannuwanku da kafãfunku a tarnaƙi, kuma haƙĩƙa, zan tsĩrẽ ku gabã ɗaya.\""
    },
    {
      "ayah": 50,
      "arabic": "قَالُوا۟ لَا ضَيْرَ ۖ إِنَّآ إِلَىٰ رَبِّنَا مُنقَلِبُونَ",
      "english": "They said, \"No harm. Indeed, to our Lord we will return.",
      "hausa": "Suka ce: \"Bãbu wata cũta! Lalle ne mũ mãsu jũyãwa ne zuwa ga Ubangijinmu.\""
    },
    {
      "ayah": 51,
      "arabic": "إِنَّا نَطْمَعُ أَن يَغْفِرَ لَنَا رَبُّنَا خَطَـٰيَـٰنَآ أَن كُنَّآ أَوَّلَ ٱلْمُؤْمِنِينَ",
      "english": "Indeed, we aspire that our Lord will forgive us our sins because we were the first of the believers.\"",
      "hausa": "\"Lalle ne mu munã kwaɗayin Ubangijinmu, Ya gãfarta mana kurakuranmu dõmin mun kasance farkon mãsu ĩmãni.\""
    },
    {
      "ayah": 52,
      "arabic": "وَأَوْحَيْنَآ إِلَىٰ مُوسَىٰٓ أَنْ أَسْرِ بِعِبَادِىٓ إِنَّكُم مُّتَّبَعُونَ",
      "english": "And We inspired to Moses, \"Travel by night with My servants; indeed, you will be pursued.\"",
      "hausa": "Kuma Muka aika zuwa ga Mũsã cẽwa ka yi tafiyar dare da bãyiNa, lalle ne kũ waɗanda ake biyã ne."
    },
    {
      "ayah": 53,
      "arabic": "فَأَرْسَلَ فِرْعَوْنُ فِى ٱلْمَدَآئِنِ حَـٰشِرِينَ",
      "english": "Then Pharaoh sent among the cities gatherers",
      "hausa": "Sai Fir'auna ya aika mãsu gayya a cikin birãne."
    },
    {
      "ayah": 54,
      "arabic": "إِنَّ هَـٰٓؤُلَآءِ لَشِرْذِمَةٌ قَلِيلُونَ",
      "english": "[And said], \"Indeed, those are but a small band,",
      "hausa": "\"Lalle ne, waɗannan, haƙĩƙa, ƙungiya ce kaɗan.\""
    },
    {
      "ayah": 55,
      "arabic": "وَإِنَّهُمْ لَنَا لَغَآئِظُونَ",
      "english": "And indeed, they are enraging us,",
      "hausa": "\"Kuma lalle ne sũ, a gare Mu, Mãsu fusãtarwa ne.\""
    },
    {
      "ayah": 56,
      "arabic": "وَإِنَّا لَجَمِيعٌ حَـٰذِرُونَ",
      "english": "And indeed, we are a cautious society... \"",
      "hausa": "\"Kuma lalle ne mũ haƙĩƙa gabã ɗaya mãsu sauna ne.\""
    },
    {
      "ayah": 57,
      "arabic": "فَأَخْرَجْنَـٰهُم مِّن جَنَّـٰتٍ وَعُيُونٍ",
      "english": "So We removed them from gardens and springs",
      "hausa": "Sai Muka fitar da su daga gonaki da marẽmari."
    },
    {
      "ayah": 58,
      "arabic": "وَكُنُوزٍ وَمَقَامٍ كَرِيمٍ",
      "english": "And treasures and honorable station -",
      "hausa": "Da taskõki da mazauni mai kyau."
    },
    {
      "ayah": 59,
      "arabic": "كَذَٰلِكَ وَأَوْرَثْنَـٰهَا بَنِىٓ إِسْرَٰٓءِيلَ",
      "english": "Thus. And We caused to inherit it the Children of Israel.",
      "hausa": "Kamar haka! Kuma Muka gãdar da su ga Banĩ Isrãĩla."
    },
    {
      "ayah": 60,
      "arabic": "فَأَتْبَعُوهُم مُّشْرِقِينَ",
      "english": "So they pursued them at sunrise.",
      "hausa": "Sai suka bĩ su sunã mãsu fita a lõkacin hũdõwar rãnã."
    },
    {
      "ayah": 61,
      "arabic": "فَلَمَّا تَرَٰٓءَا ٱلْجَمْعَانِ قَالَ أَصْحَـٰبُ مُوسَىٰٓ إِنَّا لَمُدْرَكُونَ",
      "english": "And when the two companies saw one another, the companions of Moses said, \"Indeed, we are to be overtaken!\"",
      "hausa": "Sa'an nan a lõkacin da jama'a biyu suka ga jũna, sai abõkan Mũsã suka ce: \"Lalle ne mũ haƙĩ ƙa, waɗanda ake riska ne.\""
    },
    {
      "ayah": 62,
      "arabic": "قَالَ كَلَّآ ۖ إِنَّ مَعِىَ رَبِّى سَيَهْدِينِ",
      "english": "[Moses] said, \"No! Indeed, with me is my Lord; He will guide me.\"",
      "hausa": "Ya ce: \"Kayya! Lalle ne Ubangijina Yanã tare da ni, zai shiryar da ni.\""
    },
    {
      "ayah": 63,
      "arabic": "فَأَوْحَيْنَآ إِلَىٰ مُوسَىٰٓ أَنِ ٱضْرِب بِّعَصَاكَ ٱلْبَحْرَ ۖ فَٱنفَلَقَ فَكَانَ كُلُّ فِرْقٍ كَٱلطَّوْدِ ٱلْعَظِيمِ",
      "english": "Then We inspired to Moses, \"Strike with your staff the sea,\" and it parted, and each portion was like a great towering mountain.",
      "hausa": "Sai Muka yi wahayi zuwa ga Mũsã cẽwa \"Ka dõki tẽku da sandarka.\" Sai tẽku ta tsãge, kõwane tsãgi ya kasance kamar falalen dũtse mai girma."
    },
    {
      "ayah": 64,
      "arabic": "وَأَزْلَفْنَا ثَمَّ ٱلْـَٔاخَرِينَ",
      "english": "And We advanced thereto the pursuers.",
      "hausa": "Kuma Muka kusantar da waɗansu mutãne a can."
    },
    {
      "ayah": 65,
      "arabic": "وَأَنجَيْنَا مُوسَىٰ وَمَن مَّعَهُۥٓ أَجْمَعِينَ",
      "english": "And We saved Moses and those with him, all together.",
      "hausa": "Kuma Muka tsĩrar da Mũsã da waɗanda suke tãre da shi gabã ɗaya."
    },
    {
      "ayah": 66,
      "arabic": "ثُمَّ أَغْرَقْنَا ٱلْـَٔاخَرِينَ",
      "english": "Then We drowned the others.",
      "hausa": "Sa'an nan kuma Muka nutsar da waɗansu mutãnen."
    },
    {
      "ayah": 67,
      "arabic": "إِنَّ فِى ذَٰلِكَ لَـَٔايَةً ۖ وَمَا كَانَ أَكْثَرُهُم مُّؤْمِنِينَ",
      "english": "Indeed in that is a sign, but most of them were not to be believers.",
      "hausa": "Lalle ne a cikin wannan akwai ãyã, kuma mafi yawansu ba su kasance mãsu ĩmãni ba."
    },
    {
      "ayah": 68,
      "arabic": "وَإِنَّ رَبَّكَ لَهُوَ ٱلْعَزِيزُ ٱلرَّحِيمُ",
      "english": "And indeed, your Lord - He is the Exalted in Might, the Merciful.",
      "hausa": "Kuma lalle ne Ubangijinka, kaƙĩƙa, Shĩ ne Mabũwayi, Mai jin ƙai."
    },
    {
      "ayah": 69,
      "arabic": "وَٱتْلُ عَلَيْهِمْ نَبَأَ إِبْرَٰهِيمَ",
      "english": "And recite to them the news of Abraham,",
      "hausa": "Kuma ka karanta, a kansu, lãbãrin Ibrãhĩm."
    },
    {
      "ayah": 70,
      "arabic": "إِذْ قَالَ لِأَبِيهِ وَقَوْمِهِۦ مَا تَعْبُدُونَ",
      "english": "When he said to his father and his people, \"What do you worship?\"",
      "hausa": "A sã'ilin da ya ce wa ubansa da mutãnensa, \"Mẽne ne kuke bauta wa?\""
    },
    {
      "ayah": 71,
      "arabic": "قَالُوا۟ نَعْبُدُ أَصْنَامًا فَنَظَلُّ لَهَا عَـٰكِفِينَ",
      "english": "They said, \"We worship idols and remain to them devoted.\"",
      "hausa": "Suka ce: \"Munã bauta wa gumãka, sabõda haka munã yini mãsu lazimta a gare su.\""
    },
    {
      "ayah": 72,
      "arabic": "قَالَ هَلْ يَسْمَعُونَكُمْ إِذْ تَدْعُونَ",
      "english": "He said, \"Do they hear you when you supplicate?",
      "hausa": "Ya ce: \"Shin, sunã jin ku, a lõkacin da kuke kira?\""
    },
    {
      "ayah": 73,
      "arabic": "أَوْ يَنفَعُونَكُمْ أَوْ يَضُرُّونَ",
      "english": "Or do they benefit you, or do they harm?\"",
      "hausa": "\"Kõ kuwa sunã amfãnin ku, kõ sunã cũtar ku?\""
    },
    {
      "ayah": 74,
      "arabic": "قَالُوا۟ بَلْ وَجَدْنَآ ءَابَآءَنَا كَذَٰلِكَ يَفْعَلُونَ",
      "english": "They said, \"But we found our fathers doing thus.\"",
      "hausa": "Suka ce: \"Ã'a mun sãmĩ ubanninmu, kamar haka ne suke aikatãwa.\""
    },
    {
      "ayah": 75,
      "arabic": "قَالَ أَفَرَءَيْتُم مَّا كُنتُمْ تَعْبُدُونَ",
      "english": "He said, \"Then do you see what you have been worshipping,",
      "hausa": "Ya ce: \"Shin to, kun ga abin da kuka kasance kunã bautã wa?\""
    },
    {
      "ayah": 76,
      "arabic": "أَنتُمْ وَءَابَآؤُكُمُ ٱلْأَقْدَمُونَ",
      "english": "You and your ancient forefathers?",
      "hausa": "\"Kũ da ubanninku mafi daɗẽwa?\""
    },
    {
      "ayah": 77,
      "arabic": "فَإِنَّهُمْ عَدُوٌّ لِّىٓ إِلَّا رَبَّ ٱلْعَـٰلَمِينَ",
      "english": "Indeed, they are enemies to me, except the Lord of the worlds,",
      "hausa": "\"To lalle ne, sũ maƙiya ne a gare ni, fãce Ubangijin halittu.\""
    },
    {
      "ayah": 78,
      "arabic": "ٱلَّذِى خَلَقَنِى فَهُوَ يَهْدِينِ",
      "english": "Who created me, and He [it is who] guides me.",
      "hausa": "\"Wanda Ya halitta ni, sa'an nan Yanã shiryar da ni.\""
    },
    {
      "ayah": 79,
      "arabic": "وَٱلَّذِى هُوَ يُطْعِمُنِى وَيَسْقِينِ",
      "english": "And it is He who feeds me and gives me drink.",
      "hausa": "\"Kuma Wanda Yake Shĩ ne Yake ciyar da ni, kuma Yanã shãyar da ni.\""
    },
    {
      "ayah": 80,
      "arabic": "وَإِذَا مَرِضْتُ فَهُوَ يَشْفِينِ",
      "english": "And when I am ill, it is He who cures me",
      "hausa": "\"Kuma idan na yi jiyya, to, Shĩ ne Yake warkar da ni.\""
    },
    {
      "ayah": 81,
      "arabic": "وَٱلَّذِى يُمِيتُنِى ثُمَّ يُحْيِينِ",
      "english": "And who will cause me to die and then bring me to life",
      "hausa": "\"Kuma wanda Yake matar da ni, sa'an nan Ya rãyar da ni.\""
    },
    {
      "ayah": 82,
      "arabic": "وَٱلَّذِىٓ أَطْمَعُ أَن يَغْفِرَ لِى خَطِيٓـَٔتِى يَوْمَ ٱلدِّينِ",
      "english": "And who I aspire that He will forgive me my sin on the Day of Recompense.\"",
      "hausa": "\"Kuma wanda Yake inã kwaɗayin Ya gãfarta mini kurãkuraina, a rãnar sãkamako.\""
    },
    {
      "ayah": 83,
      "arabic": "رَبِّ هَبْ لِى حُكْمًا وَأَلْحِقْنِى بِٱلصَّـٰلِحِينَ",
      "english": "[And he said], \"My Lord, grant me authority and join me with the righteous.",
      "hausa": "\"Ya Ubangijĩna! Ka ba ni hukunci, kuma Ka riskar da ni ga sãlihai.\""
    },
    {
      "ayah": 84,
      "arabic": "وَٱجْعَل لِّى لِسَانَ صِدْقٍ فِى ٱلْـَٔاخِرِينَ",
      "english": "And grant me a reputation of honor among later generations.",
      "hausa": "\"Kuma Ka sanya mini harshen gaskiya a cikin mutãnen ƙarshe.\""
    },
    {
      "ayah": 85,
      "arabic": "وَٱجْعَلْنِى مِن وَرَثَةِ جَنَّةِ ٱلنَّعِيمِ",
      "english": "And place me among the inheritors of the Garden of Pleasure.",
      "hausa": "\"Kuma Ka sanya ni daga magãdan Aljannar ni'ima.\""
    },
    {
      "ayah": 86,
      "arabic": "وَٱغْفِرْ لِأَبِىٓ إِنَّهُۥ كَانَ مِنَ ٱلضَّآلِّينَ",
      "english": "And forgive my father. Indeed, he has been of those astray.",
      "hausa": "\"Kuma Ka gãfarta wa ubãna, lalle ne shi, ya kasance daga ɓatattu.\""
    },
    {
      "ayah": 87,
      "arabic": "وَلَا تُخْزِنِى يَوْمَ يُبْعَثُونَ",
      "english": "And do not disgrace me on the Day they are [all] resurrected -",
      "hausa": "\"Kuma kada Ka kunyata ni a rãnar da ake tãyar da su.\""
    },
    {
      "ayah": 88,
      "arabic": "يَوْمَ لَا يَنفَعُ مَالٌ وَلَا بَنُونَ",
      "english": "The Day when there will not benefit [anyone] wealth or children",
      "hausa": "\"A rãnar da dũkiya bã ta amfãni, kuma ɗiya bã su yi.\""
    },
    {
      "ayah": 89,
      "arabic": "إِلَّا مَنْ أَتَى ٱللَّهَ بِقَلْبٍ سَلِيمٍ",
      "english": "But only one who comes to Allah with a sound heart.\"",
      "hausa": "\"Fãce wanda ya jẽ wa Allah da zũciya mai tsarki.\""
    },
    {
      "ayah": 90,
      "arabic": "وَأُزْلِفَتِ ٱلْجَنَّةُ لِلْمُتَّقِينَ",
      "english": "And Paradise will be brought near [that Day] to the righteous.",
      "hausa": "Kuma aka kusantar da Aljanna ga mãsu taƙawa."
    },
    {
      "ayah": 91,
      "arabic": "وَبُرِّزَتِ ٱلْجَحِيمُ لِلْغَاوِينَ",
      "english": "And Hellfire will be brought forth for the deviators,",
      "hausa": "Kuma aka fitar da wutã babba dõmin halakakku."
    },
    {
      "ayah": 92,
      "arabic": "وَقِيلَ لَهُمْ أَيْنَ مَا كُنتُمْ تَعْبُدُونَ",
      "english": "And it will be said to them, \"Where are those you used to worship",
      "hausa": "Kuma aka ce musu, \"Inã abin da kuka kasance kunã bautawa?\""
    },
    {
      "ayah": 93,
      "arabic": "مِن دُونِ ٱللَّهِ هَلْ يَنصُرُونَكُمْ أَوْ يَنتَصِرُونَ",
      "english": "Other than Allah? Can they help you or help themselves?\"",
      "hausa": "\"Baicin Allah? Shin sunã tamakon ku kõ kuwa sunã tsare kansu?\""
    },
    {
      "ayah": 94,
      "arabic": "فَكُبْكِبُوا۟ فِيهَا هُمْ وَٱلْغَاوُۥنَ",
      "english": "So they will be overturned into Hellfire, they and the deviators",
      "hausa": "Sai aka kikkife su a cikinta, su da halakakkun."
    },
    {
      "ayah": 95,
      "arabic": "وَجُنُودُ إِبْلِيسَ أَجْمَعُونَ",
      "english": "And the soldiers of Iblees, all together.",
      "hausa": "Da rundunar Ibilĩsa gabã ɗaya."
    },
    {
      "ayah": 96,
      "arabic": "قَالُوا۟ وَهُمْ فِيهَا يَخْتَصِمُونَ",
      "english": "They will say while they dispute therein,",
      "hausa": "Suka ce: alhãli sunã a cikinta sunã yin husũma,"
    },
    {
      "ayah": 97,
      "arabic": "تَٱللَّهِ إِن كُنَّا لَفِى ضَلَـٰلٍ مُّبِينٍ",
      "english": "\"By Allah, we were indeed in manifest error",
      "hausa": "\"Rantsuwa da Allah! Lalle ne mun kasance, haƙĩƙa, a cikin ɓata bayyananna.\""
    },
    {
      "ayah": 98,
      "arabic": "إِذْ نُسَوِّيكُم بِرَبِّ ٱلْعَـٰلَمِينَ",
      "english": "When we equated you with the Lord of the worlds.",
      "hausa": "\"A lõkacin da muke daidaita ku da Ubangijin halittu."
    },
    {
      "ayah": 99,
      "arabic": "وَمَآ أَضَلَّنَآ إِلَّا ٱلْمُجْرِمُونَ",
      "english": "And no one misguided us except the criminals.",
      "hausa": "\"Kuma bãbu abin da ya ɓatar da mu fãce mãsu laifi.\""
    },
    {
      "ayah": 100,
      "arabic": "فَمَا لَنَا مِن شَـٰفِعِينَ",
      "english": "So now we have no intercessors",
      "hausa": "\"Sabõda haka bã mu da waɗansu macẽta.\""
    },
    {
      "ayah": 101,
      "arabic": "وَلَا صَدِيقٍ حَمِيمٍ",
      "english": "And not a devoted friend.",
      "hausa": "\"Kuma bã mu da abõki, masõyi.\""
    },
    {
      "ayah": 102,
      "arabic": "فَلَوْ أَنَّ لَنَا كَرَّةً فَنَكُونَ مِنَ ٱلْمُؤْمِنِينَ",
      "english": "Then if we only had a return [to the world] and could be of the believers... \"",
      "hausa": "\"Sabõda haka dã lalle munã da (dãmar) kõmawa, dõmin mu kasance daga mũminai!\""
    },
    {
      "ayah": 103,
      "arabic": "إِنَّ فِى ذَٰلِكَ لَـَٔايَةً ۖ وَمَا كَانَ أَكْثَرُهُم مُّؤْمِنِينَ",
      "english": "Indeed in that is a sign, but most of them were not to be believers.",
      "hausa": "Lalle ne, a cikin wancan akwai ãyã, kuma mafi yawansu, bã su kasance mũminai ba."
    },
    {
      "ayah": 104,
      "arabic": "وَإِنَّ رَبَّكَ لَهُوَ ٱلْعَزِيزُ ٱلرَّحِيمُ",
      "english": "And indeed, your Lord - He is the Exalted in Might, the Merciful.",
      "hausa": "Kuma lalle ne, Ubangijinka, Shi ne Mabuwãyi, Mai jin ƙai."
    },
    {
      "ayah": 105,
      "arabic": "كَذَّبَتْ قَوْمُ نُوحٍ ٱلْمُرْسَلِينَ",
      "english": "The people of Noah denied the messengers",
      "hausa": "Mutãnen Nũhu sun ƙaryata Manzanni."
    },
    {
      "ayah": 106,
      "arabic": "إِذْ قَالَ لَهُمْ أَخُوهُمْ نُوحٌ أَلَا تَتَّقُونَ",
      "english": "When their brother Noah said to them, \"Will you not fear Allah?",
      "hausa": "A lõkacin da ɗan'uwansu, Nũhu, ya ce musu, \"Shin, bã zã ku yi taƙawa ba?\""
    },
    {
      "ayah": 107,
      "arabic": "إِنِّى لَكُمْ رَسُولٌ أَمِينٌ",
      "english": "Indeed, I am to you a trustworthy messenger.",
      "hausa": "\"Lalle ne, zuwa gare ku, ni Manzo ne amintacce.\""
    },
    {
      "ayah": 108,
      "arabic": "فَٱتَّقُوا۟ ٱللَّهَ وَأَطِيعُونِ",
      "english": "So fear Allah and obey me.",
      "hausa": "\"To, ku bi Allah da taƙawa, kuma ku yi mini ɗã'ã.\""
    },
    {
      "ayah": 109,
      "arabic": "وَمَآ أَسْـَٔلُكُمْ عَلَيْهِ مِنْ أَجْرٍ ۖ إِنْ أَجْرِىَ إِلَّا عَلَىٰ رَبِّ ٱلْعَـٰلَمِينَ",
      "english": "And I do not ask you for it any payment. My payment is only from the Lord of the worlds.",
      "hausa": "\"Kuma bã ni tambayar ku wata ijãra a kansa. Ijãrãtã ba ta zama ba fãce daga Ubangijin halittu.\""
    },
    {
      "ayah": 110,
      "arabic": "فَٱتَّقُوا۟ ٱللَّهَ وَأَطِيعُونِ",
      "english": "So fear Allah and obey me.\"",
      "hausa": "\"Sabõda haka, ku bi Allah da taƙawa, kuma ku yi mini ɗã'ã.\""
    },
    {
      "ayah": 111,
      "arabic": "قَالُوٓا۟ أَنُؤْمِنُ لَكَ وَٱتَّبَعَكَ ٱلْأَرْذَلُونَ",
      "english": "They said, \"Should we believe you while you are followed by the lowest [class of people]?\"",
      "hausa": "Suka ce: \"Ashe, zã mu yi ĩmãni sabõda kai alhãli kuwa mafiya ƙasƙanci sun bi ka?\""
    },
    {
      "ayah": 112,
      "arabic": "قَالَ وَمَا عِلْمِى بِمَا كَانُوا۟ يَعْمَلُونَ",
      "english": "He said, \"And what is my knowledge of what they used to do?",
      "hausa": "Ya ce: \"Kuma bã ni da sani ga abin da suka kasance sanã aikatãwa.\""
    },
    {
      "ayah": 113,
      "arabic": "إِنْ حِسَابُهُمْ إِلَّا عَلَىٰ رَبِّى ۖ لَوْ تَشْعُرُونَ",
      "english": "Their account is only upon my Lord, if you [could] perceive.",
      "hausa": "\"Hisãbinsu bai zama ba fãce ga Ubangijina, dã kunã sansancẽwa.\""
    },
    {
      "ayah": 114,
      "arabic": "وَمَآ أَنَا۠ بِطَارِدِ ٱلْمُؤْمِنِينَ",
      "english": "And I am not one to drive away the believers.",
      "hausa": "\"Ban zama mai kõre mũminai ba.\""
    },
    {
      "ayah": 115,
      "arabic": "إِنْ أَنَا۠ إِلَّا نَذِيرٌ مُّبِينٌ",
      "english": "I am only a clear warner.\"",
      "hausa": "\"Nĩ ba kõwa ba ne sai mai gargaɗi mai bayyanãwa.\""
    },
    {
      "ayah": 116,
      "arabic": "قَالُوا۟ لَئِن لَّمْ تَنتَهِ يَـٰنُوحُ لَتَكُونَنَّ مِنَ ٱلْمَرْجُومِينَ",
      "english": "They said, \"If you do not desist, O Noah, you will surely be of those who are stoned.\"",
      "hausa": "Suka ce: \"Lalle ne, idan ba ka hanu ba, yã Nũhu, (daga maganarka,) haƙĩƙa, kanã kasancẽwa daga waɗanda ake jẽfewa\""
    },
    {
      "ayah": 117,
      "arabic": "قَالَ رَبِّ إِنَّ قَوْمِى كَذَّبُونِ",
      "english": "He said, \"My Lord, indeed my people have denied me.",
      "hausa": "Ya ce: \"Yã Ubangijĩna! Lalle ne mutãnena sun ƙaryatã ni.\""
    },
    {
      "ayah": 118,
      "arabic": "فَٱفْتَحْ بَيْنِى وَبَيْنَهُمْ فَتْحًا وَنَجِّنِى وَمَن مَّعِىَ مِنَ ٱلْمُؤْمِنِينَ",
      "english": "Then judge between me and them with decisive judgement and save me and those with me of the believers.\"",
      "hausa": "\"Sai ka yi hukunci, a tsakãnĩna da tsakãninsu tabbataccen hukanci, kuma ka tsĩrar da ni, da waɗanda suke tãre da ni daga mũminai.\""
    },
    {
      "ayah": 119,
      "arabic": "فَأَنجَيْنَـٰهُ وَمَن مَّعَهُۥ فِى ٱلْفُلْكِ ٱلْمَشْحُونِ",
      "english": "So We saved him and those with him in the laden ship.",
      "hausa": "Sai Muka tsĩrar da shi, shi da waɗanda suke tãre da shi, a cikin jirgi wanda aka yi wa lõdi."
    },
    {
      "ayah": 120,
      "arabic": "ثُمَّ أَغْرَقْنَا بَعْدُ ٱلْبَاقِينَ",
      "english": "Then We drowned thereafter the remaining ones.",
      "hausa": "Sa'an nan Muka nutsar a bãyan haka, da sauran."
    },
    {
      "ayah": 121,
      "arabic": "إِنَّ فِى ذَٰلِكَ لَـَٔايَةً ۖ وَمَا كَانَ أَكْثَرُهُم مُّؤْمِنِينَ",
      "english": "Indeed in that is a sign, but most of them were not to be believers.",
      "hausa": "Lalle ne a cikin wannan akwai ãyã, kuma mafi yawansu, ba su kasance mãsu ĩmãni ba."
    },
    {
      "ayah": 122,
      "arabic": "وَإِنَّ رَبَّكَ لَهُوَ ٱلْعَزِيزُ ٱلرَّحِيمُ",
      "english": "And indeed, your Lord - He is the Exalted in Might, the Merciful.",
      "hausa": "Kuma Lalle ne, Ubangijinka, haƙĩƙa, Shĩ ne Mabuwãyi, Mai Rahama."
    },
    {
      "ayah": 123,
      "arabic": "كَذَّبَتْ عَادٌ ٱلْمُرْسَلِينَ",
      "english": "'Aad denied the messengers",
      "hausa": "Ãdãwa sun ƙaryata Manzanni."
    },
    {
      "ayah": 124,
      "arabic": "إِذْ قَالَ لَهُمْ أَخُوهُمْ هُودٌ أَلَا تَتَّقُونَ",
      "english": "When their brother Hud said to them, \"Will you not fear Allah?",
      "hausa": "A lõkacin da ɗan'uwansu, Hũdu ya ce musu, \"Bã zã ku yi taƙawa ba?\""
    },
    {
      "ayah": 125,
      "arabic": "إِنِّى لَكُمْ رَسُولٌ أَمِينٌ",
      "english": "Indeed, I am to you a trustworthy messenger.",
      "hausa": "\"Lalle ne ni, zuwa gare ku, haƙĩƙa, Manzo ne, amintacce.\""
    },
    {
      "ayah": 126,
      "arabic": "فَٱتَّقُوا۟ ٱللَّهَ وَأَطِيعُونِ",
      "english": "So fear Allah and obey me.",
      "hausa": "\"Sabõda haka ku bi Allah da taƙawa, kuma ku yi mini ɗã'ã.\""
    },
    {
      "ayah": 127,
      "arabic": "وَمَآ أَسْـَٔلُكُمْ عَلَيْهِ مِنْ أَجْرٍ ۖ إِنْ أَجْرِىَ إِلَّا عَلَىٰ رَبِّ ٱلْعَـٰلَمِينَ",
      "english": "And I do not ask you for it any payment. My payment is only from the Lord of the worlds.",
      "hausa": "\"Kuma bã ni tambayar wata ijãra a kansa. Ijãrãta ba ta zama ba, fãce daga Ubangijin halittu.\""
    },
    {
      "ayah": 128,
      "arabic": "أَتَبْنُونَ بِكُلِّ رِيعٍ ءَايَةً تَعْبَثُونَ",
      "english": "Do you construct on every elevation a sign, amusing yourselves,",
      "hausa": "\"Shin, kunã yin ginin sitadiyo a kõwane tsauni ne, kunã yin wãsa?\""
    },
    {
      "ayah": 129,
      "arabic": "وَتَتَّخِذُونَ مَصَانِعَ لَعَلَّكُمْ تَخْلُدُونَ",
      "english": "And take for yourselves palaces and fortresses that you might abide eternally?",
      "hausa": "\"Kuma kunã riƙon matsãrar ruwa, tsammãninku, ku dawwama?\""
    },
    {
      "ayah": 130,
      "arabic": "وَإِذَا بَطَشْتُم بَطَشْتُمْ جَبَّارِينَ",
      "english": "And when you strike, you strike as tyrants.",
      "hausa": "\"Kuma idan kun yi damƙa, sai ku yi damƙar kunã mãsu tanƙwasãwa.\""
    },
    {
      "ayah": 131,
      "arabic": "فَٱتَّقُوا۟ ٱللَّهَ وَأَطِيعُونِ",
      "english": "So fear Allah and obey me.",
      "hausa": "\"To ku bi Allah da taƙawa, kuma ku yi mini ɗã'ã.\""
    },
    {
      "ayah": 132,
      "arabic": "وَٱتَّقُوا۟ ٱلَّذِىٓ أَمَدَّكُم بِمَا تَعْلَمُونَ",
      "english": "And fear He who provided you with that which you know,",
      "hausa": "\"Ku ji tsõron wanda Ya taimake ku da abin da kuka sani.\""
    },
    {
      "ayah": 133,
      "arabic": "أَمَدَّكُم بِأَنْعَـٰمٍ وَبَنِينَ",
      "english": "Provided you with grazing livestock and children",
      "hausa": "\"Ya taimake ku da dabbõbin ni'ima da ɗiya.\""
    },
    {
      "ayah": 134,
      "arabic": "وَجَنَّـٰتٍ وَعُيُونٍ",
      "english": "And gardens and springs.",
      "hausa": "\"Da gõnaki da marẽmari.\""
    },
    {
      "ayah": 135,
      "arabic": "إِنِّىٓ أَخَافُ عَلَيْكُمْ عَذَابَ يَوْمٍ عَظِيمٍ",
      "english": "Indeed, I fear for you the punishment of a terrible day.\"",
      "hausa": "\"Lalle ne nĩ, inã ji muku tsõron azãbar wani yini mai girma.\""
    },
    {
      "ayah": 136,
      "arabic": "قَالُوا۟ سَوَآءٌ عَلَيْنَآ أَوَعَظْتَ أَمْ لَمْ تَكُن مِّنَ ٱلْوَٰعِظِينَ",
      "english": "They said, \"It is all the same to us whether you advise or are not of the advisors.",
      "hausa": "Suka ce: \"Daidai ne a kanmu: Kã yi wa'azi kõ ba ka kasance daga mãsu wa'azi ba.\""
    },
    {
      "ayah": 137,
      "arabic": "إِنْ هَـٰذَآ إِلَّا خُلُقُ ٱلْأَوَّلِينَ",
      "english": "This is not but the custom of the former peoples,",
      "hausa": "\"Wannan abu bai zamõ ba fãce hãlãyen mutãnen farko.\""
    },
    {
      "ayah": 138,
      "arabic": "وَمَا نَحْنُ بِمُعَذَّبِينَ",
      "english": "And we are not to be punished.\"",
      "hausa": "\"Kuma mũ ba mu zama waɗanda ake yi wa azãba ba.\""
    },
    {
      "ayah": 139,
      "arabic": "فَكَذَّبُوهُ فَأَهْلَكْنَـٰهُمْ ۗ إِنَّ فِى ذَٰلِكَ لَـَٔايَةً ۖ وَمَا كَانَ أَكْثَرُهُم مُّؤْمِنِينَ",
      "english": "And they denied him, so We destroyed them. Indeed in that is a sign, but most of them were not to be believers.",
      "hausa": "Sabõda haka suka ƙaryata shi, sai Muka halakar da sũ. Lalle ne a cikin wannan akwai ãyã, kuma mafi yawansu ba su kasance mãsu ĩmãni ba."
    },
    {
      "ayah": 140,
      "arabic": "وَإِنَّ رَبَّكَ لَهُوَ ٱلْعَزِيزُ ٱلرَّحِيمُ",
      "english": "And indeed, your Lord - He is the Exalted in Might, the Merciful.",
      "hausa": "Kuma lalle ne, Ubangijinka, haƙĩƙa, Shi ne Mabuwãyi, Mai jin ƙai."
    },
    {
      "ayah": 141,
      "arabic": "كَذَّبَتْ ثَمُودُ ٱلْمُرْسَلِينَ",
      "english": "Thamud denied the messengers",
      "hausa": "Samũdãwa sun ƙaryata Manzanni."
    },
    {
      "ayah": 142,
      "arabic": "إِذْ قَالَ لَهُمْ أَخُوهُمْ صَـٰلِحٌ أَلَا تَتَّقُونَ",
      "english": "When their brother Salih said to them, \"Will you not fear Allah?",
      "hausa": "A lõkacin da ɗan'uwansu Sãlihu ya ce: \"Shin, bã zã ku bi Allah da taƙawa ba?\""
    },
    {
      "ayah": 143,
      "arabic": "إِنِّى لَكُمْ رَسُولٌ أَمِينٌ",
      "english": "Indeed, I am to you a trustworthy messenger.",
      "hausa": "\"Lalle ne nĩ zuwã gare ku, Manzo ne, amintacce.\""
    },
    {
      "ayah": 144,
      "arabic": "فَٱتَّقُوا۟ ٱللَّهَ وَأَطِيعُونِ",
      "english": "So fear Allah and obey me.",
      "hausa": "\"Sabõda haka ku bi Allah da taƙawa, kuma ku yi mini ɗã'ã."
    },
    {
      "ayah": 145,
      "arabic": "وَمَآ أَسْـَٔلُكُمْ عَلَيْهِ مِنْ أَجْرٍ ۖ إِنْ أَجْرِىَ إِلَّا عَلَىٰ رَبِّ ٱلْعَـٰلَمِينَ",
      "english": "And I do not ask you for it any payment. My payment is only from the Lord of the worlds.",
      "hausa": "\"Kuma bã ni tambayar ku wata ijãra a kansa. Ijãrãta ba ta zama ba fãce da a Ubangijin halittu.\""
    },
    {
      "ayah": 146,
      "arabic": "أَتُتْرَكُونَ فِى مَا هَـٰهُنَآ ءَامِنِينَ",
      "english": "Will you be left in what is here, secure [from death],",
      "hausa": "\"Shin, anã barin ku a cikin abin da yake a nan, kunã amintattu?\""
    },
    {
      "ayah": 147,
      "arabic": "فِى جَنَّـٰتٍ وَعُيُونٍ",
      "english": "Within gardens and springs",
      "hausa": "\"A cikin gõnaki da marẽmari.\""
    },
    {
      "ayah": 148,
      "arabic": "وَزُرُوعٍ وَنَخْلٍ طَلْعُهَا هَضِيمٌ",
      "english": "And fields of crops and palm trees with softened fruit?",
      "hausa": "\"Da shuke-shuke da dabĩ nai, 'ya'yan itãcensu hirtsi mãsu narkẽwa a ciki?\""
    },
    {
      "ayah": 149,
      "arabic": "وَتَنْحِتُونَ مِنَ ٱلْجِبَالِ بُيُوتًا فَـٰرِهِينَ",
      "english": "And you carve out of the mountains, homes, with skill.",
      "hausa": "\"Kuma kunã sassaƙa gidãje daga duwãtsu, kunã mãsu alfãhari?\""
    },
    {
      "ayah": 150,
      "arabic": "فَٱتَّقُوا۟ ٱللَّهَ وَأَطِيعُونِ",
      "english": "So fear Allah and obey me.",
      "hausa": "\"Sabõda haka ku bi Allah da taƙawa, kuma ku yi mini ɗã'ã.\""
    },
    {
      "ayah": 151,
      "arabic": "وَلَا تُطِيعُوٓا۟ أَمْرَ ٱلْمُسْرِفِينَ",
      "english": "And do not obey the order of the transgressors,",
      "hausa": "\"Kada ku yi ɗã'ã ga umurnin maɓarnata.\""
    },
    {
      "ayah": 152,
      "arabic": "ٱلَّذِينَ يُفْسِدُونَ فِى ٱلْأَرْضِ وَلَا يُصْلِحُونَ",
      "english": "Who cause corruption in the land and do not amend.\"",
      "hausa": "\"Waɗanda suke yin ɓarna a cikin ƙasa, kuma bã su kyautatãwa.\""
    },
    {
      "ayah": 153,
      "arabic": "قَالُوٓا۟ إِنَّمَآ أَنتَ مِنَ ٱلْمُسَحَّرِينَ",
      "english": "They said, \"You are only of those affected by magic.",
      "hausa": "Suka ce: \"Kai daga mãsu sihiri kurum kake.\""
    },
    {
      "ayah": 154,
      "arabic": "مَآ أَنتَ إِلَّا بَشَرٌ مِّثْلُنَا فَأْتِ بِـَٔايَةٍ إِن كُنتَ مِنَ ٱلصَّـٰدِقِينَ",
      "english": "You are but a man like ourselves, so bring a sign, if you should be of the truthful.\"",
      "hausa": "\"Bã kõwa kake ba, fãce mutum kamarmu. To, kã zo da wata ãyã idan kã kasance daga mãsu gaskiya.\""
    },
    {
      "ayah": 155,
      "arabic": "قَالَ هَـٰذِهِۦ نَاقَةٌ لَّهَا شِرْبٌ وَلَكُمْ شِرْبُ يَوْمٍ مَّعْلُومٍ",
      "english": "He said, \"This is a she-camel. For her is a [time of] drink, and for you is a [time of] drink, [each] on a known day.",
      "hausa": "Ya ce: \"Wannan rãkuma ce tanã da shan yini, kuma kunã da shan yini sasanne.\""
    },
    {
      "ayah": 156,
      "arabic": "وَلَا تَمَسُّوهَا بِسُوٓءٍ فَيَأْخُذَكُمْ عَذَابُ يَوْمٍ عَظِيمٍ",
      "english": "And do not touch her with harm, lest you be seized by the punishment of a terrible day.\"",
      "hausa": "\"Kada ku shãfe ta da cũta har azãbar yini mai girmã ta shãfe ku.\""
    },
    {
      "ayah": 157,
      "arabic": "فَعَقَرُوهَا فَأَصْبَحُوا۟ نَـٰدِمِينَ",
      "english": "But they hamstrung her and so became regretful.",
      "hausa": "Sai suka sõke ta sa'an nan suka wãyi gari sunã mãsu nadãma."
    },
    {
      "ayah": 158,
      "arabic": "فَأَخَذَهُمُ ٱلْعَذَابُ ۗ إِنَّ فِى ذَٰلِكَ لَـَٔايَةً ۖ وَمَا كَانَ أَكْثَرُهُم مُّؤْمِنِينَ",
      "english": "And the punishment seized them. Indeed in that is a sign, but most of them were not to be believers.",
      "hausa": "Sabõda haka azãba ta kãma su. Lalle ne a cikin wannan akwai ãyã, kuma mafi yawansu, ba su kasance mãsu ĩmãni ba."
    },
    {
      "ayah": 159,
      "arabic": "وَإِنَّ رَبَّكَ لَهُوَ ٱلْعَزِيزُ ٱلرَّحِيمُ",
      "english": "And indeed, your Lord - He is the Exalted in Might, the Merciful.",
      "hausa": "Lalle ne Ubangijinka, haƙĩ ƙa, Shĩ ne Mabuwayi, Mai jin ƙai."
    },
    {
      "ayah": 160,
      "arabic": "كَذَّبَتْ قَوْمُ لُوطٍ ٱلْمُرْسَلِينَ",
      "english": "The people of Lot denied the messengers",
      "hausa": "Mutãnen Lũɗu sun ƙaryata Manzanni."
    },
    {
      "ayah": 161,
      "arabic": "إِذْ قَالَ لَهُمْ أَخُوهُمْ لُوطٌ أَلَا تَتَّقُونَ",
      "english": "When their brother Lot said to them, \"Will you not fear Allah?",
      "hausa": "A lõkacin da ɗan'uwansu, Lũɗu ya ce musu, \"Bã zã ku yi taƙawa ba?\""
    },
    {
      "ayah": 162,
      "arabic": "إِنِّى لَكُمْ رَسُولٌ أَمِينٌ",
      "english": "Indeed, I am to you a trustworthy messenger.",
      "hausa": "\"Lalle ne nĩ, zuwa gare ku, Manzõ ne, amintacce.\""
    },
    {
      "ayah": 163,
      "arabic": "فَٱتَّقُوا۟ ٱللَّهَ وَأَطِيعُونِ",
      "english": "So fear Allah and obey me.",
      "hausa": "\"Sabõda haka ku bi Allah da taƙawa, kuma ku yi mini ɗã'ã.\""
    },
    {
      "ayah": 164,
      "arabic": "وَمَآ أَسْـَٔلُكُمْ عَلَيْهِ مِنْ أَجْرٍ ۖ إِنْ أَجْرِىَ إِلَّا عَلَىٰ رَبِّ ٱلْعَـٰلَمِينَ",
      "english": "And I do not ask you for it any payment. My payment is only from the Lord of the worlds.",
      "hausa": "\"Kuma bã ni tambayar ku wata ijãra, Ijãrãta ba ta zama ba fãce daga Ubangijin halittu.\""
    },
    {
      "ayah": 165,
      "arabic": "أَتَأْتُونَ ٱلذُّكْرَانَ مِنَ ٱلْعَـٰلَمِينَ",
      "english": "Do you approach males among the worlds",
      "hausa": "\"Shin kunã jẽ wa maza daga cikin talikai?\""
    },
    {
      "ayah": 166,
      "arabic": "وَتَذَرُونَ مَا خَلَقَ لَكُمْ رَبُّكُم مِّنْ أَزْوَٰجِكُم ۚ بَلْ أَنتُمْ قَوْمٌ عَادُونَ",
      "english": "And leave what your Lord has created for you as mates? But you are a people transgressing.\"",
      "hausa": "\"Kuma kunã barin abin da Ubangijinku Ya halitta muku daga mãtanku? Ã'a, ku mutãne ne mãsu ƙẽtarẽwa!\""
    },
    {
      "ayah": 167,
      "arabic": "قَالُوا۟ لَئِن لَّمْ تَنتَهِ يَـٰلُوطُ لَتَكُونَنَّ مِنَ ٱلْمُخْرَجِينَ",
      "english": "They said, \"If you do not desist, O Lot, you will surely be of those evicted.\"",
      "hausa": "Suka ce: \"Lalle ne haƙĩƙa idan ba ka hanu ba, yã Lũɗu! Tĩlas ne kanã kasancẽwa daga waɗanda ake fitarwa (daga gari).\""
    },
    {
      "ayah": 168,
      "arabic": "قَالَ إِنِّى لِعَمَلِكُم مِّنَ ٱلْقَالِينَ",
      "english": "He said, \"Indeed, I am, toward your deed, of those who detest [it].",
      "hausa": "Ya ce: \"Lalle ne ga aikinku, haƙĩƙa, inã daga mãsu ƙinsa.\""
    },
    {
      "ayah": 169,
      "arabic": "رَبِّ نَجِّنِى وَأَهْلِى مِمَّا يَعْمَلُونَ",
      "english": "My Lord, save me and my family from [the consequence of] what they do.\"",
      "hausa": "\"Ya Ubangijina! Ka tsĩrar da ni da iyãlĩna daga abin da suke aikatãwa.\""
    },
    {
      "ayah": 170,
      "arabic": "فَنَجَّيْنَـٰهُ وَأَهْلَهُۥٓ أَجْمَعِينَ",
      "english": "So We saved him and his family, all,",
      "hausa": "Sabõda haka Muka tsĩrar da shi, Shi da mutãnensa gabã ɗaya."
    },
    {
      "ayah": 171,
      "arabic": "إِلَّا عَجُوزًا فِى ٱلْغَـٰبِرِينَ",
      "english": "Except an old woman among those who remained behind.",
      "hausa": "Fãce wata tsõhuwa a cikin mãsu wanzuwa."
    },
    {
      "ayah": 172,
      "arabic": "ثُمَّ دَمَّرْنَا ٱلْـَٔاخَرِينَ",
      "english": "Then We destroyed the others.",
      "hausa": "Sa'an nan kuma Muka darkãke wasu."
    },
    {
      "ayah": 173,
      "arabic": "وَأَمْطَرْنَا عَلَيْهِم مَّطَرًا ۖ فَسَآءَ مَطَرُ ٱلْمُنذَرِينَ",
      "english": "And We rained upon them a rain [of stones], and evil was the rain of those who were warned.",
      "hausa": "Kuma Muka yi ruwan sama a kansu ruwa, sai dai ruwan waɗanda ake yi wa gargaɗi ya mũnana."
    },
    {
      "ayah": 174,
      "arabic": "إِنَّ فِى ذَٰلِكَ لَـَٔايَةً ۖ وَمَا كَانَ أَكْثَرُهُم مُّؤْمِنِينَ",
      "english": "Indeed in that is a sign, but most of them were not to be believers.",
      "hausa": "Lalle ne ga wannan, akwai ãyã, kuma mafi yawansu bã su kasance mãsu ĩmãni ba."
    },
    {
      "ayah": 175,
      "arabic": "وَإِنَّ رَبَّكَ لَهُوَ ٱلْعَزِيزُ ٱلرَّحِيمُ",
      "english": "And indeed, your Lord - He is the Exalted in Might, the Merciful.",
      "hausa": "Kuma lalle ne Ubangijinka, haƙĩƙa, Shĩ ne Mabuwãyi, Mai jin ƙai."
    },
    {
      "ayah": 176,
      "arabic": "كَذَّبَ أَصْحَـٰبُ لْـَٔيْكَةِ ٱلْمُرْسَلِينَ",
      "english": "The companions of the thicket denied the messengers",
      "hausa": "Ma'abũta ƙunci sun ƙaryata Manzanni."
    },
    {
      "ayah": 177,
      "arabic": "إِذْ قَالَ لَهُمْ شُعَيْبٌ أَلَا تَتَّقُونَ",
      "english": "When Shu'ayb said to them, \"Will you not fear Allah?",
      "hausa": "A lõkacin da Shu'aibu ya ce musu, \"Bã zã ku yi taƙawa ba?\""
    },
    {
      "ayah": 178,
      "arabic": "إِنِّى لَكُمْ رَسُولٌ أَمِينٌ",
      "english": "Indeed, I am to you a trustworthy messenger.",
      "hausa": "\"Lalle ne ni, zuwa gare ku, Manzo ne, amintacce.\""
    },
    {
      "ayah": 179,
      "arabic": "فَٱتَّقُوا۟ ٱللَّهَ وَأَطِيعُونِ",
      "english": "So fear Allah and obey me.",
      "hausa": "\"Sabõda haka ku bi Allah da taƙawa kuma ku yi mini ɗã'ã.\""
    },
    {
      "ayah": 180,
      "arabic": "وَمَآ أَسْـَٔلُكُمْ عَلَيْهِ مِنْ أَجْرٍ ۖ إِنْ أَجْرِىَ إِلَّا عَلَىٰ رَبِّ ٱلْعَـٰلَمِينَ",
      "english": "And I do not ask you for it any payment. My payment is only from the Lord of the worlds.",
      "hausa": "\"Kuma ba ni tambayar ku wata ijãra a kansa. Ijãrata ba ta zama ba fãce daga Ubangijin halittu.\""
    },
    {
      "ayah": 181,
      "arabic": "أَوْفُوا۟ ٱلْكَيْلَ وَلَا تَكُونُوا۟ مِنَ ٱلْمُخْسِرِينَ",
      "english": "Give full measure and do not be of those who cause loss.",
      "hausa": "\"Ku cika mũdu, kuma kada ku kasance daga mãsu sanyãwar hasãra (ga mutãne).\""
    },
    {
      "ayah": 182,
      "arabic": "وَزِنُوا۟ بِٱلْقِسْطَاسِ ٱلْمُسْتَقِيمِ",
      "english": "And weigh with an even balance.",
      "hausa": "\"Kuma ku yi awo da sikẽli daidaitacce.\""
    },
    {
      "ayah": 183,
      "arabic": "وَلَا تَبْخَسُوا۟ ٱلنَّاسَ أَشْيَآءَهُمْ وَلَا تَعْثَوْا۟ فِى ٱلْأَرْضِ مُفْسِدِينَ",
      "english": "And do not deprive people of their due and do not commit abuse on earth, spreading corruption.",
      "hausa": "\"Kuma kada ku nakasa wa mutãne abũbuwansu kuma kada ku yi fasãdi a cikin ƙasa kuna mãsu ɓarna.\""
    },
    {
      "ayah": 184,
      "arabic": "وَٱتَّقُوا۟ ٱلَّذِى خَلَقَكُمْ وَٱلْجِبِلَّةَ ٱلْأَوَّلِينَ",
      "english": "And fear He who created you and the former creation.\"",
      "hausa": "\"Kuma ku ji tsõron Allah wanda Ya halitta ku, kũ da jama'ar farko.\""
    },
    {
      "ayah": 185,
      "arabic": "قَالُوٓا۟ إِنَّمَآ أَنتَ مِنَ ٱلْمُسَحَّرِينَ",
      "english": "They said, \"You are only of those affected by magic.",
      "hausa": "Suka ce: \"Kai dai daga waɗanda suke sihirtattu kawai ne.\""
    },
    {
      "ayah": 186,
      "arabic": "وَمَآ أَنتَ إِلَّا بَشَرٌ مِّثْلُنَا وَإِن نَّظُنُّكَ لَمِنَ ٱلْكَـٰذِبِينَ",
      "english": "You are but a man like ourselves, and indeed, we think you are among the liars.",
      "hausa": "\"Kuma bã kõwa kake ba, fãce mutum kamarmu kuma lalle ne munã zaton ka, haƙĩƙa, daga maƙaryata.\""
    },
    {
      "ayah": 187,
      "arabic": "فَأَسْقِطْ عَلَيْنَا كِسَفًا مِّنَ ٱلسَّمَآءِ إِن كُنتَ مِنَ ٱلصَّـٰدِقِينَ",
      "english": "So cause to fall upon us fragments of the sky, if you should be of the truthful.\"",
      "hausa": "\"To ka jẽfo wani ɓaɓɓake daga sama a kanmu, idan ka kasance daga mãsu gaskiya.\""
    },
    {
      "ayah": 188,
      "arabic": "قَالَ رَبِّىٓ أَعْلَمُ بِمَا تَعْمَلُونَ",
      "english": "He said, \"My Lord is most knowing of what you do.\"",
      "hausa": "Ya ce: \"Ubangijĩna ne Mafi sani ga abin da kuke aikatãwa.\""
    },
    {
      "ayah": 189,
      "arabic": "فَكَذَّبُوهُ فَأَخَذَهُمْ عَذَابُ يَوْمِ ٱلظُّلَّةِ ۚ إِنَّهُۥ كَانَ عَذَابَ يَوْمٍ عَظِيمٍ",
      "english": "And they denied him, so the punishment of the day of the black cloud seized them. Indeed, it was the punishment of a terrible day.",
      "hausa": "Sai suka ƙaiyatã shi, sabõda haka, azãbar rãnar girgije ta kãma su. Lalle ne ita, tã kasance azãbar yini mai girma."
    },
    {
      "ayah": 190,
      "arabic": "إِنَّ فِى ذَٰلِكَ لَـَٔايَةً ۖ وَمَا كَانَ أَكْثَرُهُم مُّؤْمِنِينَ",
      "english": "Indeed in that is a sign, but most of them were not to be believers.",
      "hausa": "Lalle a cikin wancan haƙĩka akwai ãya, amma mafi yawansu ba su kasance mãsu ĩmãni ba."
    },
    {
      "ayah": 191,
      "arabic": "وَإِنَّ رَبَّكَ لَهُوَ ٱلْعَزِيزُ ٱلرَّحِيمُ",
      "english": "And indeed, your Lord - He is the Exalted in Might, the Merciful.",
      "hausa": "Kuma lalle Ubangijĩnka, haƙĩƙa, Shĩ ne Mabuwãyi, Mai jin ƙai."
    },
    {
      "ayah": 192,
      "arabic": "وَإِنَّهُۥ لَتَنزِيلُ رَبِّ ٱلْعَـٰلَمِينَ",
      "english": "And indeed, the Qur'an is the revelation of the Lord of the worlds.",
      "hausa": "Kuma lalle shi (Alƙur'ãni), haƙĩƙa, saukarwar Ubangijinhalittu ne."
    },
    {
      "ayah": 193,
      "arabic": "نَزَلَ بِهِ ٱلرُّوحُ ٱلْأَمِينُ",
      "english": "The Trustworthy Spirit has brought it down",
      "hausa": "Rũhi amintacce ne ya sauka da shi."
    },
    {
      "ayah": 194,
      "arabic": "عَلَىٰ قَلْبِكَ لِتَكُونَ مِنَ ٱلْمُنذِرِينَ",
      "english": "Upon your heart, [O Muhammad] - that you may be of the warners -",
      "hausa": "A kan zũciyarka, dõmin ka kasance daga mãsu gargaɗi."
    },
    {
      "ayah": 195,
      "arabic": "بِلِسَانٍ عَرَبِىٍّ مُّبِينٍ",
      "english": "In a clear Arabic language.",
      "hausa": "Da harshe na Larabci mai bayãni."
    },
    {
      "ayah": 196,
      "arabic": "وَإِنَّهُۥ لَفِى زُبُرِ ٱلْأَوَّلِينَ",
      "english": "And indeed, it is [mentioned] in the scriptures of former peoples.",
      "hausa": "Kuma lalle shin, haƙĩƙa, yanã a cikin litattafan (Manzannin) farko."
    },
    {
      "ayah": 197,
      "arabic": "أَوَلَمْ يَكُن لَّهُمْ ءَايَةً أَن يَعْلَمَهُۥ عُلَمَـٰٓؤُا۟ بَنِىٓ إِسْرَٰٓءِيلَ",
      "english": "And has it not been a sign to them that it is recognized by the scholars of the Children of Israel?",
      "hausa": "Ashe, bai kasance ãyã ba a gare su, ya zama Mãlaman Banĩ Isrã'ĩla sun san shi?"
    },
    {
      "ayah": 198,
      "arabic": "وَلَوْ نَزَّلْنَـٰهُ عَلَىٰ بَعْضِ ٱلْأَعْجَمِينَ",
      "english": "And even if We had revealed it to one among the foreigners",
      "hausa": "Kuma dã mun saukar da shi a kan sãshen Ajamãwa,"
    },
    {
      "ayah": 199,
      "arabic": "فَقَرَأَهُۥ عَلَيْهِم مَّا كَانُوا۟ بِهِۦ مُؤْمِنِينَ",
      "english": "And he had recited it to them [perfectly], they would [still] not have been believers in it.",
      "hausa": "Ya karanta shi a kansu, ba su kasance sabõda shi mãsu ĩmãni ba."
    },
    {
      "ayah": 200,
      "arabic": "كَذَٰلِكَ سَلَكْنَـٰهُ فِى قُلُوبِ ٱلْمُجْرِمِينَ",
      "english": "Thus have We inserted disbelief into the hearts of the criminals.",
      "hausa": "Kamar wancan ne! Muka shigar da shi a cikin zukãtan mãsu laifi."
    },
    {
      "ayah": 201,
      "arabic": "لَا يُؤْمِنُونَ بِهِۦ حَتَّىٰ يَرَوُا۟ ٱلْعَذَابَ ٱلْأَلِيمَ",
      "english": "They will not believe in it until they see the painful punishment.",
      "hausa": "Bã zã su yi ĩmãni da shĩ ba sai sun ga azãbar nan mai raɗadi."
    },
    {
      "ayah": 202,
      "arabic": "فَيَأْتِيَهُم بَغْتَةً وَهُمْ لَا يَشْعُرُونَ",
      "english": "And it will come to them suddenly while they perceive [it] not.",
      "hausa": "Sai ta taho musu kwatsam, alhãli kuwa sũ, ba su sansance ba."
    },
    {
      "ayah": 203,
      "arabic": "فَيَقُولُوا۟ هَلْ نَحْنُ مُنظَرُونَ",
      "english": "And they will say, \"May we be reprieved?\"",
      "hausa": "Sai su ce: \"Shin, mu waɗanda ake yi wa jinkiri ne?\""
    },
    {
      "ayah": 204,
      "arabic": "أَفَبِعَذَابِنَا يَسْتَعْجِلُونَ",
      "english": "So for Our punishment are they impatient?",
      "hausa": "Ashe, to, da azãbarMu suke nẽman gaggãwa?"
    },
    {
      "ayah": 205,
      "arabic": "أَفَرَءَيْتَ إِن مَّتَّعْنَـٰهُمْ سِنِينَ",
      "english": "Then have you considered if We gave them enjoyment for years",
      "hausa": "Ashe, to, kã gani, idan Muka jĩshe su daɗi a shẽkaru,"
    },
    {
      "ayah": 206,
      "arabic": "ثُمَّ جَآءَهُم مَّا كَانُوا۟ يُوعَدُونَ",
      "english": "And then there came to them that which they were promised?",
      "hausa": "Sa'an nan abin da suka kasance anã yi musu wa'adi (da shi) ya jẽ musu,"
    },
    {
      "ayah": 207,
      "arabic": "مَآ أَغْنَىٰ عَنْهُم مَّا كَانُوا۟ يُمَتَّعُونَ",
      "english": "They would not be availed by the enjoyment with which they were provided.",
      "hausa": "Abin da suka kasance anã jĩshe su dãɗin bã zai tunkuɗe azãba ba daga gare su."
    },
    {
      "ayah": 208,
      "arabic": "وَمَآ أَهْلَكْنَا مِن قَرْيَةٍ إِلَّا لَهَا مُنذِرُونَ",
      "english": "And We did not destroy any city except that it had warners",
      "hausa": "Kuma bã Mu halakar da wata alƙarya ba fãce tanã da mãsu gargaɗi."
    },
    {
      "ayah": 209,
      "arabic": "ذِكْرَىٰ وَمَا كُنَّا ظَـٰلِمِينَ",
      "english": "As a reminder; and never have We been unjust.",
      "hausa": "Dõmin tunãtarwa, kuma ba Mu kasance Mãsu zãlunci ba."
    },
    {
      "ayah": 210,
      "arabic": "وَمَا تَنَزَّلَتْ بِهِ ٱلشَّيَـٰطِينُ",
      "english": "And the devils have not brought the revelation down.",
      "hausa": "Kuma (Alƙur'ãni) Shaiɗãnu ba su ɗõra sauka da shĩba."
    },
    {
      "ayah": 211,
      "arabic": "وَمَا يَنۢبَغِى لَهُمْ وَمَا يَسْتَطِيعُونَ",
      "english": "It is not allowable for them, nor would they be able.",
      "hausa": "Kuma bã ya kamãta a gare su (su Shaiɗãnu su sauka da shi), kuma ba su iyãwa."
    },
    {
      "ayah": 212,
      "arabic": "إِنَّهُمْ عَنِ ٱلسَّمْعِ لَمَعْزُولُونَ",
      "english": "Indeed they, from [its] hearing, are removed.",
      "hausa": "Lalle ne sũ, daga saurãre, haƙĩƙa, waɗanda aka nĩsantar ne."
    },
    {
      "ayah": 213,
      "arabic": "فَلَا تَدْعُ مَعَ ٱللَّهِ إِلَـٰهًا ءَاخَرَ فَتَكُونَ مِنَ ٱلْمُعَذَّبِينَ",
      "english": "So do not invoke with Allah another deity and [thus] be among the punished.",
      "hausa": "Sabõda haka, kada ka kira wani abin bautãwa na dabam tãre da Allah, sai ka kasance daga waɗanda ake yi wa azãba."
    },
    {
      "ayah": 214,
      "arabic": "وَأَنذِرْ عَشِيرَتَكَ ٱلْأَقْرَبِينَ",
      "english": "And warn, [O Muhammad], your closest kindred.",
      "hausa": "Kuma ka yi gargaɗi ga danginka mafiya kusanci."
    },
    {
      "ayah": 215,
      "arabic": "وَٱخْفِضْ جَنَاحَكَ لِمَنِ ٱتَّبَعَكَ مِنَ ٱلْمُؤْمِنِينَ",
      "english": "And lower your wing to those who follow you of the believers.",
      "hausa": "Kuma ka sassauta fikãfikanka ga wanda ya bĩ ka daga mũminai."
    },
    {
      "ayah": 216,
      "arabic": "فَإِنْ عَصَوْكَ فَقُلْ إِنِّى بَرِىٓءٌ مِّمَّا تَعْمَلُونَ",
      "english": "And if they disobey you, then say, \"Indeed, I am disassociated from what you are doing.\"",
      "hausa": "Sa'an nan idan suka sãɓã maka to ka ce: \"Lalle nĩ, barrantacce ne daga abin da kuko aikatãwa.\""
    },
    {
      "ayah": 217,
      "arabic": "وَتَوَكَّلْ عَلَى ٱلْعَزِيزِ ٱلرَّحِيمِ",
      "english": "And rely upon the Exalted in Might, the Merciful,",
      "hausa": "Kuma ka dõgara ga Mabuwãyi, Mai jin ƙai."
    },
    {
      "ayah": 218,
      "arabic": "ٱلَّذِى يَرَىٰكَ حِينَ تَقُومُ",
      "english": "Who sees you when you arise",
      "hausa": "Wanda Yake ganin ka a lõkacin da kake tãshi tsaye."
    },
    {
      "ayah": 219,
      "arabic": "وَتَقَلُّبَكَ فِى ٱلسَّـٰجِدِينَ",
      "english": "And your movement among those who prostrate.",
      "hausa": "Da jujjuyãwarka a cikin mãsu yin sujada."
    },
    {
      "ayah": 220,
      "arabic": "إِنَّهُۥ هُوَ ٱلسَّمِيعُ ٱلْعَلِيمُ",
      "english": "Indeed, He is the Hearing, the Knowing.",
      "hausa": "Lalle Shi, Shi ne Mai ji, Masani."
    },
    {
      "ayah": 221,
      "arabic": "هَلْ أُنَبِّئُكُمْ عَلَىٰ مَن تَنَزَّلُ ٱلشَّيَـٰطِينُ",
      "english": "Shall I inform you upon whom the devils descend?",
      "hausa": "Shin, (kunã so) in gaya muku a kan wanda Shaiɗãnnu kan sauka?"
    },
    {
      "ayah": 222,
      "arabic": "تَنَزَّلُ عَلَىٰ كُلِّ أَفَّاكٍ أَثِيمٍ",
      "english": "They descend upon every sinful liar.",
      "hausa": "Sukan sauka a kan dukkan maƙaryaci, mai zunubi."
    },
    {
      "ayah": 223,
      "arabic": "يُلْقُونَ ٱلسَّمْعَ وَأَكْثَرُهُمْ كَـٰذِبُونَ",
      "english": "They pass on what is heard, and most of them are liars.",
      "hausa": "Sunã jẽfa (abin da suka) ji, alhãli kuwa mafi yawansu maƙaryata ne."
    },
    {
      "ayah": 224,
      "arabic": "وَٱلشُّعَرَآءُ يَتَّبِعُهُمُ ٱلْغَاوُۥنَ",
      "english": "And the poets - [only] the deviators follow them;",
      "hausa": "Kuma mawãƙa halakakku ne ke bin su."
    },
    {
      "ayah": 225,
      "arabic": "أَلَمْ تَرَ أَنَّهُمْ فِى كُلِّ وَادٍ يَهِيمُونَ",
      "english": "Do you not see that in every valley they roam",
      "hausa": "Shin, ba ku cẽwa, lalle ne sũ, cikin kõwane rango sunã yin ɗimuwa (su ƙẽtare haddi) ba?"
    },
    {
      "ayah": 226,
      "arabic": "وَأَنَّهُمْ يَقُولُونَ مَا لَا يَفْعَلُونَ",
      "english": "And that they say what they do not do? -",
      "hausa": "Kuma lalle ne, sũ, sunã faɗin abin da bã su aikatãwa?"
    },
    {
      "ayah": 227,
      "arabic": "إِلَّا ٱلَّذِينَ ءَامَنُوا۟ وَعَمِلُوا۟ ٱلصَّـٰلِحَـٰتِ وَذَكَرُوا۟ ٱللَّهَ كَثِيرًا وَٱنتَصَرُوا۟ مِنۢ بَعْدِ مَا ظُلِمُوا۟ ۗ وَسَيَعْلَمُ ٱلَّذِينَ ظَلَمُوٓا۟ أَىَّ مُنقَلَبٍ يَنقَلِبُونَ",
      "english": "Except those [poets] who believe and do righteous deeds and remember Allah often and defend [the Muslims] after they were wronged. And those who have wronged are going to know to what [kind of] return they will be returned.",
      "hausa": "Fãce waɗanda suka yi ĩmãni suka aikata ayyukan ƙwarai, kuma suka ambaci Allah da yawa, kuma suka rãma zãlunci, daga bãyan an zãlunce su. Kuma waɗanda suka yi zãlunci, zã su sani a wace majũya suke jũyãwa."
    }
  ]
}