{
  "surah": 89,
  "hasBasmallah": false,
  "basmallah": "",
  "verses": [
    {
      "ayah": 1,
      "arabic": "وَٱلْفَجْرِ",
      "english": "By the dawn",
      "hausa": "Inã rantsuwa da alfijiri."
    },
    {
      "ayah": 2,
      "arabic": "وَلَيَالٍ عَشْرٍ",
      "english": "And [by] ten nights",
      "hausa": "Da darũruwa gõma."
    },
    {
      "ayah": 3,
      "arabic": "وَٱلشَّفْعِ وَٱلْوَتْرِ",
      "english": "And [by] the even [number] and the odd",
      "hausa": "Da (adadi na) cikã da (na) mãrã."
    },
    {
      "ayah": 4,
      "arabic": "وَٱلَّيْلِ إِذَا يَسْرِ",
      "english": "And [by] the night when it passes,",
      "hausa": "Da dare idan yana shũɗewa."
    },
    {
      "ayah": 5,
      "arabic": "هَلْ فِى ذَٰلِكَ قَسَمٌ لِّذِى حِجْرٍ",
      "english": "Is there [not] in [all] that an oath [sufficient] for one of perception?",
      "hausa": "Ko a cikin waɗannan akwai abin rantsuwa ga mai hankali (da yake kange shi daga zunubi)?"
    },
    {
      "ayah": 6,
      "arabic": "أَلَمْ تَرَ كَيْفَ فَعَلَ رَبُّكَ بِعَادٍ",
      "english": "Have you not considered how your Lord dealt with 'Aad -",
      "hausa": "Ba ka ga yadda Ubangijinka Ya aikata da Ãdãwa ba?"
    },
    {
      "ayah": 7,
      "arabic": "إِرَمَ ذَاتِ ٱلْعِمَادِ",
      "english": "[With] Iram - who had lofty pillars,",
      "hausa": "Iramawa mãsu sakon ƙĩrar jiki."
    },
    {
      "ayah": 8,
      "arabic": "ٱلَّتِى لَمْ يُخْلَقْ مِثْلُهَا فِى ٱلْبِلَـٰدِ",
      "english": "The likes of whom had never been created in the land?",
      "hausa": "Waɗanda ba a halitta kwatankwacinsu ba a cikin garũruwa (na dũniya)."
    },
    {
      "ayah": 9,
      "arabic": "وَثَمُودَ ٱلَّذِينَ جَابُوا۟ ٱلصَّخْرَ بِٱلْوَادِ",
      "english": "And [with] Thamud, who carved out the rocks in the valley?",
      "hausa": "Da samũdãwa waɗanda suka fasa duwãtsu a cikin Wadi suka yi gidãje)?"
    },
    {
      "ayah": 10,
      "arabic": "وَفِرْعَوْنَ ذِى ٱلْأَوْتَادِ",
      "english": "And [with] Pharaoh, owner of the stakes? -",
      "hausa": "Da Fir'auna mai turãku."
    },
    {
      "ayah": 11,
      "arabic": "ٱلَّذِينَ طَغَوْا۟ فِى ٱلْبِلَـٰدِ",
      "english": "[All of] whom oppressed within the lands",
      "hausa": "Waɗanda suka ƙẽtare iyãkarsu, a cikin garũruwa?"
    },
    {
      "ayah": 12,
      "arabic": "فَأَكْثَرُوا۟ فِيهَا ٱلْفَسَادَ",
      "english": "And increased therein the corruption.",
      "hausa": "Sabõda haka, suka yawaita yin ɓarna a cikinsu."
    },
    {
      "ayah": 13,
      "arabic": "فَصَبَّ عَلَيْهِمْ رَبُّكَ سَوْطَ عَذَابٍ",
      "english": "So your Lord poured upon them a scourge of punishment.",
      "hausa": "Sabõda haka Ubangijinka Ya zuba musu bũlãlar azãba."
    },
    {
      "ayah": 14,
      "arabic": "إِنَّ رَبَّكَ لَبِٱلْمِرْصَادِ",
      "english": "Indeed, your Lord is in observation.",
      "hausa": "Lalle ne, Ubangijinka Yana nan a mafaka."
    },
    {
      "ayah": 15,
      "arabic": "فَأَمَّا ٱلْإِنسَـٰنُ إِذَا مَا ٱبْتَلَىٰهُ رَبُّهُۥ فَأَكْرَمَهُۥ وَنَعَّمَهُۥ فَيَقُولُ رَبِّىٓ أَكْرَمَنِ",
      "english": "And as for man, when his Lord tries him and [thus] is generous to him and favors him, he says, \"My Lord has honored me.\"",
      "hausa": "To, amma fa mutum idan Ubangijibsa Ya jarraba shi, wãto Yã girmama shi kuma Ya yi masa ni'ima, sai ya ce: \"Ubangijina Ya girmama ni.\""
    },
    {
      "ayah": 16,
      "arabic": "وَأَمَّآ إِذَا مَا ٱبْتَلَىٰهُ فَقَدَرَ عَلَيْهِ رِزْقَهُۥ فَيَقُولُ رَبِّىٓ أَهَـٰنَنِ",
      "english": "But when He tries him and restricts his provision, he says, \"My Lord has humiliated me.\"",
      "hausa": "Kuma idan Ya jarraba shi, wãto Ya ƙuntata masa abincinsa, sai ya ce: \"Ubangijina Ya walãkanta ni.\""
    },
    {
      "ayah": 17,
      "arabic": "كَلَّا ۖ بَل لَّا تُكْرِمُونَ ٱلْيَتِيمَ",
      "english": "No! But you do not honor the orphan",
      "hausa": "A'aha! Bari wannan, ai bã ku girmama marãya!"
    },
    {
      "ayah": 18,
      "arabic": "وَلَا تَحَـٰٓضُّونَ عَلَىٰ طَعَامِ ٱلْمِسْكِينِ",
      "english": "And you do not encourage one another to feed the poor.",
      "hausa": "Bã ku kwaɗaitã wa jũnanku ga (tattalin) abincin matalauci!"
    },
    {
      "ayah": 19,
      "arabic": "وَتَأْكُلُونَ ٱلتُّرَاثَ أَكْلًا لَّمًّا",
      "english": "And you consume inheritance, devouring [it] altogether,",
      "hausa": "Kuma kuna cin dũkiyar gãdo, ci na tãrãwa."
    },
    {
      "ayah": 20,
      "arabic": "وَتُحِبُّونَ ٱلْمَالَ حُبًّا جَمًّا",
      "english": "And you love wealth with immense love.",
      "hausa": "Kuma kuna son dũkiya, so mai yawa."
    },
    {
      "ayah": 21,
      "arabic": "كَلَّآ إِذَا دُكَّتِ ٱلْأَرْضُ دَكًّا دَكًّا",
      "english": "No! When the earth has been leveled - pounded and crushed -",
      "hausa": "A'aha! Idan aka niƙa ƙasa niƙewa sosai."
    },
    {
      "ayah": 22,
      "arabic": "وَجَآءَ رَبُّكَ وَٱلْمَلَكُ صَفًّا صَفًّا",
      "english": "And your Lord has come and the angels, rank upon rank,",
      "hausa": "Kuma Ubangijinka Ya zo, alhãli malã'iku na jẽre, safũ- safu."
    },
    {
      "ayah": 23,
      "arabic": "وَجِا۟ىٓءَ يَوْمَئِذٍۭ بِجَهَنَّمَ ۚ يَوْمَئِذٍ يَتَذَكَّرُ ٱلْإِنسَـٰنُ وَأَنَّىٰ لَهُ ٱلذِّكْرَىٰ",
      "english": "And brought [within view], that Day, is Hell - that Day, man will remember, but what good to him will be the remembrance?",
      "hausa": "Kuma a ranar nan aka zo da Jahannama. A ranar nan mutum zai yi tunãni. To, inã fa tunãni yake a gare shi!"
    },
    {
      "ayah": 24,
      "arabic": "يَقُولُ يَـٰلَيْتَنِى قَدَّمْتُ لِحَيَاتِى",
      "english": "He will say, \"Oh, I wish I had sent ahead [some good] for my life.\"",
      "hausa": "Yana dinga cẽwa, \"Kaitona, dã na gabatar (da aikin ƙwarai) domin rãyuwata!\""
    },
    {
      "ayah": 25,
      "arabic": "فَيَوْمَئِذٍ لَّا يُعَذِّبُ عَذَابَهُۥٓ أَحَدٌ",
      "english": "So on that Day, none will punish [as severely] as His punishment,",
      "hausa": "To, a rãnar nan bãbu wani mai yin azãba irin azãbar Allah."
    },
    {
      "ayah": 26,
      "arabic": "وَلَا يُوثِقُ وَثَاقَهُۥٓ أَحَدٌ",
      "english": "And none will bind [as severely] as His binding [of the evildoers].",
      "hausa": "Kuma bãbu wani mai ɗauri irin ɗaurinSa."
    },
    {
      "ayah": 27,
      "arabic": "يَـٰٓأَيَّتُهَا ٱلنَّفْسُ ٱلْمُطْمَئِنَّةُ",
      "english": "[To the righteous it will be said], \"O reassured soul,",
      "hausa": "Yã kai rai mai natsuwa!"
    },
    {
      "ayah": 28,
      "arabic": "ٱرْجِعِىٓ إِلَىٰ رَبِّكِ رَاضِيَةً مَّرْضِيَّةً",
      "english": "Return to your Lord, well-pleased and pleasing [to Him],",
      "hausa": "Ka koma zuwa ga Ubangijinka, alhãli kana mai yarda (da abin da Ya ƙaddara maka a dũniya) abar yardarwa (da sakamakon da zã a ba ka a Lãhira)."
    },
    {
      "ayah": 29,
      "arabic": "فَٱدْخُلِى فِى عِبَـٰدِى",
      "english": "And enter among My [righteous] servants",
      "hausa": "Sabõbda haka, ka shiga cikin bãyiNa (mãsu bin umurui a dũniya)."
    },
    {
      "ayah": 30,
      "arabic": "وَٱدْخُلِى جَنَّتِى",
      "english": "And enter My Paradise.\"",
      "hausa": "Kuma ka shiga AljannaTa (a Lãhira)."
    }
  ]
}