{
  "surah": 37,
  "hasBasmallah": false,
  "basmallah": "",
  "verses": [
    {
      "ayah": 1,
      "arabic": "وَٱلصَّـٰٓفَّـٰتِ صَفًّا",
      "english": "By those [angels] lined up in rows",
      "hausa": "Inã rantsuwa da mãsu yin sahu-sahu (a cikin salla kõ yãƙi)."
    },
    {
      "ayah": 2,
      "arabic": "فَٱلزَّٰجِرَٰتِ زَجْرًا",
      "english": "And those who drive [the clouds]",
      "hausa": "Sa'an nan mãsu yin tsãwa dõmin gargaɗi."
    },
    {
      "ayah": 3,
      "arabic": "فَٱلتَّـٰلِيَـٰتِ ذِكْرًا",
      "english": "And those who recite the message,",
      "hausa": "Sa'an nan da mãsu karãtun abin tunãtarwa."
    },
    {
      "ayah": 4,
      "arabic": "إِنَّ إِلَـٰهَكُمْ لَوَٰحِدٌ",
      "english": "Indeed, your God is One,",
      "hausa": "Lalle Abin bautawarku haƙĩƙa ¦aya ne."
    },
    {
      "ayah": 5,
      "arabic": "رَّبُّ ٱلسَّمَـٰوَٰتِ وَٱلْأَرْضِ وَمَا بَيْنَهُمَا وَرَبُّ ٱلْمَشَـٰرِقِ",
      "english": "Lord of the heavens and the earth and that between them and Lord of the sunrises.",
      "hausa": "Ubangijin sammai da ƙasã da abin da ke tsakãninsu, kuma Ubangijin wurãren fitar rãnã."
    },
    {
      "ayah": 6,
      "arabic": "إِنَّا زَيَّنَّا ٱلسَّمَآءَ ٱلدُّنْيَا بِزِينَةٍ ٱلْكَوَاكِبِ",
      "english": "Indeed, We have adorned the nearest heaven with an adornment of stars",
      "hausa": "Lalle Mũ, Mun ƙãwatãr da sama ta kusa da wata ƙawa, watau taurãri."
    },
    {
      "ayah": 7,
      "arabic": "وَحِفْظًا مِّن كُلِّ شَيْطَـٰنٍ مَّارِدٍ",
      "english": "And as protection against every rebellious devil",
      "hausa": "Kuma sunã tsari daga dukan Shaiɗan mai tsaurin kai."
    },
    {
      "ayah": 8,
      "arabic": "لَّا يَسَّمَّعُونَ إِلَى ٱلْمَلَإِ ٱلْأَعْلَىٰ وَيُقْذَفُونَ مِن كُلِّ جَانِبٍ",
      "english": "[So] they may not listen to the exalted assembly [of angels] and are pelted from every side,",
      "hausa": "Bã zã su iya saurãre zuwa ga jama'a mafi ɗaukaka (Malã'iku) ba, kuma anã jĩfar su daga kõwane gẽfe."
    },
    {
      "ayah": 9,
      "arabic": "دُحُورًا ۖ وَلَهُمْ عَذَابٌ وَاصِبٌ",
      "english": "Repelled; and for them is a constant punishment,",
      "hausa": "Dõmin tunkuɗẽwa kuma sunã da wata azãba tabbatacciya."
    },
    {
      "ayah": 10,
      "arabic": "إِلَّا مَنْ خَطِفَ ٱلْخَطْفَةَ فَأَتْبَعَهُۥ شِهَابٌ ثَاقِبٌ",
      "english": "Except one who snatches [some words] by theft, but they are pursued by a burning flame, piercing [in brightness].",
      "hausa": "Fãce wanda ya fizgi wata kalma, sai yũla mai haske ta bĩ shi."
    },
    {
      "ayah": 11,
      "arabic": "فَٱسْتَفْتِهِمْ أَهُمْ أَشَدُّ خَلْقًا أَم مَّنْ خَلَقْنَآ ۚ إِنَّا خَلَقْنَـٰهُم مِّن طِينٍ لَّازِبٍۭ",
      "english": "Then inquire of them, [O Muhammad], \"Are they a stronger [or more difficult] creation or those [others] We have created?\" Indeed, We created men from sticky clay.",
      "hausa": "Ka tambaye su: \"Shin sũ ne mafi wuya ga halittawa, kõ, kuwa waɗanda Muka halitta?\" Lalle Mũ, Mun halitta su daga lãkã mai ɗauri."
    },
    {
      "ayah": 12,
      "arabic": "بَلْ عَجِبْتَ وَيَسْخَرُونَ",
      "english": "But you wonder, while they mock,",
      "hausa": "Ã'a, kã yi mãmãki, alhãli kuwa sunã ta yin izgili."
    },
    {
      "ayah": 13,
      "arabic": "وَإِذَا ذُكِّرُوا۟ لَا يَذْكُرُونَ",
      "english": "And when they are reminded, they remember not.",
      "hausa": "Kuma idan aka tunãtar da su, bã su tunãwa."
    },
    {
      "ayah": 14,
      "arabic": "وَإِذَا رَأَوْا۟ ءَايَةً يَسْتَسْخِرُونَ",
      "english": "And when they see a sign, they ridicule",
      "hausa": "Idan suka ga wata ãyã, sai su dinga yin izgili."
    },
    {
      "ayah": 15,
      "arabic": "وَقَالُوٓا۟ إِنْ هَـٰذَآ إِلَّا سِحْرٌ مُّبِينٌ",
      "english": "And say, \"This is not but obvious magic.",
      "hausa": "Kuma su ce, \"Wannnan bã kõme ba, fãce sihiri, ne bayyananne.\""
    },
    {
      "ayah": 16,
      "arabic": "أَءِذَا مِتْنَا وَكُنَّا تُرَابًا وَعِظَـٰمًا أَءِنَّا لَمَبْعُوثُونَ",
      "english": "When we have died and become dust and bones, are we indeed to be resurrected?",
      "hausa": "\"Shin, idan mun mutu, kuma muka kasance turɓaya da kasũsuwa, ashe, lalle mũ tabbas waɗandaake tãyarwa ne?"
    },
    {
      "ayah": 17,
      "arabic": "أَوَءَابَآؤُنَا ٱلْأَوَّلُونَ",
      "english": "And our forefathers [as well]?\"",
      "hausa": "\"Ashe kõ da ubanninmu na farko?\""
    },
    {
      "ayah": 18,
      "arabic": "قُلْ نَعَمْ وَأَنتُمْ دَٰخِرُونَ",
      "english": "Say, \"Yes, and you will be [rendered] contemptible.\"",
      "hausa": "Ka ce: \"Na'am alhãli kuwa kunã ƙasƙantattu.\""
    },
    {
      "ayah": 19,
      "arabic": "فَإِنَّمَا هِىَ زَجْرَةٌ وَٰحِدَةٌ فَإِذَا هُمْ يَنظُرُونَ",
      "english": "It will be only one shout, and at once they will be observing.",
      "hausa": "Tsãwa guda kawai ce, sai gã su, sunã dũbi."
    },
    {
      "ayah": 20,
      "arabic": "وَقَالُوا۟ يَـٰوَيْلَنَا هَـٰذَا يَوْمُ ٱلدِّينِ",
      "english": "They will say, \"O woe to us! This is the Day of Recompense.\"",
      "hausa": "Kuma su ce: \"Yã bonenmu! Wannan ita ce rãnar sakamako.\""
    },
    {
      "ayah": 21,
      "arabic": "هَـٰذَا يَوْمُ ٱلْفَصْلِ ٱلَّذِى كُنتُم بِهِۦ تُكَذِّبُونَ",
      "english": "[They will be told], \"This is the Day of Judgement which you used to deny.\"",
      "hausa": "Wannan ita ce rãnar rarrabẽwa wadda kuka kasance kuna ƙaryatãwa."
    },
    {
      "ayah": 22,
      "arabic": "ٱحْشُرُوا۟ ٱلَّذِينَ ظَلَمُوا۟ وَأَزْوَٰجَهُمْ وَمَا كَانُوا۟ يَعْبُدُونَ",
      "english": "[The angels will be ordered], \"Gather those who committed wrong, their kinds, and what they used to worship",
      "hausa": "Ku tãra waɗanda suka yi zãlunci, da abõkan haɗinsu, da abin da suka kasance sunã bautãwa."
    },
    {
      "ayah": 23,
      "arabic": "مِن دُونِ ٱللَّهِ فَٱهْدُوهُمْ إِلَىٰ صِرَٰطِ ٱلْجَحِيمِ",
      "english": "Other than Allah, and guide them to the path of Hellfire",
      "hausa": "Wanin Allah, sabõda haka ku shiryar da su zuwa ga hanyar Jahĩm."
    },
    {
      "ayah": 24,
      "arabic": "وَقِفُوهُمْ ۖ إِنَّهُم مَّسْـُٔولُونَ",
      "english": "And stop them; indeed, they are to be questioned.\"",
      "hausa": "Kuma ku tsayar da su, lalle su, waɗanda ake yi wa tambaya ne."
    },
    {
      "ayah": 25,
      "arabic": "مَا لَكُمْ لَا تَنَاصَرُونَ",
      "english": "[They will be asked], \"What is [wrong] with you? Why do you not help each other?\"",
      "hausa": "Me ya sãme ku, bã ku taimakon jũna?"
    },
    {
      "ayah": 26,
      "arabic": "بَلْ هُمُ ٱلْيَوْمَ مُسْتَسْلِمُونَ",
      "english": "But they, that Day, are in surrender.",
      "hausa": "Ã'a, sũ a yau, mãsu sallamãwa ne."
    },
    {
      "ayah": 27,
      "arabic": "وَأَقْبَلَ بَعْضُهُمْ عَلَىٰ بَعْضٍ يَتَسَآءَلُونَ",
      "english": "And they will approach one another blaming each other.",
      "hausa": "Kuma sãshensu ya fuskanta ga sãshe, sunã tambayar jũna."
    },
    {
      "ayah": 28,
      "arabic": "قَالُوٓا۟ إِنَّكُمْ كُنتُمْ تَأْتُونَنَا عَنِ ٱلْيَمِينِ",
      "english": "They will say, \"Indeed, you used to come at us from the right.\"",
      "hausa": "Suka ce: \"Lalle kũ, kun kasance kunã jẽ mana daga wajen dãma (inda muka amince).\""
    },
    {
      "ayah": 29,
      "arabic": "قَالُوا۟ بَل لَّمْ تَكُونُوا۟ مُؤْمِنِينَ",
      "english": "The oppressors will say, \"Rather, you [yourselves] were not believers,",
      "hausa": "Suka ce: \"Ã'a, ba ku kasance mũminai ba."
    },
    {
      "ayah": 30,
      "arabic": "وَمَا كَانَ لَنَا عَلَيْكُم مِّن سُلْطَـٰنٍۭ ۖ بَلْ كُنتُمْ قَوْمًا طَـٰغِينَ",
      "english": "And we had over you no authority, but you were a transgressing people.",
      "hausa": "\"Kuma wani dalĩli bai kasance ba gare mu a kanku. Ã'a, kun kasance mutãne ne mãsu kẽtare iyãka.\""
    },
    {
      "ayah": 31,
      "arabic": "فَحَقَّ عَلَيْنَا قَوْلُ رَبِّنَآ ۖ إِنَّا لَذَآئِقُونَ",
      "english": "So the word of our Lord has come into effect upon us; indeed, we will taste [punishment].",
      "hausa": "\"Sabõda haka maganar Ubangijinmu ta wajaba a kanmu. Lalle mũ, mãsu ɗanɗanãwa ne.\""
    },
    {
      "ayah": 32,
      "arabic": "فَأَغْوَيْنَـٰكُمْ إِنَّا كُنَّا غَـٰوِينَ",
      "english": "And we led you to deviation; indeed, we were deviators.\"",
      "hausa": "\"Sabõda haka muka ɓatar da ku. Lalle mũ, mun kasance ɓatattu.\""
    },
    {
      "ayah": 33,
      "arabic": "فَإِنَّهُمْ يَوْمَئِذٍ فِى ٱلْعَذَابِ مُشْتَرِكُونَ",
      "english": "So indeed they, that Day, will be sharing in the punishment.",
      "hausa": "To lalle sũ a rãnar nan, mãsu tãrayya ne a cikin azãbar."
    },
    {
      "ayah": 34,
      "arabic": "إِنَّا كَذَٰلِكَ نَفْعَلُ بِٱلْمُجْرِمِينَ",
      "english": "Indeed, that is how We deal with the criminals.",
      "hausa": "Lalle Mũ, kamar haka Muke aikatãwa game, da mãsu laifi."
    },
    {
      "ayah": 35,
      "arabic": "إِنَّهُمْ كَانُوٓا۟ إِذَا قِيلَ لَهُمْ لَآ إِلَـٰهَ إِلَّا ٱللَّهُ يَسْتَكْبِرُونَ",
      "english": "Indeed they, when it was said to them, \"There is no deity but Allah,\" were arrogant",
      "hausa": "Lalle sũ, sun kasance idan an ce musu: \"Bãbu abin bautãwa, fãce Allah,\" sai su dõra girman kai."
    },
    {
      "ayah": 36,
      "arabic": "وَيَقُولُونَ أَئِنَّا لَتَارِكُوٓا۟ ءَالِهَتِنَا لِشَاعِرٍ مَّجْنُونٍۭ",
      "english": "And were saying, \"Are we to leave our gods for a mad poet?\"",
      "hausa": "Kuma sunã cẽwa, \"Shin, mũ lalle mãsu barin gumãkanmu ne, sabõda maganar wani mawãƙi mahaukaci?"
    },
    {
      "ayah": 37,
      "arabic": "بَلْ جَآءَ بِٱلْحَقِّ وَصَدَّقَ ٱلْمُرْسَلِينَ",
      "english": "Rather, the Prophet has come with the truth and confirmed the [previous] messengers.",
      "hausa": "Ã'a, yã zo da gaskiya kuma ya gaskata Manzanni."
    },
    {
      "ayah": 38,
      "arabic": "إِنَّكُمْ لَذَآئِقُوا۟ ٱلْعَذَابِ ٱلْأَلِيمِ",
      "english": "Indeed, you [disbelievers] will be tasters of the painful punishment,",
      "hausa": "Lalle kũ, haƙĩƙa mãsu ɗanɗana azãba mai raɗaɗi ne."
    },
    {
      "ayah": 39,
      "arabic": "وَمَا تُجْزَوْنَ إِلَّا مَا كُنتُمْ تَعْمَلُونَ",
      "english": "And you will not be recompensed except for what you used to do -",
      "hausa": "Kuma bã zã a sãka muku ba fãce da abin da kuka kasance kunã aikatãwa."
    },
    {
      "ayah": 40,
      "arabic": "إِلَّا عِبَادَ ٱللَّهِ ٱلْمُخْلَصِينَ",
      "english": "But not the chosen servants of Allah.",
      "hausa": "Fãce bãyin Allah waɗanda aka tsarkake."
    },
    {
      "ayah": 41,
      "arabic": "أُو۟لَـٰٓئِكَ لَهُمْ رِزْقٌ مَّعْلُومٌ",
      "english": "Those will have a provision determined -",
      "hausa": "Waɗannan sunã da abinci sananne."
    },
    {
      "ayah": 42,
      "arabic": "فَوَٰكِهُ ۖ وَهُم مُّكْرَمُونَ",
      "english": "Fruits; and they will be honored",
      "hausa": "'Ya'yan itãcen marmari, kuma sunã waɗanda ake girmamãwa."
    },
    {
      "ayah": 43,
      "arabic": "فِى جَنَّـٰتِ ٱلنَّعِيمِ",
      "english": "In gardens of pleasure",
      "hausa": "A cikin gidãjen Aljannar ni'ima."
    },
    {
      "ayah": 44,
      "arabic": "عَلَىٰ سُرُرٍ مُّتَقَـٰبِلِينَ",
      "english": "On thrones facing one another.",
      "hausa": "A kan karagu, sunã mãsu fuskantar jũna."
    },
    {
      "ayah": 45,
      "arabic": "يُطَافُ عَلَيْهِم بِكَأْسٍ مِّن مَّعِينٍۭ",
      "english": "There will be circulated among them a cup [of wine] from a flowing spring,",
      "hausa": "Anã kẽwayãwa a kansu da hinjãlan giya, ta daga waɗansu marẽmari."
    },
    {
      "ayah": 46,
      "arabic": "بَيْضَآءَ لَذَّةٍ لِّلشَّـٰرِبِينَ",
      "english": "White and delicious to the drinkers;",
      "hausa": "Farã mai dãɗi ga mashãyan."
    },
    {
      "ayah": 47,
      "arabic": "لَا فِيهَا غَوْلٌ وَلَا هُمْ عَنْهَا يُنزَفُونَ",
      "english": "No bad effect is there in it, nor from it will they be intoxicated.",
      "hausa": "A cikinta bãbu jirĩ kuma ba su zama mãsu mãye daga gare ta ba,"
    },
    {
      "ayah": 48,
      "arabic": "وَعِندَهُمْ قَـٰصِرَٰتُ ٱلطَّرْفِ عِينٌ",
      "english": "And with them will be women limiting [their] glances, with large, [beautiful] eyes,",
      "hausa": "Kuma a wurinsu, akwai mãtan aure mãsu taƙaita kallonsu, mãsu manyan idãnu."
    },
    {
      "ayah": 49,
      "arabic": "كَأَنَّهُنَّ بَيْضٌ مَّكْنُونٌ",
      "english": "As if they were [delicate] eggs, well-protected.",
      "hausa": "Kamar dai su ƙwai ne ɓõyayye."
    },
    {
      "ayah": 50,
      "arabic": "فَأَقْبَلَ بَعْضُهُمْ عَلَىٰ بَعْضٍ يَتَسَآءَلُونَ",
      "english": "And they will approach one another, inquiring of each other.",
      "hausa": "Sai sãshensu ya fuskanta a kan sãshe, sunã tambayar jũna."
    },
    {
      "ayah": 51,
      "arabic": "قَالَ قَآئِلٌ مِّنْهُمْ إِنِّى كَانَ لِى قَرِينٌ",
      "english": "A speaker among them will say, \"Indeed, I had a companion [on earth]",
      "hausa": "Wani mai magana daga cikinsu ya ce: \"Lalle ni wani abõki ya kasance a gare ni (a dũniya).\""
    },
    {
      "ayah": 52,
      "arabic": "يَقُولُ أَءِنَّكَ لَمِنَ ٱلْمُصَدِّقِينَ",
      "english": "Who would say, 'Are you indeed of those who believe",
      "hausa": "Yanã cewa, \"Shin, kai lalle, kanã daga mãsu gaskatãwa ne?\""
    },
    {
      "ayah": 53,
      "arabic": "أَءِذَا مِتْنَا وَكُنَّا تُرَابًا وَعِظَـٰمًا أَءِنَّا لَمَدِينُونَ",
      "english": "That when we have died and become dust and bones, we will indeed be recompensed?'\"",
      "hausa": "\"Ashe, idan muka mutu, kuma muka, kasance turɓaya da kasũsuwa, ashe, lalle, mũ tabbas waɗanda ake sãka wa ne?\""
    },
    {
      "ayah": 54,
      "arabic": "قَالَ هَلْ أَنتُم مُّطَّلِعُونَ",
      "english": "He will say, \"Would you [care to] look?\"",
      "hausa": "(Mai maganar) ya ce: \"Shin, kõ ku, mãsu tsinkãya ne (mu gan shi)?\""
    },
    {
      "ayah": 55,
      "arabic": "فَٱطَّلَعَ فَرَءَاهُ فِى سَوَآءِ ٱلْجَحِيمِ",
      "english": "And he will look and see him in the midst of the Hellfire.",
      "hausa": "Sai ya tsinkãya, sai ya gan shi a cikin tsakar Jahim."
    },
    {
      "ayah": 56,
      "arabic": "قَالَ تَٱللَّهِ إِن كِدتَّ لَتُرْدِينِ",
      "english": "He will say, \"By Allah, you almost ruined me.",
      "hausa": "Ya ce (masa), \"Wallahi, lalle, kã yi kusa, haƙĩƙã, ka halakãni.\""
    },
    {
      "ayah": 57,
      "arabic": "وَلَوْلَا نِعْمَةُ رَبِّى لَكُنتُ مِنَ ٱلْمُحْضَرِينَ",
      "english": "If not for the favor of my Lord, I would have been of those brought in [to Hell].",
      "hausa": "\"Kuma bã dõmin ni'imar Ubangijĩna ba, lalle, dã na kasance daga waɗanda ake halartarwa (tãre da kai a cikin wutã).\""
    },
    {
      "ayah": 58,
      "arabic": "أَفَمَا نَحْنُ بِمَيِّتِينَ",
      "english": "Then, are we not to die",
      "hausa": "\"Shin fa, ba mu zama mãsu mutuwa ba.\""
    },
    {
      "ayah": 59,
      "arabic": "إِلَّا مَوْتَتَنَا ٱلْأُولَىٰ وَمَا نَحْنُ بِمُعَذَّبِينَ",
      "english": "Except for our first death, and we will not be punished?\"",
      "hausa": "\"Sai mutuwarmu ta farko, kuma ba mu zama waɗanda ake azabtarwa ba?\""
    },
    {
      "ayah": 60,
      "arabic": "إِنَّ هَـٰذَا لَهُوَ ٱلْفَوْزُ ٱلْعَظِيمُ",
      "english": "Indeed, this is the great attainment.",
      "hausa": "Lalle, wannan shĩ ne babban rabo mai girma."
    },
    {
      "ayah": 61,
      "arabic": "لِمِثْلِ هَـٰذَا فَلْيَعْمَلِ ٱلْعَـٰمِلُونَ",
      "english": "For the like of this let the workers [on earth] work.",
      "hausa": "Sabõda irin wannan, sai mãsu aiki su yi ta aikatãwa."
    },
    {
      "ayah": 62,
      "arabic": "أَذَٰلِكَ خَيْرٌ نُّزُلًا أَمْ شَجَرَةُ ٱلزَّقُّومِ",
      "english": "Is Paradise a better accommodation or the tree of zaqqum?",
      "hausa": "Shin wancan shĩ ne mafi zama alhẽri ga liyafa kõ itãciyar zaƙƙũm?"
    },
    {
      "ayah": 63,
      "arabic": "إِنَّا جَعَلْنَـٰهَا فِتْنَةً لِّلظَّـٰلِمِينَ",
      "english": "Indeed, We have made it a torment for the wrongdoers.",
      "hausa": "Lalle, Mũ, Mun sanya ta fitina ga. azzãlumai."
    },
    {
      "ayah": 64,
      "arabic": "إِنَّهَا شَجَرَةٌ تَخْرُجُ فِىٓ أَصْلِ ٱلْجَحِيمِ",
      "english": "Indeed, it is a tree issuing from the bottom of the Hellfire,",
      "hausa": "Lalle ita wata itãciya ce wadda take fita daga asalin Jahĩm."
    },
    {
      "ayah": 65,
      "arabic": "طَلْعُهَا كَأَنَّهُۥ رُءُوسُ ٱلشَّيَـٰطِينِ",
      "english": "Its emerging fruit as if it was heads of the devils.",
      "hausa": "Gundarta, kamar dai shi kãnun Shaiɗan ne."
    },
    {
      "ayah": 66,
      "arabic": "فَإِنَّهُمْ لَـَٔاكِلُونَ مِنْهَا فَمَالِـُٔونَ مِنْهَا ٱلْبُطُونَ",
      "english": "And indeed, they will eat from it and fill with it their bellies.",
      "hausa": "To, lalle sũ haƙĩƙa mãsu ci ne daga gare ta. Sa'an nan mãsu cika cikuna ne daga gare ta."
    },
    {
      "ayah": 67,
      "arabic": "ثُمَّ إِنَّ لَهُمْ عَلَيْهَا لَشَوْبًا مِّنْ حَمِيمٍ",
      "english": "Then indeed, they will have after it a mixture of scalding water.",
      "hausa": "Sa'an nan lalle sunã da wani garwaye a kanta, daga ruwan zãfi."
    },
    {
      "ayah": 68,
      "arabic": "ثُمَّ إِنَّ مَرْجِعَهُمْ لَإِلَى ٱلْجَحِيمِ",
      "english": "Then indeed, their return will be to the Hellfire.",
      "hausa": "Sa'an nan lalle makomarsu, haƙĩƙa, zuwa ga Jãhĩm take."
    },
    {
      "ayah": 69,
      "arabic": "إِنَّهُمْ أَلْفَوْا۟ ءَابَآءَهُمْ ضَآلِّينَ",
      "english": "Indeed they found their fathers astray.",
      "hausa": "Lalle sũ, sun iske ubanninsu batattu."
    },
    {
      "ayah": 70,
      "arabic": "فَهُمْ عَلَىٰٓ ءَاثَـٰرِهِمْ يُهْرَعُونَ",
      "english": "So they hastened [to follow] in their footsteps.",
      "hausa": "Sabõda haka sũ, a kan gurãbunsu, suke gaggãwa."
    },
    {
      "ayah": 71,
      "arabic": "وَلَقَدْ ضَلَّ قَبْلَهُمْ أَكْثَرُ ٱلْأَوَّلِينَ",
      "english": "And there had already strayed before them most of the former peoples,",
      "hausa": "Kuma tabbas haƙĩƙa mafi yawan mutãnen farko sun ɓace a gabãninsu."
    },
    {
      "ayah": 72,
      "arabic": "وَلَقَدْ أَرْسَلْنَا فِيهِم مُّنذِرِينَ",
      "english": "And We had already sent among them warners.",
      "hausa": "Kuma tabbas haƙĩƙa, Mun aika mãsu gargaɗi a cikinsu."
    },
    {
      "ayah": 73,
      "arabic": "فَٱنظُرْ كَيْفَ كَانَ عَـٰقِبَةُ ٱلْمُنذَرِينَ",
      "english": "Then look how was the end of those who were warned -",
      "hausa": "Sai ka dũba yadda ãƙibar waɗanda aka yi wa gargaɗi ta kasance."
    },
    {
      "ayah": 74,
      "arabic": "إِلَّا عِبَادَ ٱللَّهِ ٱلْمُخْلَصِينَ",
      "english": "But not the chosen servants of Allah.",
      "hausa": "Fãce bãyin Allah waɗanda aka tsarkake."
    },
    {
      "ayah": 75,
      "arabic": "وَلَقَدْ نَادَىٰنَا نُوحٌ فَلَنِعْمَ ٱلْمُجِيبُونَ",
      "english": "And Noah had certainly called Us, and [We are] the best of responders.",
      "hausa": "Kuma lalle, haƙĩƙa' Nũhu ya kira Mu. To, madalla da mãsu karɓãwa, Mu."
    },
    {
      "ayah": 76,
      "arabic": "وَنَجَّيْنَـٰهُ وَأَهْلَهُۥ مِنَ ٱلْكَرْبِ ٱلْعَظِيمِ",
      "english": "And We saved him and his family from the great affliction.",
      "hausa": "Kuma Mun tsĩrar da shi da mutãnensa daga bakin ciki babba."
    },
    {
      "ayah": 77,
      "arabic": "وَجَعَلْنَا ذُرِّيَّتَهُۥ هُمُ ٱلْبَاقِينَ",
      "english": "And We made his descendants those remaining [on the earth]",
      "hausa": "Muka sanya zurriyarsa sunã mãsu wanzuwa."
    },
    {
      "ayah": 78,
      "arabic": "وَتَرَكْنَا عَلَيْهِ فِى ٱلْـَٔاخِرِينَ",
      "english": "And left for him [favorable mention] among later generations:",
      "hausa": "Kuma Muka bar masa (yabo) a cikin jama'ar ƙarshe."
    },
    {
      "ayah": 79,
      "arabic": "سَلَـٰمٌ عَلَىٰ نُوحٍ فِى ٱلْعَـٰلَمِينَ",
      "english": "\"Peace upon Noah among the worlds.\"",
      "hausa": "Aminci ya tabbata ga Nũhu, a cikin halittu."
    },
    {
      "ayah": 80,
      "arabic": "إِنَّا كَذَٰلِكَ نَجْزِى ٱلْمُحْسِنِينَ",
      "english": "Indeed, We thus reward the doers of good.",
      "hausa": "Lalle Mũ kamar haka Muke sãka wa mãsu kyautatãwa."
    },
    {
      "ayah": 81,
      "arabic": "إِنَّهُۥ مِنْ عِبَادِنَا ٱلْمُؤْمِنِينَ",
      "english": "Indeed, he was of Our believing servants.",
      "hausa": "Lalle shi, yanã daga bãyinMu mũminai."
    },
    {
      "ayah": 82,
      "arabic": "ثُمَّ أَغْرَقْنَا ٱلْـَٔاخَرِينَ",
      "english": "Then We drowned the disbelievers.",
      "hausa": "Sã'an nan Muka nutsar da waɗansunsu."
    },
    {
      "ayah": 83,
      "arabic": "وَإِنَّ مِن شِيعَتِهِۦ لَإِبْرَٰهِيمَ",
      "english": "And indeed, among his kind was Abraham,",
      "hausa": "Kuma lalle daga ƙungiyarsa, haƙĩƙa, Ibrahĩm yake."
    },
    {
      "ayah": 84,
      "arabic": "إِذْ جَآءَ رَبَّهُۥ بِقَلْبٍ سَلِيمٍ",
      "english": "When he came to his Lord with a sound heart",
      "hausa": "A lõkacin da ya je wa dangijinsa da zũciya kuɓutacciya."
    },
    {
      "ayah": 85,
      "arabic": "إِذْ قَالَ لِأَبِيهِ وَقَوْمِهِۦ مَاذَا تَعْبُدُونَ",
      "english": "[And] when he said to his father and his people, \"What do you worship?",
      "hausa": "A lõkacin da ya ce wa ubansa da mutãnensa, \"Mẽne ne kuke bautãwa?\""
    },
    {
      "ayah": 86,
      "arabic": "أَئِفْكًا ءَالِهَةً دُونَ ٱللَّهِ تُرِيدُونَ",
      "english": "Is it falsehood [as] gods other than Allah you desire?",
      "hausa": "\"Shin, ƙiren ƙarya (wãtau) gumãka, wanin Allah, kuke bautãwa?\""
    },
    {
      "ayah": 87,
      "arabic": "فَمَا ظَنُّكُم بِرَبِّ ٱلْعَـٰلَمِينَ",
      "english": "Then what is your thought about the Lord of the worlds?\"",
      "hausa": "\"To, mẽne ne zatonku game da Ubangijin halittu?\""
    },
    {
      "ayah": 88,
      "arabic": "فَنَظَرَ نَظْرَةً فِى ٱلنُّجُومِ",
      "english": "And he cast a look at the stars",
      "hausa": "Sai ya yi dũbi, dũba ta sõsai, a cikin taurãri."
    },
    {
      "ayah": 89,
      "arabic": "فَقَالَ إِنِّى سَقِيمٌ",
      "english": "And said, \"Indeed, I am [about to be] ill.\"",
      "hausa": "Sã'an nan ya ce: \"Nĩ mai rashin lãfiya ne.\""
    },
    {
      "ayah": 90,
      "arabic": "فَتَوَلَّوْا۟ عَنْهُ مُدْبِرِينَ",
      "english": "So they turned away from him, departing.",
      "hausa": "Sai suka jũya ga barinsa, sunã mãsu jũyãwa da bãya."
    },
    {
      "ayah": 91,
      "arabic": "فَرَاغَ إِلَىٰٓ ءَالِهَتِهِمْ فَقَالَ أَلَا تَأْكُلُونَ",
      "english": "Then he turned to their gods and said, \"Do you not eat?",
      "hausa": "Sai ya karkata zuwa ga gumãkansu, sa'an nan ya ce: \"Ashe bã zã ku ci ba?"
    },
    {
      "ayah": 92,
      "arabic": "مَا لَكُمْ لَا تَنطِقُونَ",
      "english": "What is [wrong] with you that you do not speak?\"",
      "hausa": "\"Me ya sãme ku, bã ku magana?\""
    },
    {
      "ayah": 93,
      "arabic": "فَرَاغَ عَلَيْهِمْ ضَرْبًۢا بِٱلْيَمِينِ",
      "english": "And he turned upon them a blow with [his] right hand.",
      "hausa": "Sai ya zuba dũka a kansu da hannun dãma."
    },
    {
      "ayah": 94,
      "arabic": "فَأَقْبَلُوٓا۟ إِلَيْهِ يَزِفُّونَ",
      "english": "Then the people came toward him, hastening.",
      "hausa": "Sai suka fuskanto zuwa gare shi, sunã gaggãwa."
    },
    {
      "ayah": 95,
      "arabic": "قَالَ أَتَعْبُدُونَ مَا تَنْحِتُونَ",
      "english": "He said, \"Do you worship that which you [yourselves] carve,",
      "hausa": "Ya ce, \"Kunã bauta wa abin da kuke sassaƙawa,"
    },
    {
      "ayah": 96,
      "arabic": "وَٱللَّهُ خَلَقَكُمْ وَمَا تَعْمَلُونَ",
      "english": "While Allah created you and that which you do?\"",
      "hausa": "\"Alhãli, Allah ne Ya halitta ku game da abin da kuke aikatãwa?\""
    },
    {
      "ayah": 97,
      "arabic": "قَالُوا۟ ٱبْنُوا۟ لَهُۥ بُنْيَـٰنًا فَأَلْقُوهُ فِى ٱلْجَحِيمِ",
      "english": "They said, \"Construct for him a furnace and throw him into the burning fire.\"",
      "hausa": "Suka ce: \"Ku gina wani gini sabõda shi, sa'an nan ku jẽfa shi a cikin Jahĩm.\""
    },
    {
      "ayah": 98,
      "arabic": "فَأَرَادُوا۟ بِهِۦ كَيْدًا فَجَعَلْنَـٰهُمُ ٱلْأَسْفَلِينَ",
      "english": "And they intended for him a plan, but We made them the most debased.",
      "hausa": "Sabõda haka suka yi nufin makĩda game da shi. Sai Muka sanya su, sũ ne mafi ƙasƙanci."
    },
    {
      "ayah": 99,
      "arabic": "وَقَالَ إِنِّى ذَاهِبٌ إِلَىٰ رَبِّى سَيَهْدِينِ",
      "english": "And [then] he said, \"Indeed, I will go to [where I am ordered by] my Lord; He will guide me.",
      "hausa": "Kuma (Ibrahĩm] ya ce: \"Lalle, nĩ mai tafiya ne zuwa ga Ubangijĩna, zai shiryar da ni.\""
    },
    {
      "ayah": 100,
      "arabic": "رَبِّ هَبْ لِى مِنَ ٱلصَّـٰلِحِينَ",
      "english": "My Lord, grant me [a child] from among the righteous.\"",
      "hausa": "\"Ya Ubangijĩna! Ka bã ni (abõkin zama) daga sãlihan mutãne.\""
    },
    {
      "ayah": 101,
      "arabic": "فَبَشَّرْنَـٰهُ بِغُلَـٰمٍ حَلِيمٍ",
      "english": "So We gave him good tidings of a forbearing boy.",
      "hausa": "Sai Muka yi masa bushãra da wani yãro mai haƙuri."
    },
    {
      "ayah": 102,
      "arabic": "فَلَمَّا بَلَغَ مَعَهُ ٱلسَّعْىَ قَالَ يَـٰبُنَىَّ إِنِّىٓ أَرَىٰ فِى ٱلْمَنَامِ أَنِّىٓ أَذْبَحُكَ فَٱنظُرْ مَاذَا تَرَىٰ ۚ قَالَ يَـٰٓأَبَتِ ٱفْعَلْ مَا تُؤْمَرُ ۖ سَتَجِدُنِىٓ إِن شَآءَ ٱللَّهُ مِنَ ٱلصَّـٰبِرِينَ",
      "english": "And when he reached with him [the age of] exertion, he said, \"O my son, indeed I have seen in a dream that I [must] sacrifice you, so see what you think.\" He said, \"O my father, do as you are commanded. You will find me, if Allah wills, of the steadfast.\"",
      "hausa": "To, a lõkacin da ya isa aiki tãre da shi, ya ce: \"Ya ƙaramin ɗãna! Lalle ne inã gani, a ciki barci, lalle inã yanka ka. To, ka dũba mẽ ka gani?\" (Yãron) ya ce: \"Ya, Bãbãna! Ka aikata abin da aka umurce ka, zã ka sãme ni, in Allah Ya so, daga mãsu haƙuri.\""
    },
    {
      "ayah": 103,
      "arabic": "فَلَمَّآ أَسْلَمَا وَتَلَّهُۥ لِلْجَبِينِ",
      "english": "And when they had both submitted and he put him down upon his forehead,",
      "hausa": "To, a lõkacin da suka yi sallama, (Ibrahĩm) ya kãyar da shi ga gẽfen gõshinsa."
    },
    {
      "ayah": 104,
      "arabic": "وَنَـٰدَيْنَـٰهُ أَن يَـٰٓإِبْرَٰهِيمُ",
      "english": "We called to him, \"O Abraham,",
      "hausa": "Kuma Muka kira shi cẽwa \"Ya Ibrahĩm!\""
    },
    {
      "ayah": 105,
      "arabic": "قَدْ صَدَّقْتَ ٱلرُّءْيَآ ۚ إِنَّا كَذَٰلِكَ نَجْزِى ٱلْمُحْسِنِينَ",
      "english": "You have fulfilled the vision.\" Indeed, We thus reward the doers of good.",
      "hausa": "\"Haƙĩƙa kã gaskata mafarkin.\" Lalle kamar haka Muke sãka wa mãsu kyautatãwa."
    },
    {
      "ayah": 106,
      "arabic": "إِنَّ هَـٰذَا لَهُوَ ٱلْبَلَـٰٓؤُا۟ ٱلْمُبِينُ",
      "english": "Indeed, this was the clear trial.",
      "hausa": "Lalle wannan ita ce jarrabãwa bayyananna."
    },
    {
      "ayah": 107,
      "arabic": "وَفَدَيْنَـٰهُ بِذِبْحٍ عَظِيمٍ",
      "english": "And We ransomed him with a great sacrifice,",
      "hausa": "Kuma Muka yi fansar yãron da wani abin yanka, mai girma."
    },
    {
      "ayah": 108,
      "arabic": "وَتَرَكْنَا عَلَيْهِ فِى ٱلْـَٔاخِرِينَ",
      "english": "And We left for him [favorable mention] among later generations:",
      "hausa": "Kuma Muka bar (yabo) a kansa a cikin mutãnen ƙarshe."
    },
    {
      "ayah": 109,
      "arabic": "سَلَـٰمٌ عَلَىٰٓ إِبْرَٰهِيمَ",
      "english": "\"Peace upon Abraham.\"",
      "hausa": "Aminci ya tabbata ga Ibrãhĩm."
    },
    {
      "ayah": 110,
      "arabic": "كَذَٰلِكَ نَجْزِى ٱلْمُحْسِنِينَ",
      "english": "Indeed, We thus reward the doers of good.",
      "hausa": "Kamar haka Muke sãka wa mãsu kyautatãwa."
    },
    {
      "ayah": 111,
      "arabic": "إِنَّهُۥ مِنْ عِبَادِنَا ٱلْمُؤْمِنِينَ",
      "english": "Indeed, he was of Our believing servants.",
      "hausa": "Lalle shĩ, yanã daga bãyinMu mũminai."
    },
    {
      "ayah": 112,
      "arabic": "وَبَشَّرْنَـٰهُ بِإِسْحَـٰقَ نَبِيًّا مِّنَ ٱلصَّـٰلِحِينَ",
      "english": "And We gave him good tidings of Isaac, a prophet from among the righteous.",
      "hausa": "Kuma Muka yi masa bushãra Da Is'hãƙa ya zama Annabi daga sãlihan mutãne."
    },
    {
      "ayah": 113,
      "arabic": "وَبَـٰرَكْنَا عَلَيْهِ وَعَلَىٰٓ إِسْحَـٰقَ ۚ وَمِن ذُرِّيَّتِهِمَا مُحْسِنٌ وَظَالِمٌ لِّنَفْسِهِۦ مُبِينٌ",
      "english": "And We blessed him and Isaac. But among their descendants is the doer of good and the clearly unjust to himself.",
      "hausa": "Kuma Muka yi albarka a gare shi, kuma ga Is'hãka. Kuma daga cikin zurriyarsu akwai mai kyautatãwa da kuma maizãlunci dõmin kansa, mai bayyanãwa (ga zãluncin)."
    },
    {
      "ayah": 114,
      "arabic": "وَلَقَدْ مَنَنَّا عَلَىٰ مُوسَىٰ وَهَـٰرُونَ",
      "english": "And We did certainly confer favor upon Moses and Aaron.",
      "hausa": "Kuma lalle, Mun yi ni'ima ga Mũsã da Hãrũna."
    },
    {
      "ayah": 115,
      "arabic": "وَنَجَّيْنَـٰهُمَا وَقَوْمَهُمَا مِنَ ٱلْكَرْبِ ٱلْعَظِيمِ",
      "english": "And We saved them and their people from the great affliction,",
      "hausa": "Kuma Muka tsĩrar da su da mutãnensu daga bakin ciki mai girma."
    },
    {
      "ayah": 116,
      "arabic": "وَنَصَرْنَـٰهُمْ فَكَانُوا۟ هُمُ ٱلْغَـٰلِبِينَ",
      "english": "And We supported them so it was they who overcame.",
      "hausa": "Kuma Muka taimake su, sabõda haka suka kasance mãsu rinjãya."
    },
    {
      "ayah": 117,
      "arabic": "وَءَاتَيْنَـٰهُمَا ٱلْكِتَـٰبَ ٱلْمُسْتَبِينَ",
      "english": "And We gave them the explicit Scripture,",
      "hausa": "Kuma Muka ba su Littãfi mai iyãkar bayãni."
    },
    {
      "ayah": 118,
      "arabic": "وَهَدَيْنَـٰهُمَا ٱلصِّرَٰطَ ٱلْمُسْتَقِيمَ",
      "english": "And We guided them on the straight path.",
      "hausa": "Kuma Muka shiryar da su ga hanya mĩƙaƙƙiya."
    },
    {
      "ayah": 119,
      "arabic": "وَتَرَكْنَا عَلَيْهِمَا فِى ٱلْـَٔاخِرِينَ",
      "english": "And We left for them [favorable mention] among later generations:",
      "hausa": "Kuma Muka bar (yabo) a gare su a cikin mutãnen karshe."
    },
    {
      "ayah": 120,
      "arabic": "سَلَـٰمٌ عَلَىٰ مُوسَىٰ وَهَـٰرُونَ",
      "english": "\"Peace upon Moses and Aaron.\"",
      "hausa": "Aminci ya tabbata ga Mũsã da Hãruna."
    },
    {
      "ayah": 121,
      "arabic": "إِنَّا كَذَٰلِكَ نَجْزِى ٱلْمُحْسِنِينَ",
      "english": "Indeed, We thus reward the doers of good.",
      "hausa": "Lalle kamar haka Muke sãka wa mãsu kyautatãwa."
    },
    {
      "ayah": 122,
      "arabic": "إِنَّهُمَا مِنْ عِبَادِنَا ٱلْمُؤْمِنِينَ",
      "english": "Indeed, they were of Our believing servants.",
      "hausa": "Lalle, sunã daga bãyinMu mũminai."
    },
    {
      "ayah": 123,
      "arabic": "وَإِنَّ إِلْيَاسَ لَمِنَ ٱلْمُرْسَلِينَ",
      "english": "And indeed, Elias was from among the messengers,",
      "hausa": "Kuma lalle Ilyãs, haƙĩƙa, yanã daga Manzanni."
    },
    {
      "ayah": 124,
      "arabic": "إِذْ قَالَ لِقَوْمِهِۦٓ أَلَا تَتَّقُونَ",
      "english": "When he said to his people, \"Will you not fear Allah?",
      "hausa": "A lõkacin da yake ce wa mutãnensa, \"Ashe, bã zã ku yi taƙawa ba?\""
    },
    {
      "ayah": 125,
      "arabic": "أَتَدْعُونَ بَعْلًا وَتَذَرُونَ أَحْسَنَ ٱلْخَـٰلِقِينَ",
      "english": "Do you call upon Ba'l and leave the best of creators -",
      "hausa": "\"Shin, kunã bauta wa Ba'al ne, kuma kunã barin Mafi kyautatãwar mãsu halitta?\""
    },
    {
      "ayah": 126,
      "arabic": "ٱللَّهَ رَبَّكُمْ وَرَبَّ ءَابَآئِكُمُ ٱلْأَوَّلِينَ",
      "english": "Allah, your Lord and the Lord of your first forefathers?\"",
      "hausa": "\"Allah Ubangijinku, kuma Ubangijin ubanninku farko?\""
    },
    {
      "ayah": 127,
      "arabic": "فَكَذَّبُوهُ فَإِنَّهُمْ لَمُحْضَرُونَ",
      "english": "And they denied him, so indeed, they will be brought [for punishment],",
      "hausa": "Sai suka ƙaryata shi. Sabõda haka sũ lalle waɗanda zã a halartãwa ne (a wutã)."
    },
    {
      "ayah": 128,
      "arabic": "إِلَّا عِبَادَ ٱللَّهِ ٱلْمُخْلَصِينَ",
      "english": "Except the chosen servants of Allah.",
      "hausa": "Sai bãyin Allah waɗanda aka tsarkake."
    },
    {
      "ayah": 129,
      "arabic": "وَتَرَكْنَا عَلَيْهِ فِى ٱلْـَٔاخِرِينَ",
      "english": "And We left for him [favorable mention] among later generations:",
      "hausa": "Kuma Muka bar (yabo) a gare shi, a cikin mutãnen ƙarshe."
    },
    {
      "ayah": 130,
      "arabic": "سَلَـٰمٌ عَلَىٰٓ إِلْ يَاسِينَ",
      "english": "\"Peace upon Elias.\"",
      "hausa": "Aminci ya tabbata ga Ilyãs."
    },
    {
      "ayah": 131,
      "arabic": "إِنَّا كَذَٰلِكَ نَجْزِى ٱلْمُحْسِنِينَ",
      "english": "Indeed, We thus reward the doers of good.",
      "hausa": "Lalle Mũ kamar haka Muke sãka wa mãsu kyautatãwa."
    },
    {
      "ayah": 132,
      "arabic": "إِنَّهُۥ مِنْ عِبَادِنَا ٱلْمُؤْمِنِينَ",
      "english": "Indeed, he was of Our believing servants.",
      "hausa": "Lalle shĩ, yanã daga bãyinMu mũminai."
    },
    {
      "ayah": 133,
      "arabic": "وَإِنَّ لُوطًا لَّمِنَ ٱلْمُرْسَلِينَ",
      "english": "And indeed, Lot was among the messengers.",
      "hausa": "Kuma lalle Lũdu, haƙĩƙa, yanã daga Manzanni."
    },
    {
      "ayah": 134,
      "arabic": "إِذْ نَجَّيْنَـٰهُ وَأَهْلَهُۥٓ أَجْمَعِينَ",
      "english": "[So mention] when We saved him and his family, all,",
      "hausa": "A lõkacin da Muka tsĩrar da shi, da mutãnensa gabã ɗaya."
    },
    {
      "ayah": 135,
      "arabic": "إِلَّا عَجُوزًا فِى ٱلْغَـٰبِرِينَ",
      "english": "Except his wife among those who remained [with the evildoers].",
      "hausa": "Sai wata tsõhuwa tanã a cikin mãsu wanzuwa (a cikin azãba)."
    },
    {
      "ayah": 136,
      "arabic": "ثُمَّ دَمَّرْنَا ٱلْـَٔاخَرِينَ",
      "english": "Then We destroyed the others.",
      "hausa": "Sã'an nan Muka darkãke waɗansu mutãnen."
    },
    {
      "ayah": 137,
      "arabic": "وَإِنَّكُمْ لَتَمُرُّونَ عَلَيْهِم مُّصْبِحِينَ",
      "english": "And indeed, you pass by them in the morning",
      "hausa": "Kuma lalle kũ, haƙĩƙa, kunã shũɗewa a kansu, kunã mãsu asubanci."
    },
    {
      "ayah": 138,
      "arabic": "وَبِٱلَّيْلِ ۗ أَفَلَا تَعْقِلُونَ",
      "english": "And at night. Then will you not use reason?",
      "hausa": "Kuma da dare. Shin fa, bã zã ku hankalta ba?"
    },
    {
      "ayah": 139,
      "arabic": "وَإِنَّ يُونُسَ لَمِنَ ٱلْمُرْسَلِينَ",
      "english": "And indeed, Jonah was among the messengers.",
      "hausa": "Kuma lalle Yũnusa, haƙĩƙa, yanã daga Manzanni."
    },
    {
      "ayah": 140,
      "arabic": "إِذْ أَبَقَ إِلَى ٱلْفُلْكِ ٱلْمَشْحُونِ",
      "english": "[Mention] when he ran away to the laden ship.",
      "hausa": "A lõkacin da ya gudu zuwa ga jirgin ruwa wanda aka yi wa lõdi."
    },
    {
      "ayah": 141,
      "arabic": "فَسَاهَمَ فَكَانَ مِنَ ٱلْمُدْحَضِينَ",
      "english": "And he drew lots and was among the losers.",
      "hausa": "Sã'an nan ya yi ƙuri'a, sai ya kasance a cikin waɗanda aka rinjaya."
    },
    {
      "ayah": 142,
      "arabic": "فَٱلْتَقَمَهُ ٱلْحُوتُ وَهُوَ مُلِيمٌ",
      "english": "Then the fish swallowed him, while he was blameworthy.",
      "hausa": "Sai kĩfi ya yi lõma da shi, alhãli kuwa yanã wanda ake zargi."
    },
    {
      "ayah": 143,
      "arabic": "فَلَوْلَآ أَنَّهُۥ كَانَ مِنَ ٱلْمُسَبِّحِينَ",
      "english": "And had he not been of those who exalt Allah,",
      "hausa": "To, ba dõmin lalle shi ya kasance daga mãsu tasbĩhi ba,"
    },
    {
      "ayah": 144,
      "arabic": "لَلَبِثَ فِى بَطْنِهِۦٓ إِلَىٰ يَوْمِ يُبْعَثُونَ",
      "english": "He would have remained inside its belly until the Day they are resurrected.",
      "hausa": "Lalle dã ya zauna a cikin cikinsa har ya zuwa rãnar da zã a tãyar da su."
    },
    {
      "ayah": 145,
      "arabic": "فَنَبَذْنَـٰهُ بِٱلْعَرَآءِ وَهُوَ سَقِيمٌ",
      "english": "But We threw him onto the open shore while he was ill.",
      "hausa": "Sai Muka jẽfa shi ga wani fĩli alhãli kuwa yanã mai raunin rashin lãfiya."
    },
    {
      "ayah": 146,
      "arabic": "وَأَنۢبَتْنَا عَلَيْهِ شَجَرَةً مِّن يَقْطِينٍ",
      "english": "And We caused to grow over him a gourd vine.",
      "hausa": "Kuma Muka tsirar da wata itãciya ta kankana a kusa da shi."
    },
    {
      "ayah": 147,
      "arabic": "وَأَرْسَلْنَـٰهُ إِلَىٰ مِا۟ئَةِ أَلْفٍ أَوْ يَزِيدُونَ",
      "english": "And We sent him to [his people of] a hundred thousand or more.",
      "hausa": "Kuma Muka aika shi zuwa ga waɗansu mutãne dubuɗari, kõ sunã ƙaruwa (a kan haka)."
    },
    {
      "ayah": 148,
      "arabic": "فَـَٔامَنُوا۟ فَمَتَّعْنَـٰهُمْ إِلَىٰ حِينٍ",
      "english": "And they believed, so We gave them enjoyment [of life] for a time.",
      "hausa": "Sai suka yi ĩmãni sabõda haka Muka jiyar da su dãdi har wani lõkaci."
    },
    {
      "ayah": 149,
      "arabic": "فَٱسْتَفْتِهِمْ أَلِرَبِّكَ ٱلْبَنَاتُ وَلَهُمُ ٱلْبَنُونَ",
      "english": "So inquire of them, [O Muhammad], \"Does your Lord have daughters while they have sons?",
      "hausa": "Sabõda haka, ka tambaye su, \"Shin, Ubangijinka ne da 'ya'ya mãtã, kuma su da ɗiya maza?\""
    },
    {
      "ayah": 150,
      "arabic": "أَمْ خَلَقْنَا ٱلْمَلَـٰٓئِكَةَ إِنَـٰثًا وَهُمْ شَـٰهِدُونَ",
      "english": "Or did We create the angels as females while they were witnesses?\"",
      "hausa": "Kõ kuma Mun halitta malã'iku mãtã ne, alhãli kuwa sũ sunãhalarce?"
    },
    {
      "ayah": 151,
      "arabic": "أَلَآ إِنَّهُم مِّنْ إِفْكِهِمْ لَيَقُولُونَ",
      "english": "Unquestionably, it is out of their [invented] falsehood that they say,",
      "hausa": "To! Lalle sũ, daga ƙiren ƙaryarsu sunã cẽwa."
    },
    {
      "ayah": 152,
      "arabic": "وَلَدَ ٱللَّهُ وَإِنَّهُمْ لَكَـٰذِبُونَ",
      "english": "\" Allah has begotten,\" and indeed, they are liars.",
      "hausa": "\"Allah Yã haihu,\" alhãli kuwa lalle sũ, haƙĩƙa maƙaryata ne."
    },
    {
      "ayah": 153,
      "arabic": "أَصْطَفَى ٱلْبَنَاتِ عَلَى ٱلْبَنِينَ",
      "english": "Has He chosen daughters over sons?",
      "hausa": "Shin, Yã zãɓi 'yã'ya mãtã ne a kan ɗiya maza?"
    },
    {
      "ayah": 154,
      "arabic": "مَا لَكُمْ كَيْفَ تَحْكُمُونَ",
      "english": "What is [wrong] with you? How do you make judgement?",
      "hausa": "Mẽ ya same ku? Yãya kuke hukuntãwa (wannanhukunci)?"
    },
    {
      "ayah": 155,
      "arabic": "أَفَلَا تَذَكَّرُونَ",
      "english": "Then will you not be reminded?",
      "hausa": "Shin, bã ku tunãni?"
    },
    {
      "ayah": 156,
      "arabic": "أَمْ لَكُمْ سُلْطَـٰنٌ مُّبِينٌ",
      "english": "Or do you have a clear authority?",
      "hausa": "Ko kuma kunã da wani dalĩli bayyananne ne?"
    },
    {
      "ayah": 157,
      "arabic": "فَأْتُوا۟ بِكِتَـٰبِكُمْ إِن كُنتُمْ صَـٰدِقِينَ",
      "english": "Then produce your scripture, if you should be truthful.",
      "hausa": "To, ku zo da littãfinku idan kun kasance mãsu gaskiya."
    },
    {
      "ayah": 158,
      "arabic": "وَجَعَلُوا۟ بَيْنَهُۥ وَبَيْنَ ٱلْجِنَّةِ نَسَبًا ۚ وَلَقَدْ عَلِمَتِ ٱلْجِنَّةُ إِنَّهُمْ لَمُحْضَرُونَ",
      "english": "And they have claimed between Him and the jinn a lineage, but the jinn have already known that they [who made such claims] will be brought to [punishment].",
      "hausa": "Kuma suka sanya nasaba a tsakãninSa da tsakãnin aljannu. Alhãli kuwa Lalle aljannu sun sani, \"Lalle sũ, haƙĩƙa waɗanda ake halartarwa ne (a cikin wutã.)\""
    },
    {
      "ayah": 159,
      "arabic": "سُبْحَـٰنَ ٱللَّهِ عَمَّا يَصِفُونَ",
      "english": "Exalted is Allah above what they describe,",
      "hausa": "Tsarki ya tabbata ga Allah daga abin da suke siffantãwa."
    },
    {
      "ayah": 160,
      "arabic": "إِلَّا عِبَادَ ٱللَّهِ ٱلْمُخْلَصِينَ",
      "english": "Except the chosen servants of Allah [who do not share in that sin].",
      "hausa": "Sai bãyin Allah waɗanda aka tsarkake."
    },
    {
      "ayah": 161,
      "arabic": "فَإِنَّكُمْ وَمَا تَعْبُدُونَ",
      "english": "So indeed, you [disbelievers] and whatever you worship,",
      "hausa": "To, lalle, ku da abin da kuke bautãwa,"
    },
    {
      "ayah": 162,
      "arabic": "مَآ أَنتُمْ عَلَيْهِ بِفَـٰتِنِينَ",
      "english": "You cannot tempt [anyone] away from Him",
      "hausa": "Ba ku zama mãsu buwãya ba a gare Shi."
    },
    {
      "ayah": 163,
      "arabic": "إِلَّا مَنْ هُوَ صَالِ ٱلْجَحِيمِ",
      "english": "Except he who is to [enter and] burn in the Hellfire.",
      "hausa": "Sai wanda yake mai shiga babbar wutã Jahĩm."
    },
    {
      "ayah": 164,
      "arabic": "وَمَا مِنَّآ إِلَّا لَهُۥ مَقَامٌ مَّعْلُومٌ",
      "english": "[The angels say], \"There is not among us any except that he has a known position.",
      "hausa": "\"Kuma bãbu kõwa daga cikinmu, fãce yanã da matsayi sananne.\""
    },
    {
      "ayah": 165,
      "arabic": "وَإِنَّا لَنَحْنُ ٱلصَّآفُّونَ",
      "english": "And indeed, we are those who line up [for prayer].",
      "hausa": "\"Kuma lalle mu, haƙĩƙa, mũ ne mãsu yin sahu-sahu (dõmin ibãda).\""
    },
    {
      "ayah": 166,
      "arabic": "وَإِنَّا لَنَحْنُ ٱلْمُسَبِّحُونَ",
      "english": "And indeed, we are those who exalt Allah.\"",
      "hausa": "\"Kuma lalle mũ haƙĩƙa, mũ ne mãsu yin tasbĩhi.\""
    },
    {
      "ayah": 167,
      "arabic": "وَإِن كَانُوا۟ لَيَقُولُونَ",
      "english": "And indeed, the disbelievers used to say,",
      "hausa": "Kuma lalle sũ, sun kasance sunã cẽwa,"
    },
    {
      "ayah": 168,
      "arabic": "لَوْ أَنَّ عِندَنَا ذِكْرًا مِّنَ ٱلْأَوَّلِينَ",
      "english": "\"If we had a message from [those of] the former peoples,",
      "hausa": "\"Dã lalle munã da wani littãfi irin na mutãnen farko.\""
    },
    {
      "ayah": 169,
      "arabic": "لَكُنَّا عِبَادَ ٱللَّهِ ٱلْمُخْلَصِينَ",
      "english": "We would have been the chosen servants of Allah.\"",
      "hausa": "\"Lalle dã mun kasance bãyin Allah waɗanda aka tsarkake.\""
    },
    {
      "ayah": 170,
      "arabic": "فَكَفَرُوا۟ بِهِۦ ۖ فَسَوْفَ يَعْلَمُونَ",
      "english": "But they disbelieved in it, so they are going to know.",
      "hausa": "Sai suka kãfirta da shi. Sabõda haka zã su sani."
    },
    {
      "ayah": 171,
      "arabic": "وَلَقَدْ سَبَقَتْ كَلِمَتُنَا لِعِبَادِنَا ٱلْمُرْسَلِينَ",
      "english": "And Our word has already preceded for Our servants, the messengers,",
      "hausa": "Kuma lalle, haƙĩƙa kalmarMu ta gabãta ga bãyinMu, Manzanni."
    },
    {
      "ayah": 172,
      "arabic": "إِنَّهُمْ لَهُمُ ٱلْمَنصُورُونَ",
      "english": "[That] indeed, they would be those given victory",
      "hausa": "Lalle sũ, haƙĩƙa, sũ ne waɗanda ake taimako."
    },
    {
      "ayah": 173,
      "arabic": "وَإِنَّ جُندَنَا لَهُمُ ٱلْغَـٰلِبُونَ",
      "english": "And [that] indeed, Our soldiers will be those who overcome.",
      "hausa": "Kuma lalle rundunarMu, haƙĩƙa, sũ ne marinjaya."
    },
    {
      "ayah": 174,
      "arabic": "فَتَوَلَّ عَنْهُمْ حَتَّىٰ حِينٍ",
      "english": "So, [O Muhammad], leave them for a time.",
      "hausa": "Sabõda haka juya daga barinsu, har a wani lõkaci."
    },
    {
      "ayah": 175,
      "arabic": "وَأَبْصِرْهُمْ فَسَوْفَ يُبْصِرُونَ",
      "english": "And see [what will befall] them, for they are going to see.",
      "hausa": "Ka nũna musu (gaskiya), da haka zã su dinga gani."
    },
    {
      "ayah": 176,
      "arabic": "أَفَبِعَذَابِنَا يَسْتَعْجِلُونَ",
      "english": "Then for Our punishment are they impatient?",
      "hausa": "Shin fa, da azabarMu suke nẽman gaggãwa?"
    },
    {
      "ayah": 177,
      "arabic": "فَإِذَا نَزَلَ بِسَاحَتِهِمْ فَسَآءَ صَبَاحُ ٱلْمُنذَرِينَ",
      "english": "But when it descends in their territory, then evil is the morning of those who were warned.",
      "hausa": "To, idan ta sauka ga farfãjiyarsu, to, sãfiyar wadanda ake yi wa gargaɗi ta mũnana."
    },
    {
      "ayah": 178,
      "arabic": "وَتَوَلَّ عَنْهُمْ حَتَّىٰ حِينٍ",
      "english": "And leave them for a time.",
      "hausa": "Kuma ka jũya daga barinsu har a wani lõkaci."
    },
    {
      "ayah": 179,
      "arabic": "وَأَبْصِرْ فَسَوْفَ يُبْصِرُونَ",
      "english": "And see, for they are going to see.",
      "hausa": "Ka nũna (musu gaskiya), da haka zã su dinga nũnãwa."
    },
    {
      "ayah": 180,
      "arabic": "سُبْحَـٰنَ رَبِّكَ رَبِّ ٱلْعِزَّةِ عَمَّا يَصِفُونَ",
      "english": "Exalted is your Lord, the Lord of might, above what they describe.",
      "hausa": "Tsarki ya tabbata ga Ubangijinka, Ubangijin rinjãye, daga barin abin da suke siffantãwa."
    },
    {
      "ayah": 181,
      "arabic": "وَسَلَـٰمٌ عَلَى ٱلْمُرْسَلِينَ",
      "english": "And peace upon the messengers.",
      "hausa": "Kuma aminci ya tabbata ga Manzanni."
    },
    {
      "ayah": 182,
      "arabic": "وَٱلْحَمْدُ لِلَّهِ رَبِّ ٱلْعَـٰلَمِينَ",
      "english": "And praise to Allah, Lord of the worlds.",
      "hausa": "Kuma gõdiya ta tabbata ga Allah Ubangijin halittu."
    }
  ]
}