{
  "surah": 91,
  "hasBasmallah": false,
  "basmallah": "",
  "verses": [
    {
      "ayah": 1,
      "arabic": "وَٱلشَّمْسِ وَضُحَىٰهَا",
      "english": "By the sun and its brightness",
      "hausa": "Ina rantsuwa da rãnã da hantsinta."
    },
    {
      "ayah": 2,
      "arabic": "وَٱلْقَمَرِ إِذَا تَلَىٰهَا",
      "english": "And [by] the moon when it follows it",
      "hausa": "Kuma da wata idan ya bi ta."
    },
    {
      "ayah": 3,
      "arabic": "وَٱلنَّهَارِ إِذَا جَلَّىٰهَا",
      "english": "And [by] the day when it displays it",
      "hausa": "Da yini a lõkacin da ya bayyana ta."
    },
    {
      "ayah": 4,
      "arabic": "وَٱلَّيْلِ إِذَا يَغْشَىٰهَا",
      "english": "And [by] the night when it covers it",
      "hausa": "Da dare a lõkacin da ya ke rufe ta."
    },
    {
      "ayah": 5,
      "arabic": "وَٱلسَّمَآءِ وَمَا بَنَىٰهَا",
      "english": "And [by] the sky and He who constructed it",
      "hausa": "Da sama da abin da ya gina ta."
    },
    {
      "ayah": 6,
      "arabic": "وَٱلْأَرْضِ وَمَا طَحَىٰهَا",
      "english": "And [by] the earth and He who spread it",
      "hausa": "Da ƙasã da abin da ya shimfiɗa ta."
    },
    {
      "ayah": 7,
      "arabic": "وَنَفْسٍ وَمَا سَوَّىٰهَا",
      "english": "And [by] the soul and He who proportioned it",
      "hausa": "Da rai da abin da ya daidaita shi."
    },
    {
      "ayah": 8,
      "arabic": "فَأَلْهَمَهَا فُجُورَهَا وَتَقْوَىٰهَا",
      "english": "And inspired it [with discernment of] its wickedness and its righteousness,",
      "hausa": "Sa'an nan ya sanar da shi fãjircinsa da shiryuwarsa."
    },
    {
      "ayah": 9,
      "arabic": "قَدْ أَفْلَحَ مَن زَكَّىٰهَا",
      "english": "He has succeeded who purifies it,",
      "hausa": "Lalle ne wanda ya tsarkake shi (rai) ya sãmi babban rabo."
    },
    {
      "ayah": 10,
      "arabic": "وَقَدْ خَابَ مَن دَسَّىٰهَا",
      "english": "And he has failed who instills it [with corruption].",
      "hausa": "Kuma lalle ne wanda ya turbuɗe shi (da laifi) ya tãɓe."
    },
    {
      "ayah": 11,
      "arabic": "كَذَّبَتْ ثَمُودُ بِطَغْوَىٰهَآ",
      "english": "Thamud denied [their prophet] by reason of their transgression,",
      "hausa": "Samũdãwa sun ƙaryata (Annabinsu), dõmin girman kansu."
    },
    {
      "ayah": 12,
      "arabic": "إِذِ ٱنۢبَعَثَ أَشْقَىٰهَا",
      "english": "When the most wretched of them was sent forth.",
      "hausa": "A lõkacin da mafi shaƙãwarsu ya tafi (wurin sõke rãkumar sãlihu)."
    },
    {
      "ayah": 13,
      "arabic": "فَقَالَ لَهُمْ رَسُولُ ٱللَّهِ نَاقَةَ ٱللَّهِ وَسُقْيَـٰهَا",
      "english": "And the messenger of Allah [Salih] said to them, \"[Do not harm] the she-camel of Allah or [prevent her from] her drink.\"",
      "hausa": "Sai Manzon Allah ya gaya musu cewa: \"Ina tsõratar da ku ga rãƙumar Allah da ruwan shanta!\""
    },
    {
      "ayah": 14,
      "arabic": "فَكَذَّبُوهُ فَعَقَرُوهَا فَدَمْدَمَ عَلَيْهِمْ رَبُّهُم بِذَنۢبِهِمْ فَسَوَّىٰهَا",
      "english": "But they denied him and hamstrung her. So their Lord brought down upon them destruction for their sin and made it equal [upon all of them].",
      "hausa": "Sai suka ƙaryata shi, sa'an nan suka sõke ta. Sabõda haka Ubangijinsu Ya darkãke su, sabõda zunubinsu. Sa'an nan Ya daidaita ta (azãbar ga mai laifi da maras laifi)."
    },
    {
      "ayah": 15,
      "arabic": "وَلَا يَخَافُ عُقْبَـٰهَا",
      "english": "And He does not fear the consequence thereof.",
      "hausa": "Kuma bã ya tsõron ãƙibarta (ita halakãwar)."
    }
  ]
}