{
  "surah": 32,
  "hasBasmallah": false,
  "basmallah": "",
  "verses": [
    {
      "ayah": 1,
      "arabic": "الٓمٓ",
      "english": "Alif, Lam, Meem.",
      "hausa": "A. L̃. M̃."
    },
    {
      "ayah": 2,
      "arabic": "تَنزِيلُ ٱلْكِتَـٰبِ لَا رَيْبَ فِيهِ مِن رَّبِّ ٱلْعَـٰلَمِينَ",
      "english": "[This is] the revelation of the Book about which there is no doubt from the Lord of the worlds.",
      "hausa": "Saukar da Littafin bãbu shakka a gare shi, daga Ubangijin tãlikai yake."
    },
    {
      "ayah": 3,
      "arabic": "أَمْ يَقُولُونَ ٱفْتَرَىٰهُ ۚ بَلْ هُوَ ٱلْحَقُّ مِن رَّبِّكَ لِتُنذِرَ قَوْمًا مَّآ أَتَىٰهُم مِّن نَّذِيرٍ مِّن قَبْلِكَ لَعَلَّهُمْ يَهْتَدُونَ",
      "english": "Or do they say, \"He invented it\"? Rather, it is the truth from your Lord, [O Muhammad], that you may warn a people to whom no warner has come before you [so] perhaps they will be guided.",
      "hausa": "Kõ sunã cẽwa (Muhammadu ne) ya ƙirƙira shi? Ã'a, shĩ ne gaskiya daga Ubangijinka, dõmin ka yi gargaɗi ga mutãne waɗanda wani mai gargaɗi bai je musu ba a gabãninka, fãtan zã su shiryu."
    },
    {
      "ayah": 4,
      "arabic": "ٱللَّهُ ٱلَّذِى خَلَقَ ٱلسَّمَـٰوَٰتِ وَٱلْأَرْضَ وَمَا بَيْنَهُمَا فِى سِتَّةِ أَيَّامٍ ثُمَّ ٱسْتَوَىٰ عَلَى ٱلْعَرْشِ ۖ مَا لَكُم مِّن دُونِهِۦ مِن وَلِىٍّ وَلَا شَفِيعٍ ۚ أَفَلَا تَتَذَكَّرُونَ",
      "english": "It is Allah who created the heavens and the earth and whatever is between them in six days; then He established Himself above the Throne. You have not besides Him any protector or any intercessor; so will you not be reminded?",
      "hausa": "Allah ne wanda Ya halitta sammai da ƙasa da abin da yake a tsakãninsu a cikin kwãnuka shida, sa'an nan Ya daidaita a kan Al'arshi. Bã ku da, baicin Shi, wani majiɓinci kuma babu wani maceci. Shin, bã zã ku yi tunãni ba?"
    },
    {
      "ayah": 5,
      "arabic": "يُدَبِّرُ ٱلْأَمْرَ مِنَ ٱلسَّمَآءِ إِلَى ٱلْأَرْضِ ثُمَّ يَعْرُجُ إِلَيْهِ فِى يَوْمٍ كَانَ مِقْدَارُهُۥٓ أَلْفَ سَنَةٍ مِّمَّا تَعُدُّونَ",
      "english": "He arranges [each] matter from the heaven to the earth; then it will ascend to Him in a Day, the extent of which is a thousand years of those which you count.",
      "hausa": "Yanã shirya al'amari daga sama zuwa ga ƙasã, sa'an nan ya tãka zuwa gare Shi a cikin yini, wanda gwargwadonsa shẽkaru dubu ne ga abin da kuke lissafãwa."
    },
    {
      "ayah": 6,
      "arabic": "ذَٰلِكَ عَـٰلِمُ ٱلْغَيْبِ وَٱلشَّهَـٰدَةِ ٱلْعَزِيزُ ٱلرَّحِيمُ",
      "english": "That is the Knower of the unseen and the witnessed, the Exalted in Might, the Merciful,",
      "hausa": "Wannan shĩ ne Masanin fake da bayyane, Mabuwãyi, Mai jinƙai."
    },
    {
      "ayah": 7,
      "arabic": "ٱلَّذِىٓ أَحْسَنَ كُلَّ شَىْءٍ خَلَقَهُۥ ۖ وَبَدَأَ خَلْقَ ٱلْإِنسَـٰنِ مِن طِينٍ",
      "english": "Who perfected everything which He created and began the creation of man from clay.",
      "hausa": "Wanda Ya kyautata kõme, Wanda Ya halitta shi. Shi ne kuma Ya fãra halittar mutum daga lãka."
    },
    {
      "ayah": 8,
      "arabic": "ثُمَّ جَعَلَ نَسْلَهُۥ مِن سُلَـٰلَةٍ مِّن مَّآءٍ مَّهِينٍ",
      "english": "Then He made his posterity out of the extract of a liquid disdained.",
      "hausa": "Sa'an nan Ya sanya ɗiyansa daga wani asali na wani ruwa wulãkantacce."
    },
    {
      "ayah": 9,
      "arabic": "ثُمَّ سَوَّىٰهُ وَنَفَخَ فِيهِ مِن رُّوحِهِۦ ۖ وَجَعَلَ لَكُمُ ٱلسَّمْعَ وَٱلْأَبْصَـٰرَ وَٱلْأَفْـِٔدَةَ ۚ قَلِيلًا مَّا تَشْكُرُونَ",
      "english": "Then He proportioned him and breathed into him from His [created] soul and made for you hearing and vision and hearts; little are you grateful.",
      "hausa": "Sa'an nan Ya daidaita shi, kuma Ya hũra a cikinsa, daga ruhinSa kuma Ya sanya muku ji, da ganunuwa da zukãta. Gõdiyarku kaɗan ce ƙwarai."
    },
    {
      "ayah": 10,
      "arabic": "وَقَالُوٓا۟ أَءِذَا ضَلَلْنَا فِى ٱلْأَرْضِ أَءِنَّا لَفِى خَلْقٍ جَدِيدٍۭ ۚ بَلْ هُم بِلِقَآءِ رَبِّهِمْ كَـٰفِرُونَ",
      "english": "And they say, \"When we are lost within the earth, will we indeed be [recreated] in a new creation?\" Rather, they are, in [the matter of] the meeting with their Lord, disbelievers.",
      "hausa": "Kuma suka ce: \"Shin, idan mun ɓace a cikin ƙasã, shin, lalle mu, tabbas ne munã zama a cikin wata halitta sãbuwa?\" Ã'a, su game da gamuwa da Ubangijinsu kãfirai"
    },
    {
      "ayah": 11,
      "arabic": "قُلْ يَتَوَفَّىٰكُم مَّلَكُ ٱلْمَوْتِ ٱلَّذِى وُكِّلَ بِكُمْ ثُمَّ إِلَىٰ رَبِّكُمْ تُرْجَعُونَ",
      "english": "Say, \"The angel of death will take you who has been entrusted with you. Then to your Lord you will be returned.\"",
      "hausa": "Ka ce: \"Mala, ikin mutuwa ne. wanda aka wakkala a gare ku, shĩ ne ke karɓar rãyukanku. Sa'an nan zuwa ga Ubangijinku ake mayar da ku.\""
    },
    {
      "ayah": 12,
      "arabic": "وَلَوْ تَرَىٰٓ إِذِ ٱلْمُجْرِمُونَ نَاكِسُوا۟ رُءُوسِهِمْ عِندَ رَبِّهِمْ رَبَّنَآ أَبْصَرْنَا وَسَمِعْنَا فَٱرْجِعْنَا نَعْمَلْ صَـٰلِحًا إِنَّا مُوقِنُونَ",
      "english": "If you could but see when the criminals are hanging their heads before their Lord, [saying], \"Our Lord, we have seen and heard, so return us [to the world]; we will work righteousness. Indeed, we are [now] certain.\"",
      "hausa": "Kuma da kã gani a lõkacin da mãsu laifi suke mãsu sunkuyar da kawunansu a wurin Ubangijinsu, \"Ya Ubangijinmu! Mun gani, kuma mun ji, to, Ka mayar da mu mu aikata aiki na ƙwarai. Lalle mũ mãsu yaƙĩni ne.\""
    },
    {
      "ayah": 13,
      "arabic": "وَلَوْ شِئْنَا لَـَٔاتَيْنَا كُلَّ نَفْسٍ هُدَىٰهَا وَلَـٰكِنْ حَقَّ ٱلْقَوْلُ مِنِّى لَأَمْلَأَنَّ جَهَنَّمَ مِنَ ٱلْجِنَّةِ وَٱلنَّاسِ أَجْمَعِينَ",
      "english": "And if We had willed, We could have given every soul its guidance, but the word from Me will come into effect [that] \"I will surely fill Hell with jinn and people all together.",
      "hausa": "Kuma dã Mun so dã Mun bai wa kõwane rai shiriyarsa to, amma magana ta tabbata daga gare Ni! Lalle ne Inã cika Jahannama daga aljannu da mutãne gabã ɗaya."
    },
    {
      "ayah": 14,
      "arabic": "فَذُوقُوا۟ بِمَا نَسِيتُمْ لِقَآءَ يَوْمِكُمْ هَـٰذَآ إِنَّا نَسِينَـٰكُمْ ۖ وَذُوقُوا۟ عَذَابَ ٱلْخُلْدِ بِمَا كُنتُمْ تَعْمَلُونَ",
      "english": "So taste [punishment] because you forgot the meeting of this, your Day; indeed, We have [accordingly] forgotten you. And taste the punishment of eternity for what you used to do.\"",
      "hausa": "To, ku ɗanɗana sabõda abin da kuka manta na haɗuwa da ranarku wannan. Lalle Mũ mã Mun manta da ku, kuma ku dãnɗani azãbar dawwama sabõda abin da kuka kasance kunã aikatãwa."
    },
    {
      "ayah": 15,
      "arabic": "إِنَّمَا يُؤْمِنُ بِـَٔايَـٰتِنَا ٱلَّذِينَ إِذَا ذُكِّرُوا۟ بِهَا خَرُّوا۟ سُجَّدًا وَسَبَّحُوا۟ بِحَمْدِ رَبِّهِمْ وَهُمْ لَا يَسْتَكْبِرُونَ ۩",
      "english": "Only those believe in Our verses who, when they are reminded by them, fall down in prostration and exalt [Allah] with praise of their Lord, and they are not arrogant.",
      "hausa": "Waɗanda ke ĩmãni da ãyõyinMu kawai, sũ ne waɗanda idan aka karanta musu ãyõyinMu sai su fãɗi sunã mãsu sujada kuma su yi tasbĩhi game da gõde wa Ubangijinsu, alhãli kuwa su bã su yin girman kai."
    },
    {
      "ayah": 16,
      "arabic": "تَتَجَافَىٰ جُنُوبُهُمْ عَنِ ٱلْمَضَاجِعِ يَدْعُونَ رَبَّهُمْ خَوْفًا وَطَمَعًا وَمِمَّا رَزَقْنَـٰهُمْ يُنفِقُونَ",
      "english": "They arise from [their] beds; they supplicate their Lord in fear and aspiration, and from what We have provided them, they spend.",
      "hausa": "Sãsanninsu nã nĩsanta daga wurãren kwanciya, sunã kiran Ubangijinsu bisa ga tsõro da ɗammãni, kuma sunã ciryawa daga abin da Muka azurta su."
    },
    {
      "ayah": 17,
      "arabic": "فَلَا تَعْلَمُ نَفْسٌ مَّآ أُخْفِىَ لَهُم مِّن قُرَّةِ أَعْيُنٍ جَزَآءًۢ بِمَا كَانُوا۟ يَعْمَلُونَ",
      "english": "And no soul knows what has been hidden for them of comfort for eyes as reward for what they used to do.",
      "hausa": "Sabõda haka wani rai bai san abin da aka ɓõye musu ba, na sanyin idãnu, dõmin sakamako ga abin da suka kasance sunã aikatãwa."
    },
    {
      "ayah": 18,
      "arabic": "أَفَمَن كَانَ مُؤْمِنًا كَمَن كَانَ فَاسِقًا ۚ لَّا يَسْتَوُۥنَ",
      "english": "Then is one who was a believer like one who was defiantly disobedient? They are not equal.",
      "hausa": "Shin, wanda ya zama mũmini yanã kamar wanda ya zama fãsiƙi? Bã zã su yi daidai ba."
    },
    {
      "ayah": 19,
      "arabic": "أَمَّا ٱلَّذِينَ ءَامَنُوا۟ وَعَمِلُوا۟ ٱلصَّـٰلِحَـٰتِ فَلَهُمْ جَنَّـٰتُ ٱلْمَأْوَىٰ نُزُلًۢا بِمَا كَانُوا۟ يَعْمَلُونَ",
      "english": "As for those who believed and did righteous deeds, for them will be the Gardens of Refuge as accommodation for what they used to do.",
      "hausa": "Amma waɗanda suka yi ĩmãni, kuma suka aikata ayyukan ƙwafai, to, sunã da gidãjen Aljannar makõma, a kan liyãfa sabõda abin da suka kasance sunã aikatãwa."
    },
    {
      "ayah": 20,
      "arabic": "وَأَمَّا ٱلَّذِينَ فَسَقُوا۟ فَمَأْوَىٰهُمُ ٱلنَّارُ ۖ كُلَّمَآ أَرَادُوٓا۟ أَن يَخْرُجُوا۟ مِنْهَآ أُعِيدُوا۟ فِيهَا وَقِيلَ لَهُمْ ذُوقُوا۟ عَذَابَ ٱلنَّارِ ٱلَّذِى كُنتُم بِهِۦ تُكَذِّبُونَ",
      "english": "But as for those who defiantly disobeyed, their refuge is the Fire. Every time they wish to emerge from it, they will be returned to it while it is said to them, \"Taste the punishment of the Fire which you used to deny.\"",
      "hausa": "Kuma waɗanda suka yi fãsiƙanci to makõmarsu ita ce wuta, kõ da yaushe suka yi nufin su fita daga gare ta, sai a mayar da su a cikinta, kuma a ce musu: \"Ku ɗanɗana azãbai wutã, wadda kuka kasance kunã ƙaryatãwa game da ita.\""
    },
    {
      "ayah": 21,
      "arabic": "وَلَنُذِيقَنَّهُم مِّنَ ٱلْعَذَابِ ٱلْأَدْنَىٰ دُونَ ٱلْعَذَابِ ٱلْأَكْبَرِ لَعَلَّهُمْ يَرْجِعُونَ",
      "english": "And we will surely let them taste the nearer punishment short of the greater punishment that perhaps they will repent.",
      "hausa": "Kuma lalle Munã ɗanɗana musu daga azãba, mafi ƙasƙanci, kãfin a kai ga azãba mafi girma, dõmin fãtan za su kõmo."
    },
    {
      "ayah": 22,
      "arabic": "وَمَنْ أَظْلَمُ مِمَّن ذُكِّرَ بِـَٔايَـٰتِ رَبِّهِۦ ثُمَّ أَعْرَضَ عَنْهَآ ۚ إِنَّا مِنَ ٱلْمُجْرِمِينَ مُنتَقِمُونَ",
      "english": "And who is more unjust than one who is reminded of the verses of his Lord; then he turns away from them? Indeed We, from the criminals, will take retribution.",
      "hausa": "Kuma wãne ne ya fi zãlunci bisa ga wanda aka tunãtar da ãyõyin Ubangijinsa, sa'an na ya bijire daga barinsu? Lalle Mũ, Mãsu yin azãbar rãmuwa ne ga mãsu laifi."
    },
    {
      "ayah": 23,
      "arabic": "وَلَقَدْ ءَاتَيْنَا مُوسَى ٱلْكِتَـٰبَ فَلَا تَكُن فِى مِرْيَةٍ مِّن لِّقَآئِهِۦ ۖ وَجَعَلْنَـٰهُ هُدًى لِّبَنِىٓ إِسْرَٰٓءِيلَ",
      "english": "And We certainly gave Moses the Scripture, so do not be in doubt over his meeting. And we made the Torah guidance for the Children of Israel.",
      "hausa": "Kuma lalle haƙĩƙa, Mun bai wa Mũsã Littafi, sabõda haka kada ka kasance a cikin shakka daga haɗuwa da shi. Kuma Mun sanya shi ya zama shiriya ga Banĩ Isrã'ĩla."
    },
    {
      "ayah": 24,
      "arabic": "وَجَعَلْنَا مِنْهُمْ أَئِمَّةً يَهْدُونَ بِأَمْرِنَا لَمَّا صَبَرُوا۟ ۖ وَكَانُوا۟ بِـَٔايَـٰتِنَا يُوقِنُونَ",
      "english": "And We made from among them leaders guiding by Our command when they were patient and [when] they were certain of Our signs.",
      "hausa": "Kuma Mun sanya shugabanni daga cikinsu, sunã shiryarwa da umurninMu, a lõkacin da suka yi haƙuri, kuma sun kasance sunã yin yaƙĩni da ãyõyinMu."
    },
    {
      "ayah": 25,
      "arabic": "إِنَّ رَبَّكَ هُوَ يَفْصِلُ بَيْنَهُمْ يَوْمَ ٱلْقِيَـٰمَةِ فِيمَا كَانُوا۟ فِيهِ يَخْتَلِفُونَ",
      "english": "Indeed, your Lord will judge between them on the Day of Resurrection concerning that over which they used to differ.",
      "hausa": "Lalle Ubangijinka shĩ ne zai rarrabe a tsakãninsu a Rãnar ¡iyãma a cikin abin da suka kasance sunã sãɓa wa jũna a cikinsa."
    },
    {
      "ayah": 26,
      "arabic": "أَوَلَمْ يَهْدِ لَهُمْ كَمْ أَهْلَكْنَا مِن قَبْلِهِم مِّنَ ٱلْقُرُونِ يَمْشُونَ فِى مَسَـٰكِنِهِمْ ۚ إِنَّ فِى ذَٰلِكَ لَـَٔايَـٰتٍ ۖ أَفَلَا يَسْمَعُونَ",
      "english": "Has it not become clear to them how many generations We destroyed before them, [as] they walk among their dwellings? Indeed in that are signs; then do they not hear?",
      "hausa": "Shin, ba ya shiryar da su cẽwa da yawa Muka halakara gabãninsu, daga al'ummõmi sunã tafiya a cikin masaukansu? Lalle a cikin wancan akwai ãyõyi. Shin, ba su jĩ ne?"
    },
    {
      "ayah": 27,
      "arabic": "أَوَلَمْ يَرَوْا۟ أَنَّا نَسُوقُ ٱلْمَآءَ إِلَى ٱلْأَرْضِ ٱلْجُرُزِ فَنُخْرِجُ بِهِۦ زَرْعًا تَأْكُلُ مِنْهُ أَنْعَـٰمُهُمْ وَأَنفُسُهُمْ ۖ أَفَلَا يُبْصِرُونَ",
      "english": "Have they not seen that We drive the water [in clouds] to barren land and bring forth thereby crops from which their livestock eat and [they] themselves? Then do they not see?",
      "hausa": "Shin, kuma ba su gani ba cẽwa lalle Mũ, Munã kõra ruwa zuwa ga ƙasã ƙeƙasasshiya, sa'an nan Mu fitar, game da shi, wata shũka wadda dabbõbinsu, da su kansu ke ci daga gare ta? Ashe fa ba su gani ba?"
    },
    {
      "ayah": 28,
      "arabic": "وَيَقُولُونَ مَتَىٰ هَـٰذَا ٱلْفَتْحُ إِن كُنتُمْ صَـٰدِقِينَ",
      "english": "And they say, \"When will be this conquest, if you should be truthful?\"",
      "hausa": "Kuma sunã cẽwa, \"Yaushe wannan hukunci yake, aukuwa idan kun kasance mãsu gaskiya?\""
    },
    {
      "ayah": 29,
      "arabic": "قُلْ يَوْمَ ٱلْفَتْحِ لَا يَنفَعُ ٱلَّذِينَ كَفَرُوٓا۟ إِيمَـٰنُهُمْ وَلَا هُمْ يُنظَرُونَ",
      "english": "Say, [O Muhammad], \"On the Day of Conquest the belief of those who had disbelieved will not benefit them, nor will they be reprieved.\"",
      "hausa": "Ka ce: \"Ranar hukuncin nan, ĩmãnin waɗanda suka kãfirta bã zai amfãne su ba (a cikinta) kuma bã zã a yi musu jinkiri ba.\""
    },
    {
      "ayah": 30,
      "arabic": "فَأَعْرِضْ عَنْهُمْ وَٱنتَظِرْ إِنَّهُم مُّنتَظِرُونَ",
      "english": "So turn away from them and wait. Indeed, they are waiting.",
      "hausa": "Sabõda haka ka kau da kai daga barinsu, kuma, ka yi jira lalle, sũ ma mãsu jira ne."
    }
  ]
}