{
  "surah": 18,
  "hasBasmallah": false,
  "basmallah": "",
  "verses": [
    {
      "ayah": 1,
      "arabic": "ٱلْحَمْدُ لِلَّهِ ٱلَّذِىٓ أَنزَلَ عَلَىٰ عَبْدِهِ ٱلْكِتَـٰبَ وَلَمْ يَجْعَل لَّهُۥ عِوَجَا ۜ",
      "english": "[All] praise is [due] to Allah, who has sent down upon His Servant the Book and has not made therein any deviance.",
      "hausa": "Gõdiya ta tabbata ga Allah wanda Ya saukar da Littafi a kan bãwansa kuma bai sanya karkata ba a gare shi."
    },
    {
      "ayah": 2,
      "arabic": "قَيِّمًا لِّيُنذِرَ بَأْسًا شَدِيدًا مِّن لَّدُنْهُ وَيُبَشِّرَ ٱلْمُؤْمِنِينَ ٱلَّذِينَ يَعْمَلُونَ ٱلصَّـٰلِحَـٰتِ أَنَّ لَهُمْ أَجْرًا حَسَنًا",
      "english": "[He has made it] straight, to warn of severe punishment from Him and to give good tidings to the believers who do righteous deeds that they will have a good reward",
      "hausa": "Madaidaici, dõmin Ya yi gargaɗi da azãba mai tsanani daga gare shi, kuma Ya yi bushãra ga mũminai, waɗanda suke aikata ayyuka na ƙwarai da (cẽwa) sunã da wata lãdã mai kyau."
    },
    {
      "ayah": 3,
      "arabic": "مَّـٰكِثِينَ فِيهِ أَبَدًا",
      "english": "In which they will remain forever",
      "hausa": "Sunã mãsu zama a cikinta har abada."
    },
    {
      "ayah": 4,
      "arabic": "وَيُنذِرَ ٱلَّذِينَ قَالُوا۟ ٱتَّخَذَ ٱللَّهُ وَلَدًا",
      "english": "And to warn those who say, \"Allah has taken a son.\"",
      "hausa": "Kuma Ya yi gargaɗi ga waɗanda suka ce: \"Allah yanã da ɗa.\""
    },
    {
      "ayah": 5,
      "arabic": "مَّا لَهُم بِهِۦ مِنْ عِلْمٍ وَلَا لِـَٔابَآئِهِمْ ۚ كَبُرَتْ كَلِمَةً تَخْرُجُ مِنْ أَفْوَٰهِهِمْ ۚ إِن يَقُولُونَ إِلَّا كَذِبًا",
      "english": "They have no knowledge of it, nor had their fathers. Grave is the word that comes out of their mouths; they speak not except a lie.",
      "hausa": "Ba su da wani ilmi game da wannan magana, kuma iyãyensu bã su da shi, abin da ke fita daga bãkunansu ya girma ga ya zama kalmar faɗa! Ba su faɗan kõme fãce ƙarya."
    },
    {
      "ayah": 6,
      "arabic": "فَلَعَلَّكَ بَـٰخِعٌ نَّفْسَكَ عَلَىٰٓ ءَاثَـٰرِهِمْ إِن لَّمْ يُؤْمِنُوا۟ بِهَـٰذَا ٱلْحَدِيثِ أَسَفًا",
      "english": "Then perhaps you would kill yourself through grief over them, [O Muhammad], if they do not believe in this message, [and] out of sorrow.",
      "hausa": "To, kã yi kusa ka halaka ranka a gurabbansu, wai dõmin ba su yi ĩmãni da wannan lãbãri ba sabõda baƙin ciki."
    },
    {
      "ayah": 7,
      "arabic": "إِنَّا جَعَلْنَا مَا عَلَى ٱلْأَرْضِ زِينَةً لَّهَا لِنَبْلُوَهُمْ أَيُّهُمْ أَحْسَنُ عَمَلًا",
      "english": "Indeed, We have made that which is on the earth adornment for it that We may test them [as to] which of them is best in deed.",
      "hausa": "Lalle ne Mũ, Mun sanya abin da ke kan ƙasa wata ƙawa ce gare ta, dõmin Mu jarraba su; wanne daga cikinsu zai zama mafi kyau ga aiki."
    },
    {
      "ayah": 8,
      "arabic": "وَإِنَّا لَجَـٰعِلُونَ مَا عَلَيْهَا صَعِيدًا جُرُزًا",
      "english": "And indeed, We will make that which is upon it [into] a barren ground.",
      "hausa": "Kuma lalle Mũ, Mãsu sanya abin da ke a kanta (ya zama) turɓãya ƙeƙasasshiya ne."
    },
    {
      "ayah": 9,
      "arabic": "أَمْ حَسِبْتَ أَنَّ أَصْحَـٰبَ ٱلْكَهْفِ وَٱلرَّقِيمِ كَانُوا۟ مِنْ ءَايَـٰتِنَا عَجَبًا",
      "english": "Or have you thought that the companions of the cave and the inscription were, among Our signs, a wonder?",
      "hausa": "Ko kuwa kã yi zaton cẽwa ma'abũta kõgo da allo sun kasance abin mãmãki daga ãyõyin Allah?"
    },
    {
      "ayah": 10,
      "arabic": "إِذْ أَوَى ٱلْفِتْيَةُ إِلَى ٱلْكَهْفِ فَقَالُوا۟ رَبَّنَآ ءَاتِنَا مِن لَّدُنكَ رَحْمَةً وَهَيِّئْ لَنَا مِنْ أَمْرِنَا رَشَدًا",
      "english": "[Mention] when the youths retreated to the cave and said, \"Our Lord, grant us from Yourself mercy and prepare for us from our affair right guidance.\"",
      "hausa": "A lõkacin da samarin suka tattara zuwa ga kõgon, sai suka ce: \"Ya Ubangijinmu! Ka bã mu wata rahama daga gare Ka, kuma Ka sauƙaƙe mana (sãmun) shiriya daga al'amarinmu.\""
    },
    {
      "ayah": 11,
      "arabic": "فَضَرَبْنَا عَلَىٰٓ ءَاذَانِهِمْ فِى ٱلْكَهْفِ سِنِينَ عَدَدًا",
      "english": "So We cast [a cover of sleep] over their ears within the cave for a number of years.",
      "hausa": "Sai Muka yi dũka a kan kunnunwansu, a cikin kõgon, shẽkaru mãsu yawa."
    },
    {
      "ayah": 12,
      "arabic": "ثُمَّ بَعَثْنَـٰهُمْ لِنَعْلَمَ أَىُّ ٱلْحِزْبَيْنِ أَحْصَىٰ لِمَا لَبِثُوٓا۟ أَمَدًا",
      "english": "Then We awakened them that We might show which of the two factions was most precise in calculating what [extent] they had remained in time.",
      "hausa": "Sa'an nan Muka tãyar da su, dõmin Mu san wane ɗayan ƙungiyõyin biyu suka fi lissãfi ga abin da suka zauna na lõkacin."
    },
    {
      "ayah": 13,
      "arabic": "نَّحْنُ نَقُصُّ عَلَيْكَ نَبَأَهُم بِٱلْحَقِّ ۚ إِنَّهُمْ فِتْيَةٌ ءَامَنُوا۟ بِرَبِّهِمْ وَزِدْنَـٰهُمْ هُدًى",
      "english": "It is We who relate to you, [O Muhammad], their story in truth. Indeed, they were youths who believed in their Lord, and We increased them in guidance.",
      "hausa": "Mu ne ke jẽranta maka lãbãrinsu da gaskiya. Lalle ne sũ, waɗansu samãri ne. Sun yi ĩmãni da Ubangijinsu, kuma Muka ƙãra musu wata shiriya."
    },
    {
      "ayah": 14,
      "arabic": "وَرَبَطْنَا عَلَىٰ قُلُوبِهِمْ إِذْ قَامُوا۟ فَقَالُوا۟ رَبُّنَا رَبُّ ٱلسَّمَـٰوَٰتِ وَٱلْأَرْضِ لَن نَّدْعُوَا۟ مِن دُونِهِۦٓ إِلَـٰهًا ۖ لَّقَدْ قُلْنَآ إِذًا شَطَطًا",
      "english": "And We made firm their hearts when they stood up and said, \"Our Lord is the Lord of the heavens and the earth. Never will we invoke besides Him any deity. We would have certainly spoken, then, an excessive transgression.",
      "hausa": "Kuma Muka ɗaure a kan zukãtansu, a lõkacin da suka tsayu, sa'an nan suka ce: \"Ubangijinmu Shĩ ne Ubangijin sammai daƙasa. Bã zã mu kirãyi waninSa abin bautawa ba. (Idan mun yi haka) lalle ne, haƙĩƙa, mun faɗi abin da ya ƙẽtare haddi a sa'an nan.\""
    },
    {
      "ayah": 15,
      "arabic": "هَـٰٓؤُلَآءِ قَوْمُنَا ٱتَّخَذُوا۟ مِن دُونِهِۦٓ ءَالِهَةً ۖ لَّوْلَا يَأْتُونَ عَلَيْهِم بِسُلْطَـٰنٍۭ بَيِّنٍ ۖ فَمَنْ أَظْلَمُ مِمَّنِ ٱفْتَرَىٰ عَلَى ٱللَّهِ كَذِبًا",
      "english": "These, our people, have taken besides Him deities. Why do they not bring for [worship of] them a clear authority? And who is more unjust than one who invents about Allah a lie?\"",
      "hausa": "\"Ga waɗannan mutãnenmu sun riƙi waninSa abin bautãwa! Don me bã su zuwa da wata hujja bayyananna a kansu (waɗanda ake bautawar)? To, wãne ne mafi zãlunci daga wanda ya ƙãga ƙarya ga Allah?\""
    },
    {
      "ayah": 16,
      "arabic": "وَإِذِ ٱعْتَزَلْتُمُوهُمْ وَمَا يَعْبُدُونَ إِلَّا ٱللَّهَ فَأْوُۥٓا۟ إِلَى ٱلْكَهْفِ يَنشُرْ لَكُمْ رَبُّكُم مِّن رَّحْمَتِهِۦ وَيُهَيِّئْ لَكُم مِّنْ أَمْرِكُم مِّرْفَقًا",
      "english": "[The youths said to one another], \"And when you have withdrawn from them and that which they worship other than Allah, retreat to the cave. Your Lord will spread out for you of His mercy and will prepare for you from your affair facility.\"",
      "hausa": "\"Kuma idan kun nĩsance su sũ da abin da suke bautãwa, fãce Allah, to, ku tattara zuwa ga kõgon sai Ubangijinku Ya watsa muku daga rahamarSa kuma Ya sauƙaƙe muku madõgara daga al'amarinku.\""
    },
    {
      "ayah": 17,
      "arabic": "وَتَرَى ٱلشَّمْسَ إِذَا طَلَعَت تَّزَٰوَرُ عَن كَهْفِهِمْ ذَاتَ ٱلْيَمِينِ وَإِذَا غَرَبَت تَّقْرِضُهُمْ ذَاتَ ٱلشِّمَالِ وَهُمْ فِى فَجْوَةٍ مِّنْهُ ۚ ذَٰلِكَ مِنْ ءَايَـٰتِ ٱللَّهِ ۗ مَن يَهْدِ ٱللَّهُ فَهُوَ ٱلْمُهْتَدِ ۖ وَمَن يُضْلِلْ فَلَن تَجِدَ لَهُۥ وَلِيًّا مُّرْشِدًا",
      "english": "And [had you been present], you would see the sun when it rose, inclining away from their cave on the right, and when it set, passing away from them on the left, while they were [laying] within an open space thereof. That was from the signs of Allah. He whom Allah guides is the [rightly] guided, but he whom He leaves astray - never will you find for him a protecting guide.",
      "hausa": "Kuma kanã ganin rãnã idan ta fito tanã karkata daga kõgonsu wajen dãma kuma idan ta fãɗi tanã gurgura su wajen hagu, kuma su, sunã a cikin wani fili daga gare shi. Wannan abu yanã daga ãyõyin Allah. Wanda Allah Ya shiryar, to shĩ ne mai shiryuwa, kuma wanda Allah Ya ɓatar to bã zã ka sãmar masa wani majiɓinci mai shiryarwa ba."
    },
    {
      "ayah": 18,
      "arabic": "وَتَحْسَبُهُمْ أَيْقَاظًا وَهُمْ رُقُودٌ ۚ وَنُقَلِّبُهُمْ ذَاتَ ٱلْيَمِينِ وَذَاتَ ٱلشِّمَالِ ۖ وَكَلْبُهُم بَـٰسِطٌ ذِرَاعَيْهِ بِٱلْوَصِيدِ ۚ لَوِ ٱطَّلَعْتَ عَلَيْهِمْ لَوَلَّيْتَ مِنْهُمْ فِرَارًا وَلَمُلِئْتَ مِنْهُمْ رُعْبًا",
      "english": "And you would think them awake, while they were asleep. And We turned them to the right and to the left, while their dog stretched his forelegs at the entrance. If you had looked at them, you would have turned from them in flight and been filled by them with terror.",
      "hausa": "Kuma kanã zaton su farkakku ne, alhãli kuwa sũ mãsu barci ne. Munã jũya su wajen dãma da wajen hagu, kuma karensu yanã shimfiɗe da zirã'õ'in ƙafãfuwansa ga farfãjiya (ta kõgon). Dã ka lẽka (a kan) su (dã) lalle ne, ka jũya daga gare su a guje kuma (dã) lalle ne ka cika da tsõro daga gare su."
    },
    {
      "ayah": 19,
      "arabic": "وَكَذَٰلِكَ بَعَثْنَـٰهُمْ لِيَتَسَآءَلُوا۟ بَيْنَهُمْ ۚ قَالَ قَآئِلٌ مِّنْهُمْ كَمْ لَبِثْتُمْ ۖ قَالُوا۟ لَبِثْنَا يَوْمًا أَوْ بَعْضَ يَوْمٍ ۚ قَالُوا۟ رَبُّكُمْ أَعْلَمُ بِمَا لَبِثْتُمْ فَٱبْعَثُوٓا۟ أَحَدَكُم بِوَرِقِكُمْ هَـٰذِهِۦٓ إِلَى ٱلْمَدِينَةِ فَلْيَنظُرْ أَيُّهَآ أَزْكَىٰ طَعَامًا فَلْيَأْتِكُم بِرِزْقٍ مِّنْهُ وَلْيَتَلَطَّفْ وَلَا يُشْعِرَنَّ بِكُمْ أَحَدًا",
      "english": "And similarly, We awakened them that they might question one another. Said a speaker from among them, \"How long have you remained [here]?\" They said, \"We have remained a day or part of a day.\" They said, \"Your Lord is most knowing of how long you remained. So send one of you with this silver coin of yours to the city and let him look to which is the best of food and bring you provision from it and let him be cautious. And let no one be aware of you.",
      "hausa": "Kuma kamar wannan ne Muka tãyar da su, dõmin su tambayi jũna a tsakãninsu. Wani mai magana daga cikinsu ya ce: \"Mẽne ne lõkacin da kuka zauna?\" suka ce: \"Mun zauna yini ɗaya ko sãshen yini.\" Suka ce: \"Ubangijinku ne Mafi sani ga abin da kuka zauna. To, ku aika da ɗayanku, game da azurfarku wannan, zuwa ga birnin. Sai ya dũba wanne ne mafi tsarki ga abin dafãwa, sai ya zo muku da abinci daga gare shi. Kuma sai ya yi da hankali, kada ya sanar da ku ga wani mutum.\""
    },
    {
      "ayah": 20,
      "arabic": "إِنَّهُمْ إِن يَظْهَرُوا۟ عَلَيْكُمْ يَرْجُمُوكُمْ أَوْ يُعِيدُوكُمْ فِى مِلَّتِهِمْ وَلَن تُفْلِحُوٓا۟ إِذًا أَبَدًا",
      "english": "Indeed, if they come to know of you, they will stone you or return you to their religion. And never would you succeed, then - ever.\"",
      "hausa": "\"Lalle ne sũ idan sun kãmã ku, zã su jẽfẽ ku, kõ kuwa su mayar da ku a cikin addininsu kuma bã zã ku sãmi babban rabo, ba, a sa'an nan har abada.\""
    },
    {
      "ayah": 21,
      "arabic": "وَكَذَٰلِكَ أَعْثَرْنَا عَلَيْهِمْ لِيَعْلَمُوٓا۟ أَنَّ وَعْدَ ٱللَّهِ حَقٌّ وَأَنَّ ٱلسَّاعَةَ لَا رَيْبَ فِيهَآ إِذْ يَتَنَـٰزَعُونَ بَيْنَهُمْ أَمْرَهُمْ ۖ فَقَالُوا۟ ٱبْنُوا۟ عَلَيْهِم بُنْيَـٰنًا ۖ رَّبُّهُمْ أَعْلَمُ بِهِمْ ۚ قَالَ ٱلَّذِينَ غَلَبُوا۟ عَلَىٰٓ أَمْرِهِمْ لَنَتَّخِذَنَّ عَلَيْهِم مَّسْجِدًا",
      "english": "And similarly, We caused them to be found that they [who found them] would know that the promise of Allah is truth and that of the Hour there is no doubt. [That was] when they disputed among themselves about their affair and [then] said, \"Construct over them a structure. Their Lord is most knowing about them.\" Said those who prevailed in the matter, \"We will surely take [for ourselves] over them a masjid.\"",
      "hausa": "Kuma kamar wancan ne, Muka nũna su (gare su) dõmin su san lalle wa'adin Allah gaskiya ne, kuma lalle ne Sa'a bãbu shakka a cikinta. A lõkacin da suke jãyayyar al'amarinsu a tsakãninsu sai suka ce: \"Ku gina wani gini a kansu, Ubangijinsu ne Mafi sani game da su.\" Waɗanda suka rinjãya a kan al'amarinsu suka ce: \"Lalle mu riƙi masãllãci a kansu.\""
    },
    {
      "ayah": 22,
      "arabic": "سَيَقُولُونَ ثَلَـٰثَةٌ رَّابِعُهُمْ كَلْبُهُمْ وَيَقُولُونَ خَمْسَةٌ سَادِسُهُمْ كَلْبُهُمْ رَجْمًۢا بِٱلْغَيْبِ ۖ وَيَقُولُونَ سَبْعَةٌ وَثَامِنُهُمْ كَلْبُهُمْ ۚ قُل رَّبِّىٓ أَعْلَمُ بِعِدَّتِهِم مَّا يَعْلَمُهُمْ إِلَّا قَلِيلٌ ۗ فَلَا تُمَارِ فِيهِمْ إِلَّا مِرَآءً ظَـٰهِرًا وَلَا تَسْتَفْتِ فِيهِم مِّنْهُمْ أَحَدًا",
      "english": "They will say there were three, the fourth of them being their dog; and they will say there were five, the sixth of them being their dog - guessing at the unseen; and they will say there were seven, and the eighth of them was their dog. Say, [O Muhammad], \"My Lord is most knowing of their number. None knows them except a few. So do not argue about them except with an obvious argument and do not inquire about them among [the speculators] from anyone.\"",
      "hausa": "Zã su ce: \"Uku ne da na huɗunsu karensu.\"Kuma sunã cẽwa, \"Biyar ne da na shidansu karensu,\" a kan jĩfa a cikin duhu. Kuma sunã cẽwa, \"Bakwaine da na takwas ɗinsu karensu.\"Ka ce: \"Ubangijĩna ne Mafi saniga ƙidãyarsu, bãbu wanda ya san su fãce kaɗan.\"Kada ka yi jãyayya bayyananna. Kuma kada ka yi fatawa ga kõwa daga gare su a cikin al'amarinsu."
    },
    {
      "ayah": 23,
      "arabic": "وَلَا تَقُولَنَّ لِشَا۟ىْءٍ إِنِّى فَاعِلٌ ذَٰلِكَ غَدًا",
      "english": "And never say of anything, \"Indeed, I will do that tomorrow,\"",
      "hausa": "Kuma kada lalle ka ce ga wani abu, \"Lalle ni, mai aikatãwa ne ga wancan a gõbe.\""
    },
    {
      "ayah": 24,
      "arabic": "إِلَّآ أَن يَشَآءَ ٱللَّهُ ۚ وَٱذْكُر رَّبَّكَ إِذَا نَسِيتَ وَقُلْ عَسَىٰٓ أَن يَهْدِيَنِ رَبِّى لِأَقْرَبَ مِنْ هَـٰذَا رَشَدًا",
      "english": "Except [when adding], \"If Allah wills.\" And remember your Lord when you forget [it] and say, \"Perhaps my Lord will guide me to what is nearer than this to right conduct.\"",
      "hausa": "Fãce idan Allah Ya so. Kuma ka ambaci Ubangijinka idan ka manta, kuma ka ce: \"¦ammãni ga Ubangijĩna, Ya shiryar da ni ga abin da yake shi ne mafi kusa ga wannan na shiriya.\""
    },
    {
      "ayah": 25,
      "arabic": "وَلَبِثُوا۟ فِى كَهْفِهِمْ ثَلَـٰثَ مِا۟ئَةٍ سِنِينَ وَٱزْدَادُوا۟ تِسْعًا",
      "english": "And they remained in their cave for three hundred years and exceeded by nine.",
      "hausa": "Kuma suka zauna a cikin kõgonsu shẽkaru ɗarĩ uku kuma suka daɗa tara."
    },
    {
      "ayah": 26,
      "arabic": "قُلِ ٱللَّهُ أَعْلَمُ بِمَا لَبِثُوا۟ ۖ لَهُۥ غَيْبُ ٱلسَّمَـٰوَٰتِ وَٱلْأَرْضِ ۖ أَبْصِرْ بِهِۦ وَأَسْمِعْ ۚ مَا لَهُم مِّن دُونِهِۦ مِن وَلِىٍّ وَلَا يُشْرِكُ فِى حُكْمِهِۦٓ أَحَدًا",
      "english": "Say, \"Allah is most knowing of how long they remained. He has [knowledge of] the unseen [aspects] of the heavens and the earth. How Seeing is He and how Hearing! They have not besides Him any protector, and He shares not His legislation with anyone.\"",
      "hausa": "Ka ce: \"Allah ne Mafi sani ga abin da suka zauna. Shĩ ne da (sanin) gaibin sammai da ƙasa. Mũne ne ya yi ganinSa da jinSa! Bã su da wani majiɓinci baicinSa kuma bã Ya tãrayya da kõwa a cikin hukuncinsa.\""
    },
    {
      "ayah": 27,
      "arabic": "وَٱتْلُ مَآ أُوحِىَ إِلَيْكَ مِن كِتَابِ رَبِّكَ ۖ لَا مُبَدِّلَ لِكَلِمَـٰتِهِۦ وَلَن تَجِدَ مِن دُونِهِۦ مُلْتَحَدًا",
      "english": "And recite, [O Muhammad], what has been revealed to you of the Book of your Lord. There is no changer of His words, and never will you find in other than Him a refuge.",
      "hausa": "Ka karanta abin da aka yi wahayi zuwa gare ka, na littãfin Ubangijinka. Bãbu mai musanyãwa ga kalmõminSa kuma bã zã kã sãmi wata madõgara ba daga waninsa."
    },
    {
      "ayah": 28,
      "arabic": "وَٱصْبِرْ نَفْسَكَ مَعَ ٱلَّذِينَ يَدْعُونَ رَبَّهُم بِٱلْغَدَوٰةِ وَٱلْعَشِىِّ يُرِيدُونَ وَجْهَهُۥ ۖ وَلَا تَعْدُ عَيْنَاكَ عَنْهُمْ تُرِيدُ زِينَةَ ٱلْحَيَوٰةِ ٱلدُّنْيَا ۖ وَلَا تُطِعْ مَنْ أَغْفَلْنَا قَلْبَهُۥ عَن ذِكْرِنَا وَٱتَّبَعَ هَوَىٰهُ وَكَانَ أَمْرُهُۥ فُرُطًا",
      "english": "And keep yourself patient [by being] with those who call upon their Lord in the morning and the evening, seeking His countenance. And let not your eyes pass beyond them, desiring adornments of the worldly life, and do not obey one whose heart We have made heedless of Our remembrance and who follows his desire and whose affair is ever [in] neglect.",
      "hausa": "Ka haƙurtar da ranka tãre da waɗanda ke kiran Ubangijinsu, sãfe da maraice, sunã nufin yardarSa. Kuma kada idãnunka su jũya daga barinsu, kanã nufin ƙawar rãyuwar dũniya. Kuma kada ka biwanda Muka shagaltar da zũciyarsa daga hukuncinMu, kuma ya bi son zuciyarsa, alhãli kuwa al'amarinsa ya kasance yin ɓarna."
    },
    {
      "ayah": 29,
      "arabic": "وَقُلِ ٱلْحَقُّ مِن رَّبِّكُمْ ۖ فَمَن شَآءَ فَلْيُؤْمِن وَمَن شَآءَ فَلْيَكْفُرْ ۚ إِنَّآ أَعْتَدْنَا لِلظَّـٰلِمِينَ نَارًا أَحَاطَ بِهِمْ سُرَادِقُهَا ۚ وَإِن يَسْتَغِيثُوا۟ يُغَاثُوا۟ بِمَآءٍ كَٱلْمُهْلِ يَشْوِى ٱلْوُجُوهَ ۚ بِئْسَ ٱلشَّرَابُ وَسَآءَتْ مُرْتَفَقًا",
      "english": "And say, \"The truth is from your Lord, so whoever wills - let him believe; and whoever wills - let him disbelieve.\" Indeed, We have prepared for the wrongdoers a fire whose walls will surround them. And if they call for relief, they will be relieved with water like murky oil, which scalds [their] faces. Wretched is the drink, and evil is the resting place.",
      "hausa": "Kuma ka ce: \"Gaskiya daga Ubangijinku take.\" Sabõda haka wanda ya so, to, ya yi ĩmãni, kuma wanda ya so, to, ya kãfirta. Lalle ne Mũ, Mun yi tattali dõmin azzãlumai wata wuta wadda shãmakunta, sun ƙẽwaye da su. Kuma idan sun nẽmi taimako sai a taimake su da wani ruwa kamar dabzar mai, yanã sõye fuskõki. Tir da abin shansu, kuma wutar ta yi mũnin zama mahũtarsu."
    },
    {
      "ayah": 30,
      "arabic": "إِنَّ ٱلَّذِينَ ءَامَنُوا۟ وَعَمِلُوا۟ ٱلصَّـٰلِحَـٰتِ إِنَّا لَا نُضِيعُ أَجْرَ مَنْ أَحْسَنَ عَمَلًا",
      "english": "Indeed, those who have believed and done righteous deeds - indeed, We will not allow to be lost the reward of any who did well in deeds.",
      "hausa": "Lalle ne waɗanda suka yi ĩmãni kuma suka aikata ayyukan ƙwarai lalle ne Mũ bã Mu tõzartar da lãdar wanda ya kyautata aiki."
    },
    {
      "ayah": 31,
      "arabic": "أُو۟لَـٰٓئِكَ لَهُمْ جَنَّـٰتُ عَدْنٍ تَجْرِى مِن تَحْتِهِمُ ٱلْأَنْهَـٰرُ يُحَلَّوْنَ فِيهَا مِنْ أَسَاوِرَ مِن ذَهَبٍ وَيَلْبَسُونَ ثِيَابًا خُضْرًا مِّن سُندُسٍ وَإِسْتَبْرَقٍ مُّتَّكِـِٔينَ فِيهَا عَلَى ٱلْأَرَآئِكِ ۚ نِعْمَ ٱلثَّوَابُ وَحَسُنَتْ مُرْتَفَقًا",
      "english": "Those will have gardens of perpetual residence; beneath them rivers will flow. They will be adorned therein with bracelets of gold and will wear green garments of fine silk and brocade, reclining therein on adorned couches. Excellent is the reward, and good is the resting place.",
      "hausa": "Waɗannan sunã da gidãjen Aljannar zama, ƙõramu na gudãna daga ƙarƙashinsu, anã sanya musu ƙawa, a cikinsu, daga mundãye na zinariya, kuma sunã tufantar waɗansu tũfãfi kõre, na alharĩni raƙĩƙi da alharini mai kauri sunã kishingiɗe a cikinsu, a kan, karagu. Mãdalla da sakamakonsu. Kuma Aljanna ta kyautatu da zama wurin hutãwa."
    },
    {
      "ayah": 32,
      "arabic": "وَٱضْرِبْ لَهُم مَّثَلًا رَّجُلَيْنِ جَعَلْنَا لِأَحَدِهِمَا جَنَّتَيْنِ مِنْ أَعْنَـٰبٍ وَحَفَفْنَـٰهُمَا بِنَخْلٍ وَجَعَلْنَا بَيْنَهُمَا زَرْعًا",
      "english": "And present to them an example of two men: We granted to one of them two gardens of grapevines, and We bordered them with palm trees and placed between them [fields of] crops.",
      "hausa": "Kuma ka buga musu misãli da waɗansu maza biyu. Mun sanya wa ɗayansu gõnaki biyu na inabõbi, kuma Muka kẽwayesu da itãcen dabĩnai, kuma Muka sanya shũka a tsakãninsu (sũ gõnakin)."
    },
    {
      "ayah": 33,
      "arabic": "كِلْتَا ٱلْجَنَّتَيْنِ ءَاتَتْ أُكُلَهَا وَلَمْ تَظْلِم مِّنْهُ شَيْـًٔا ۚ وَفَجَّرْنَا خِلَـٰلَهُمَا نَهَرًا",
      "english": "Each of the two gardens produced its fruit and did not fall short thereof in anything. And We caused to gush forth within them a river.",
      "hausa": "Kõwace gõna daga biyun, tã bãyar da amfãninta, kuma ba ta yi zãluncin kõme ba daga gare shi. Kuma Muka ɓuɓɓugar da ƙoramu a tsakãninsu."
    },
    {
      "ayah": 34,
      "arabic": "وَكَانَ لَهُۥ ثَمَرٌ فَقَالَ لِصَـٰحِبِهِۦ وَهُوَ يُحَاوِرُهُۥٓ أَنَا۠ أَكْثَرُ مِنكَ مَالًا وَأَعَزُّ نَفَرًا",
      "english": "And he had fruit, so he said to his companion while he was conversing with him, \"I am greater than you in wealth and mightier in [numbers of] men.\"",
      "hausa": "Kuma ɗan ĩtãce ya kasance gare shi. Sai ya ce wa abõkinsa, alhali kuwa yanã muhãwara da shi, \"Nĩ ne mafĩfĩci daga gare ka a wajen dũkiya, kuma mafi izza a wajen jama'a.\""
    },
    {
      "ayah": 35,
      "arabic": "وَدَخَلَ جَنَّتَهُۥ وَهُوَ ظَالِمٌ لِّنَفْسِهِۦ قَالَ مَآ أَظُنُّ أَن تَبِيدَ هَـٰذِهِۦٓ أَبَدًا",
      "english": "And he entered his garden while he was unjust to himself. He said, \"I do not think that this will perish - ever.",
      "hausa": "Kuma ya shiga gõnarsa, alhãli yanã mai zãlunci ga kansa, ya ce: \"Bã ni zaton wannan zã ta halaka har abada.\""
    },
    {
      "ayah": 36,
      "arabic": "وَمَآ أَظُنُّ ٱلسَّاعَةَ قَآئِمَةً وَلَئِن رُّدِدتُّ إِلَىٰ رَبِّى لَأَجِدَنَّ خَيْرًا مِّنْهَا مُنقَلَبًا",
      "english": "And I do not think the Hour will occur. And even if I should be brought back to my Lord, I will surely find better than this as a return.\"",
      "hausa": "\"Kuma bã ni zaton sa'a mai tsayuwa ce, kuma lalle ne, idan an mayar da ni zuwa ga Ubangijiĩna, to, lalle ne, zan sãmi abin da yake mafi alhẽri daga gare ta ya zama makõma.\""
    },
    {
      "ayah": 37,
      "arabic": "قَالَ لَهُۥ صَاحِبُهُۥ وَهُوَ يُحَاوِرُهُۥٓ أَكَفَرْتَ بِٱلَّذِى خَلَقَكَ مِن تُرَابٍ ثُمَّ مِن نُّطْفَةٍ ثُمَّ سَوَّىٰكَ رَجُلًا",
      "english": "His companion said to him while he was conversing with him, \"Have you disbelieved in He who created you from dust and then from a sperm-drop and then proportioned you [as] a man?",
      "hausa": "Abõkinsa ya ce masa, alhãli kuwa yanã muhãwara da shi, \"Ashe kã kãfirta da wanda Ya halitta ka daga turɓaya, sa'an nan daga ɗigon maniyi, sa, an nan Ya daidaita ka, ka zama mutum?\""
    },
    {
      "ayah": 38,
      "arabic": "لَّـٰكِنَّا۠ هُوَ ٱللَّهُ رَبِّى وَلَآ أُشْرِكُ بِرَبِّىٓ أَحَدًا",
      "english": "But as for me, He is Allah, my Lord, and I do not associate with my Lord anyone.",
      "hausa": "\"Amma ni, shĩ ne Allah Ubangijina, kuma bã zan tãra kõwa da Ubangijina ba\""
    },
    {
      "ayah": 39,
      "arabic": "وَلَوْلَآ إِذْ دَخَلْتَ جَنَّتَكَ قُلْتَ مَا شَآءَ ٱللَّهُ لَا قُوَّةَ إِلَّا بِٱللَّهِ ۚ إِن تَرَنِ أَنَا۠ أَقَلَّ مِنكَ مَالًا وَوَلَدًا",
      "english": "And why did you, when you entered your garden, not say, 'What Allah willed [has occurred]; there is no power except in Allah '? Although you see me less than you in wealth and children,",
      "hausa": "\"Kuma don me, a lõkacin da ka shiga gõnarka, ka, ce, 'Abin da Allah ya so (shi ke tabbata) bãbu wani ƙarfi fãce game da Allah.' Idan ka gan ni, ni ne mafi ƙaranci daga gare ka a wajen dũkiya da ɗiya.\""
    },
    {
      "ayah": 40,
      "arabic": "فَعَسَىٰ رَبِّىٓ أَن يُؤْتِيَنِ خَيْرًا مِّن جَنَّتِكَ وَيُرْسِلَ عَلَيْهَا حُسْبَانًا مِّنَ ٱلسَّمَآءِ فَتُصْبِحَ صَعِيدًا زَلَقًا",
      "english": "It may be that my Lord will give me [something] better than your garden and will send upon it a calamity from the sky, and it will become a smooth, dusty ground,",
      "hausa": "\"To, akwai fãtan Ubangijĩna Ya ba ni abin da yake mafi alhẽri daga gõnarka, kuma ya aika azãba a kanta (ita gõnarka) daga sama, sai ta wãyi gari turɓãya mai santsi.\""
    },
    {
      "ayah": 41,
      "arabic": "أَوْ يُصْبِحَ مَآؤُهَا غَوْرًا فَلَن تَسْتَطِيعَ لَهُۥ طَلَبًا",
      "english": "Or its water will become sunken [into the earth], so you would never be able to seek it.\"",
      "hausa": "\"Kõ kuma ruwanta ya wãyi gari faƙaƙƙe, sabõda haka, bã zã ka iya nẽmo shi ba dõminta.\""
    },
    {
      "ayah": 42,
      "arabic": "وَأُحِيطَ بِثَمَرِهِۦ فَأَصْبَحَ يُقَلِّبُ كَفَّيْهِ عَلَىٰ مَآ أَنفَقَ فِيهَا وَهِىَ خَاوِيَةٌ عَلَىٰ عُرُوشِهَا وَيَقُولُ يَـٰلَيْتَنِى لَمْ أُشْرِكْ بِرَبِّىٓ أَحَدًا",
      "english": "And his fruits were encompassed [by ruin], so he began to turn his hands about [in dismay] over what he had spent on it, while it had collapsed upon its trellises, and said, \"Oh, I wish I had not associated with my Lord anyone.\"",
      "hausa": "Kuma aka halaka dukan 'ya'yan itãcensa, sai ya wãyi gari yanã jũyar da tãfunansa biyu, sabõda abin da ya kashe a cikinta, alhãli kuwa ita tanã kwance a kan rassanta, kuma yanã cẽwa, \"Kaitõna, dã dai ban tãra wani da Ubangijina ba!\""
    },
    {
      "ayah": 43,
      "arabic": "وَلَمْ تَكُن لَّهُۥ فِئَةٌ يَنصُرُونَهُۥ مِن دُونِ ٱللَّهِ وَمَا كَانَ مُنتَصِرًا",
      "english": "And there was for him no company to aid him other than Allah, nor could he defend himself.",
      "hausa": "Kuma wata jama'a ba ta kasance a gare shi ba, waɗanda ke taimakon sa, baicin Allah, kuma bai kasance mai taimakon kansa ba."
    },
    {
      "ayah": 44,
      "arabic": "هُنَالِكَ ٱلْوَلَـٰيَةُ لِلَّهِ ٱلْحَقِّ ۚ هُوَ خَيْرٌ ثَوَابًا وَخَيْرٌ عُقْبًا",
      "english": "There the authority is [completely] for Allah, the Truth. He is best in reward and best in outcome.",
      "hausa": "A can taimako da jiɓinta ga Allah yake. Shĩ ne kawai Gaskiya, shĩ ne Mafĩfĩci ga lãda kumaMafĩ fĩci ga ãƙiba."
    },
    {
      "ayah": 45,
      "arabic": "وَٱضْرِبْ لَهُم مَّثَلَ ٱلْحَيَوٰةِ ٱلدُّنْيَا كَمَآءٍ أَنزَلْنَـٰهُ مِنَ ٱلسَّمَآءِ فَٱخْتَلَطَ بِهِۦ نَبَاتُ ٱلْأَرْضِ فَأَصْبَحَ هَشِيمًا تَذْرُوهُ ٱلرِّيَـٰحُ ۗ وَكَانَ ٱللَّهُ عَلَىٰ كُلِّ شَىْءٍ مُّقْتَدِرًا",
      "english": "And present to them the example of the life of this world, [its being] like rain which We send down from the sky, and the vegetation of the earth mingles with it and [then] it becomes dry remnants, scattered by the winds. And Allah is ever, over all things, Perfect in Ability.",
      "hausa": "Ka buga musu misãlin rãyuwar dũniya, kamar ruwane wanda Muka saukar da shi daga sama sa'an nan tsirin ƙasa ya garwaya da shi, sa'an nan ya wãyi gari dudduga, iska tanã shiƙar sa. Kuma Allah Ya kasance Mai yawan ĩkon yi ne a kan dukan kõme."
    },
    {
      "ayah": 46,
      "arabic": "ٱلْمَالُ وَٱلْبَنُونَ زِينَةُ ٱلْحَيَوٰةِ ٱلدُّنْيَا ۖ وَٱلْبَـٰقِيَـٰتُ ٱلصَّـٰلِحَـٰتُ خَيْرٌ عِندَ رَبِّكَ ثَوَابًا وَخَيْرٌ أَمَلًا",
      "english": "Wealth and children are [but] adornment of the worldly life. But the enduring good deeds are better to your Lord for reward and better for [one's] hope.",
      "hausa": "Dũkiya da ɗiya, sũ ne ƙawar rãyuwar dũniya, kuma ayyuka mãsu wanzuwa na ƙwarai sun fi zama alhẽri a wurin Ubangijinka ga lãda kuma sun fi alhẽri ga bũri."
    },
    {
      "ayah": 47,
      "arabic": "وَيَوْمَ نُسَيِّرُ ٱلْجِبَالَ وَتَرَى ٱلْأَرْضَ بَارِزَةً وَحَشَرْنَـٰهُمْ فَلَمْ نُغَادِرْ مِنْهُمْ أَحَدًا",
      "english": "And [warn of] the Day when We will remove the mountains and you will see the earth prominent, and We will gather them and not leave behind from them anyone.",
      "hausa": "Kuma a rãnar da Muke tafiyar da duwãtsu, kuma ka ga ƙasa bayyane, kuma Mu tãra su har ba Mu bar kõwa ba daga gare su."
    },
    {
      "ayah": 48,
      "arabic": "وَعُرِضُوا۟ عَلَىٰ رَبِّكَ صَفًّا لَّقَدْ جِئْتُمُونَا كَمَا خَلَقْنَـٰكُمْ أَوَّلَ مَرَّةٍۭ ۚ بَلْ زَعَمْتُمْ أَلَّن نَّجْعَلَ لَكُم مَّوْعِدًا",
      "english": "And they will be presented before your Lord in rows, [and He will say], \"You have certainly come to Us just as We created you the first time. But you claimed that We would never make for you an appointment.\"",
      "hausa": "Kuma a gittã su ga Ubangijinka sunã sahu guda, (Mu ce musu), \"Lalle ne haƙĩƙa kun zo Mana, kamar yadda Muka halitta ku a farkon lõkaci. Ã'a, kun riya cẽwa bã zã Mu sanya mukuwani lõkacin haɗuwa ba.\""
    },
    {
      "ayah": 49,
      "arabic": "وَوُضِعَ ٱلْكِتَـٰبُ فَتَرَى ٱلْمُجْرِمِينَ مُشْفِقِينَ مِمَّا فِيهِ وَيَقُولُونَ يَـٰوَيْلَتَنَا مَالِ هَـٰذَا ٱلْكِتَـٰبِ لَا يُغَادِرُ صَغِيرَةً وَلَا كَبِيرَةً إِلَّآ أَحْصَىٰهَا ۚ وَوَجَدُوا۟ مَا عَمِلُوا۟ حَاضِرًا ۗ وَلَا يَظْلِمُ رَبُّكَ أَحَدًا",
      "english": "And the record [of deeds] will be placed [open], and you will see the criminals fearful of that within it, and they will say, \"Oh, woe to us! What is this book that leaves nothing small or great except that it has enumerated it?\" And they will find what they did present [before them]. And your Lord does injustice to no one.",
      "hausa": "Kuma aka aza littãfin ayyuka, sai ka ga mãsu laifi sunã mãsu jin tsõro daga abin da ke cikinsa, kuma sunã cẽwa \"Kaitonmu! Mẽne ne ga wannan littãfi, bã ya barin ƙarama, kuma bã ya barin babba, fãce yã ƙididdige ta?\" Kuma suka sãmi abin da suka aikata halarce. Kuma Ubangijinka bã Ya zãluntar kõwa."
    },
    {
      "ayah": 50,
      "arabic": "وَإِذْ قُلْنَا لِلْمَلَـٰٓئِكَةِ ٱسْجُدُوا۟ لِـَٔادَمَ فَسَجَدُوٓا۟ إِلَّآ إِبْلِيسَ كَانَ مِنَ ٱلْجِنِّ فَفَسَقَ عَنْ أَمْرِ رَبِّهِۦٓ ۗ أَفَتَتَّخِذُونَهُۥ وَذُرِّيَّتَهُۥٓ أَوْلِيَآءَ مِن دُونِى وَهُمْ لَكُمْ عَدُوٌّۢ ۚ بِئْسَ لِلظَّـٰلِمِينَ بَدَلًا",
      "english": "And [mention] when We said to the angels, \"Prostrate to Adam,\" and they prostrated, except for Iblees. He was of the jinn and departed from the command of his Lord. Then will you take him and his descendants as allies other than Me while they are enemies to you? Wretched it is for the wrongdoers as an exchange.",
      "hausa": "Kuma a lõkacin da Muka ce wa malãiku, \"Ku yi sujada ga Ãdamu.\" Sai suka yi sujada fãce Iblĩsa, yã kasance daga aljannu sai ya yi fãsiƙanci ga barin umurnin Ubangijinsa, To fa, ashe, kunã riƙon sa, shi da zũriyarsa, su zama majiɓinta baicin Ni, alhãli kuwa su maƙiya ne a gare ku? Tir da ya zama musanya ga azzãlumai."
    },
    {
      "ayah": 51,
      "arabic": "مَّآ أَشْهَدتُّهُمْ خَلْقَ ٱلسَّمَـٰوَٰتِ وَٱلْأَرْضِ وَلَا خَلْقَ أَنفُسِهِمْ وَمَا كُنتُ مُتَّخِذَ ٱلْمُضِلِّينَ عَضُدًا",
      "english": "I did not make them witness to the creation of the heavens and the earth or to the creation of themselves, and I would not have taken the misguiders as assistants.",
      "hausa": "Ban shaida musu halittar sammai da ƙasa ba, kuma ban (shaida musu) halittar rãyukansu ba kuma ban kasance mai riƙon mãsu ɓatarwa (da wani) su zama mataimaka ba."
    },
    {
      "ayah": 52,
      "arabic": "وَيَوْمَ يَقُولُ نَادُوا۟ شُرَكَآءِىَ ٱلَّذِينَ زَعَمْتُمْ فَدَعَوْهُمْ فَلَمْ يَسْتَجِيبُوا۟ لَهُمْ وَجَعَلْنَا بَيْنَهُم مَّوْبِقًا",
      "english": "And [warn of] the Day when He will say, \"Call 'My partners' whom you claimed,\" and they will invoke them, but they will not respond to them. And We will put between them [a valley of] destruction.",
      "hausa": "Kuma da rãnar da Allah Yake cẽwa, \"Ku kirãyi abõkan tarayyãTa, waɗanda kuka riya.\" Sai su kirãye su, sai bã zã su karɓa musu ba, kuma Mu sanya Maubiƙa (Mahalaka) a tsakãninsu,"
    },
    {
      "ayah": 53,
      "arabic": "وَرَءَا ٱلْمُجْرِمُونَ ٱلنَّارَ فَظَنُّوٓا۟ أَنَّهُم مُّوَاقِعُوهَا وَلَمْ يَجِدُوا۟ عَنْهَا مَصْرِفًا",
      "english": "And the criminals will see the Fire and will be certain that they are to fall therein. And they will not find from it a way elsewhere.",
      "hausa": "Kuma mãsu laifi suka ga wutã suka tabbata lalle ne, sũ mãsu, auka mata ne, kuma ba su sãmi majũya ba daga gare ta."
    },
    {
      "ayah": 54,
      "arabic": "وَلَقَدْ صَرَّفْنَا فِى هَـٰذَا ٱلْقُرْءَانِ لِلنَّاسِ مِن كُلِّ مَثَلٍ ۚ وَكَانَ ٱلْإِنسَـٰنُ أَكْثَرَ شَىْءٍ جَدَلًا",
      "english": "And We have certainly diversified in this Qur'an for the people from every [kind of] example; but man has ever been, most of anything, [prone to] dispute.",
      "hausa": "Kuma lalle ne, haƙĩƙa, Mun jujjũya, a cikin wannan Alƙur'ãni, daga kõwane irin misãli ga mutãne (dõmin su gãne, su bi sharĩ'a), kuma mutum yã kasance mafi yawan abu ga jidãli."
    },
    {
      "ayah": 55,
      "arabic": "وَمَا مَنَعَ ٱلنَّاسَ أَن يُؤْمِنُوٓا۟ إِذْ جَآءَهُمُ ٱلْهُدَىٰ وَيَسْتَغْفِرُوا۟ رَبَّهُمْ إِلَّآ أَن تَأْتِيَهُمْ سُنَّةُ ٱلْأَوَّلِينَ أَوْ يَأْتِيَهُمُ ٱلْعَذَابُ قُبُلًا",
      "english": "And nothing has prevented the people from believing when guidance came to them and from asking forgiveness of their Lord except that there [must] befall them the [accustomed] precedent of the former peoples or that the punishment should come [directly] before them.",
      "hausa": "Kuma bãbu abin da ya hana mutãne su yi ĩmãni a lõkacinda shiriya ta zo musu, kuma su nẽmi gãfara daga Ubangijinsu, fãce hanyar farko ta je musu kõ kuma azãba ta jẽ musu nau'i-nau'i."
    },
    {
      "ayah": 56,
      "arabic": "وَمَا نُرْسِلُ ٱلْمُرْسَلِينَ إِلَّا مُبَشِّرِينَ وَمُنذِرِينَ ۚ وَيُجَـٰدِلُ ٱلَّذِينَ كَفَرُوا۟ بِٱلْبَـٰطِلِ لِيُدْحِضُوا۟ بِهِ ٱلْحَقَّ ۖ وَٱتَّخَذُوٓا۟ ءَايَـٰتِى وَمَآ أُنذِرُوا۟ هُزُوًا",
      "english": "And We send not the messengers except as bringers of good tidings and warners. And those who disbelieve dispute by [using] falsehood to [attempt to] invalidate thereby the truth and have taken My verses, and that of which they are warned, in ridicule.",
      "hausa": "Kuma ba Mu aika Manzanni ba fãce sunã mãsu bãyar da bushãra kuma mãsu gargaɗi, kuma waɗanda suka kãfirta sunã jidãli da ƙarya dõmin su ɓãta gaskiya da ita, kuma suka riƙi ãyõyiNa da abin da aka yi musu gargaɗi da shi abin izgili."
    },
    {
      "ayah": 57,
      "arabic": "وَمَنْ أَظْلَمُ مِمَّن ذُكِّرَ بِـَٔايَـٰتِ رَبِّهِۦ فَأَعْرَضَ عَنْهَا وَنَسِىَ مَا قَدَّمَتْ يَدَاهُ ۚ إِنَّا جَعَلْنَا عَلَىٰ قُلُوبِهِمْ أَكِنَّةً أَن يَفْقَهُوهُ وَفِىٓ ءَاذَانِهِمْ وَقْرًا ۖ وَإِن تَدْعُهُمْ إِلَى ٱلْهُدَىٰ فَلَن يَهْتَدُوٓا۟ إِذًا أَبَدًا",
      "english": "And who is more unjust than one who is reminded of the verses of his Lord but turns away from them and forgets what his hands have put forth? Indeed, We have placed over their hearts coverings, lest they understand it, and in their ears deafness. And if you invite them to guidance - they will never be guided, then - ever.",
      "hausa": "Kuma wãne ne mafi zãlunci daga wanda aka tunãtar game da ãyõyin Ubangijinsa, sai ya bijire daga barinsu, kuma ya manta abin da hannãyensa suka gabãtar? Lalle ne Mũ, Mun sanya abũbuwan rufi a kan zukãtansu dõmin kada su fahimcẽ shi, kuma a cikin kunnuwansu (Mun sanya) wani nauyi, kuma idan kã kĩrayẽ su zuwa ga shiriya, to, bã zã su shiryu ba, a sa'an nan, har abada."
    },
    {
      "ayah": 58,
      "arabic": "وَرَبُّكَ ٱلْغَفُورُ ذُو ٱلرَّحْمَةِ ۖ لَوْ يُؤَاخِذُهُم بِمَا كَسَبُوا۟ لَعَجَّلَ لَهُمُ ٱلْعَذَابَ ۚ بَل لَّهُم مَّوْعِدٌ لَّن يَجِدُوا۟ مِن دُونِهِۦ مَوْئِلًا",
      "english": "And your Lord is the Forgiving, full of mercy. If He were to impose blame upon them for what they earned, He would have hastened for them the punishment. Rather, for them is an appointment from which they will never find an escape.",
      "hausa": "Kuma Ubangijinka Mai gãfara ne, Ma'abũcin rahama. Dã Yanã kãma su sabõda abin da suka sanã'anta, lalle ne, dã Ya gaggauta azãba a gare su. Ã'a, sunã da lõkacin alkawari, (wanda) bã zã su sãmi wata makõma ba, baicinSa."
    },
    {
      "ayah": 59,
      "arabic": "وَتِلْكَ ٱلْقُرَىٰٓ أَهْلَكْنَـٰهُمْ لَمَّا ظَلَمُوا۟ وَجَعَلْنَا لِمَهْلِكِهِم مَّوْعِدًا",
      "english": "And those cities - We destroyed them when they wronged, and We made for their destruction an appointed time.",
      "hausa": "Kuma waɗancan alƙaryu Mun halaka su, a lõkacin da suka yi zãlunci, kuma Muka sanya lõkacin alkawarin, ga halaka su."
    },
    {
      "ayah": 60,
      "arabic": "وَإِذْ قَالَ مُوسَىٰ لِفَتَىٰهُ لَآ أَبْرَحُ حَتَّىٰٓ أَبْلُغَ مَجْمَعَ ٱلْبَحْرَيْنِ أَوْ أَمْضِىَ حُقُبًا",
      "english": "And [mention] when Moses said to his servant, \"I will not cease [traveling] until I reach the junction of the two seas or continue for a long period.\"",
      "hausa": "Kuma a lõkacin da Mũsã ya ce wa yãronsa, \"Bã zan gushe ba sai na isa mahaɗar tẽku biyu, kõ in shũɗe da tafiya shekara da shẽkaru.\""
    },
    {
      "ayah": 61,
      "arabic": "فَلَمَّا بَلَغَا مَجْمَعَ بَيْنِهِمَا نَسِيَا حُوتَهُمَا فَٱتَّخَذَ سَبِيلَهُۥ فِى ٱلْبَحْرِ سَرَبًا",
      "english": "But when they reached the junction between them, they forgot their fish, and it took its course into the sea, slipping away.",
      "hausa": "To, a lõkacin da suka isa mahaɗar tsakãninsu sai suka manta kĩfinsu, sai ya kãma tafarkinsa a cikin tẽku kamar bĩga."
    },
    {
      "ayah": 62,
      "arabic": "فَلَمَّا جَاوَزَا قَالَ لِفَتَىٰهُ ءَاتِنَا غَدَآءَنَا لَقَدْ لَقِينَا مِن سَفَرِنَا هَـٰذَا نَصَبًا",
      "english": "So when they had passed beyond it, [Moses] said to his boy, \"Bring us our morning meal. We have certainly suffered in this, our journey, [much] fatigue.\"",
      "hausa": "To, a lõkacin da suka wuce ya ce wa yãronsa, \"Ka kãwo mana kãlãcinmu. Lalle ne haƙĩƙa mun haɗu da wahala daga tafiyarmu wannan.\""
    },
    {
      "ayah": 63,
      "arabic": "قَالَ أَرَءَيْتَ إِذْ أَوَيْنَآ إِلَى ٱلصَّخْرَةِ فَإِنِّى نَسِيتُ ٱلْحُوتَ وَمَآ أَنسَىٰنِيهُ إِلَّا ٱلشَّيْطَـٰنُ أَنْ أَذْكُرَهُۥ ۚ وَٱتَّخَذَ سَبِيلَهُۥ فِى ٱلْبَحْرِ عَجَبًا",
      "english": "He said, \"Did you see when we retired to the rock? Indeed, I forgot [there] the fish. And none made me forget it except Satan - that I should mention it. And it took its course into the sea amazingly\".",
      "hausa": "(Yãron) ya ce: \"Kã gani! A lõkacin da muka tattara zuwa ga falalen nan to, lalle nĩ, na manta kĩfin, kuma bãbu abin da yamantar da nĩ shi, fãce Shaiɗan, dõmin kada in tuna shi, sai ya kama tafarkinsa a cikin tẽku, da mãmãki!\""
    },
    {
      "ayah": 64,
      "arabic": "قَالَ ذَٰلِكَ مَا كُنَّا نَبْغِ ۚ فَٱرْتَدَّا عَلَىٰٓ ءَاثَارِهِمَا قَصَصًا",
      "english": "[Moses] said, \"That is what we were seeking.\" So they returned, following their footprints.",
      "hausa": "Ya ce: \"Wancan ne abin da muka kasance munã biɗã.\" Sai suka kõma a kan gurãbunsu, sunã bĩbiya."
    },
    {
      "ayah": 65,
      "arabic": "فَوَجَدَا عَبْدًا مِّنْ عِبَادِنَآ ءَاتَيْنَـٰهُ رَحْمَةً مِّنْ عِندِنَا وَعَلَّمْنَـٰهُ مِن لَّدُنَّا عِلْمًا",
      "english": "And they found a servant from among Our servants to whom we had given mercy from us and had taught him from Us a [certain] knowledge.",
      "hausa": "Sai suka sãmi wani bãwa daga bãyinMu, Mun bã shi wata rahama daga wurinMu, kuma Mun sanar da shi wani ilmi daga gunMu."
    },
    {
      "ayah": 66,
      "arabic": "قَالَ لَهُۥ مُوسَىٰ هَلْ أَتَّبِعُكَ عَلَىٰٓ أَن تُعَلِّمَنِ مِمَّا عُلِّمْتَ رُشْدًا",
      "english": "Moses said to him, \"May I follow you on [the condition] that you teach me from what you have been taught of sound judgement?\"",
      "hausa": "Mũsã ya ce masa, \"Ko in bĩ ka a kan ka sanar da ni daga abin da aka sanar da kai na shiriya?\""
    },
    {
      "ayah": 67,
      "arabic": "قَالَ إِنَّكَ لَن تَسْتَطِيعَ مَعِىَ صَبْرًا",
      "english": "He said, \"Indeed, with me you will never be able to have patience.",
      "hausa": "Ya ce: \"Lalle ne kai bã zã ka iya yin haƙuri tãre da nĩ, ba.\""
    },
    {
      "ayah": 68,
      "arabic": "وَكَيْفَ تَصْبِرُ عَلَىٰ مَا لَمْ تُحِطْ بِهِۦ خُبْرًا",
      "english": "And how can you have patience for what you do not encompass in knowledge?\"",
      "hausa": "\"Kuma yãya zã ka yi haƙuri a kan abin da ba ka kẽwayeda shi ba ga jarrabãwa?\""
    },
    {
      "ayah": 69,
      "arabic": "قَالَ سَتَجِدُنِىٓ إِن شَآءَ ٱللَّهُ صَابِرًا وَلَآ أَعْصِى لَكَ أَمْرًا",
      "english": "[Moses] said, \"You will find me, if Allah wills, patient, and I will not disobey you in [any] order.\"",
      "hausa": "Ya ce: \"Za ka sãme ni, in Allah Yã so mai haƙuri kuma bã zan sãɓa maka ba ga wani umurni.\""
    },
    {
      "ayah": 70,
      "arabic": "قَالَ فَإِنِ ٱتَّبَعْتَنِى فَلَا تَسْـَٔلْنِى عَن شَىْءٍ حَتَّىٰٓ أُحْدِثَ لَكَ مِنْهُ ذِكْرًا",
      "english": "He said, \"Then if you follow me, do not ask me about anything until I make to you about it mention.\"",
      "hausa": "Ya ce: \"To idan ka bĩ ni to kada ka tambaye ni daga kõme sai na lãbarta maka ambato daga gare shi.\""
    },
    {
      "ayah": 71,
      "arabic": "فَٱنطَلَقَا حَتَّىٰٓ إِذَا رَكِبَا فِى ٱلسَّفِينَةِ خَرَقَهَا ۖ قَالَ أَخَرَقْتَهَا لِتُغْرِقَ أَهْلَهَا لَقَدْ جِئْتَ شَيْـًٔا إِمْرًا",
      "english": "So they set out, until when they had embarked on the ship, al-Khidh r tore it open. [Moses] said, \"Have you torn it open to drown its people? You have certainly done a grave thing.\"",
      "hausa": "Sai suka tafi har a lõkacin da suka hau a cikin jirgi, ya hũje shi, ya ce, \"Kã hũje shi dõmin ya nutsar da mutãnensa? Lalle ne, haƙĩƙa, kã zo da wani babban abu!\""
    },
    {
      "ayah": 72,
      "arabic": "قَالَ أَلَمْ أَقُلْ إِنَّكَ لَن تَسْتَطِيعَ مَعِىَ صَبْرًا",
      "english": "[Al-Khidh r] said, \"Did I not say that with me you would never be able to have patience?\"",
      "hausa": "Ya ce: \"Ashe ban ce, lalle kai, bã za ka iya yin haƙuri tãre da ni ba?\""
    },
    {
      "ayah": 73,
      "arabic": "قَالَ لَا تُؤَاخِذْنِى بِمَا نَسِيتُ وَلَا تُرْهِقْنِى مِنْ أَمْرِى عُسْرًا",
      "english": "[Moses] said, \"Do not blame me for what I forgot and do not cover me in my matter with difficulty.\"",
      "hausa": "Ya ce: \"Kada ka kãma ni da abin da na manta kuma kada ka kallafa mini tsanani ga al'amarĩna.\""
    },
    {
      "ayah": 74,
      "arabic": "فَٱنطَلَقَا حَتَّىٰٓ إِذَا لَقِيَا غُلَـٰمًا فَقَتَلَهُۥ قَالَ أَقَتَلْتَ نَفْسًا زَكِيَّةًۢ بِغَيْرِ نَفْسٍ لَّقَدْ جِئْتَ شَيْـًٔا نُّكْرًا",
      "english": "So they set out, until when they met a boy, al-Khidh r killed him. [Moses] said, \"Have you killed a pure soul for other than [having killed] a soul? You have certainly done a deplorable thing.\"",
      "hausa": "Sai suka tafi, har suka haɗu da wani yãro, sai ya kashe shi. Ya ce: \"Ashe kã kashe rai tsarkakakke, bã da wani rai ba? Lalle ne haƙĩƙa ka zo da wani abu na ƙyãma.\""
    },
    {
      "ayah": 75,
      "arabic": "قَالَ أَلَمْ أَقُل لَّكَ إِنَّكَ لَن تَسْتَطِيعَ مَعِىَ صَبْرًا",
      "english": "[Al-Khidh r] said, \"Did I not tell you that with me you would never be able to have patience?\"",
      "hausa": "Ya ce: \"Shin, ban ce maka ba, lalle ne kai bã zã ka iya yin haƙuri tãre da nĩ ba?\""
    },
    {
      "ayah": 76,
      "arabic": "قَالَ إِن سَأَلْتُكَ عَن شَىْءٍۭ بَعْدَهَا فَلَا تُصَـٰحِبْنِى ۖ قَدْ بَلَغْتَ مِن لَّدُنِّى عُذْرًا",
      "english": "[Moses] said, \"If I should ask you about anything after this, then do not keep me as a companion. You have obtained from me an excuse.\"",
      "hausa": "Ya ce: \"Idan na tambaye ka daga wani abu a bãyanta, to, kada ka abũce ni. Lalle ne, kã isa ga iyakar uzuri daga gare ni.\""
    },
    {
      "ayah": 77,
      "arabic": "فَٱنطَلَقَا حَتَّىٰٓ إِذَآ أَتَيَآ أَهْلَ قَرْيَةٍ ٱسْتَطْعَمَآ أَهْلَهَا فَأَبَوْا۟ أَن يُضَيِّفُوهُمَا فَوَجَدَا فِيهَا جِدَارًا يُرِيدُ أَن يَنقَضَّ فَأَقَامَهُۥ ۖ قَالَ لَوْ شِئْتَ لَتَّخَذْتَ عَلَيْهِ أَجْرًا",
      "english": "So they set out, until when they came to the people of a town, they asked its people for food, but they refused to offer them hospitality. And they found therein a wall about to collapse, so al-Khidh r restored it. [Moses] said, \"If you wished, you could have taken for it a payment.\"",
      "hausa": "Sai suka tafi, har a lõkacin da suka je wa mutãnen wata alƙarya, suka nẽmi mutãnenta da su bã su abinci, sai suka ƙi su yi musu liyãfa. Sai suka sãmi wani bango a cikinta yanã nufin ya karye, sai (Halliru) ya tãyar da shi mĩƙe. (Mũsã) ya ce: \"Dã kã so, lalle ne dã kã karɓi ijãra a kansa.\""
    },
    {
      "ayah": 78,
      "arabic": "قَالَ هَـٰذَا فِرَاقُ بَيْنِى وَبَيْنِكَ ۚ سَأُنَبِّئُكَ بِتَأْوِيلِ مَا لَمْ تَسْتَطِع عَّلَيْهِ صَبْرًا",
      "english": "[Al-Khidh r] said, \"This is parting between me and you. I will inform you of the interpretation of that about which you could not have patience.",
      "hausa": "Ya ce: \"Wannan shi ne rabuwar tsakanina da tsakaninka. Zã ni gaya maka fassarar abin da ba ka iya yin haƙuri ba a kansa.\""
    },
    {
      "ayah": 79,
      "arabic": "أَمَّا ٱلسَّفِينَةُ فَكَانَتْ لِمَسَـٰكِينَ يَعْمَلُونَ فِى ٱلْبَحْرِ فَأَرَدتُّ أَنْ أَعِيبَهَا وَكَانَ وَرَآءَهُم مَّلِكٌ يَأْخُذُ كُلَّ سَفِينَةٍ غَصْبًا",
      "english": "As for the ship, it belonged to poor people working at sea. So I intended to cause defect in it as there was after them a king who seized every [good] ship by force.",
      "hausa": "\"Amma Jirgin, to, ya zama na waɗansu matalauta ne sunã aiki a cikin tẽku, sai na yi niyyar in aibanta shi, alhãli kuwa wani sarki ya kasance a gaba gare su, yanã karɓẽwar kõwane jirgi (lãfiyayye) da ƙwãce."
    },
    {
      "ayah": 80,
      "arabic": "وَأَمَّا ٱلْغُلَـٰمُ فَكَانَ أَبَوَاهُ مُؤْمِنَيْنِ فَخَشِينَآ أَن يُرْهِقَهُمَا طُغْيَـٰنًا وَكُفْرًا",
      "english": "And as for the boy, his parents were believers, and we feared that he would overburden them by transgression and disbelief.",
      "hausa": "\"Kuma amma yaron, to, uwãyensa sun kasance mũminai, to, sai muka ji tsõron ya kallafa musu kangara da kãfirci.\""
    },
    {
      "ayah": 81,
      "arabic": "فَأَرَدْنَآ أَن يُبْدِلَهُمَا رَبُّهُمَا خَيْرًا مِّنْهُ زَكَوٰةً وَأَقْرَبَ رُحْمًا",
      "english": "So we intended that their Lord should substitute for them one better than him in purity and nearer to mercy.",
      "hausa": "\"Sai muka yi nufin Ubangijinsu Ya musanya musu mafi alhẽri daga gare shi ga tsarkakuwa, kuma mafi kusantar tausayi.\""
    },
    {
      "ayah": 82,
      "arabic": "وَأَمَّا ٱلْجِدَارُ فَكَانَ لِغُلَـٰمَيْنِ يَتِيمَيْنِ فِى ٱلْمَدِينَةِ وَكَانَ تَحْتَهُۥ كَنزٌ لَّهُمَا وَكَانَ أَبُوهُمَا صَـٰلِحًا فَأَرَادَ رَبُّكَ أَن يَبْلُغَآ أَشُدَّهُمَا وَيَسْتَخْرِجَا كَنزَهُمَا رَحْمَةً مِّن رَّبِّكَ ۚ وَمَا فَعَلْتُهُۥ عَنْ أَمْرِى ۚ ذَٰلِكَ تَأْوِيلُ مَا لَمْ تَسْطِع عَّلَيْهِ صَبْرًا",
      "english": "And as for the wall, it belonged to two orphan boys in the city, and there was beneath it a treasure for them, and their father had been righteous. So your Lord intended that they reach maturity and extract their treasure, as a mercy from your Lord. And I did it not of my own accord. That is the interpretation of that about which you could not have patience.\"",
      "hausa": "\"Kuma amma bangon, to, yã kasance na waɗansu yãra biyu ne, marãyu a cikin birnin, kuma akwai wata taska tãsu a ƙarƙashinsa, kuma ubansu ya kasance sahĩhin mutum ne, dõmin haka Ubangijinka Ya yi nufin su isa iyãkar ƙarfinsu, kuma sũ, su fitar da taskarsu, sabõda rahama ne daga Ubangijinka. Kuma ban yi shi ba daga umurnĩna. Wancan shĩ ne fassarar abin da ba ka iya yin haƙuri ba a kansa.\""
    },
    {
      "ayah": 83,
      "arabic": "وَيَسْـَٔلُونَكَ عَن ذِى ٱلْقَرْنَيْنِ ۖ قُلْ سَأَتْلُوا۟ عَلَيْكُم مِّنْهُ ذِكْرًا",
      "english": "And they ask you, [O Muhammad], about Dhul-Qarnayn. Say, \"I will recite to you about him a report.\"",
      "hausa": "Kuma suna tambayar ka daga zulƙarnaini, ka ce: \"Zan karanta muku ambato daga gare shi.\""
    },
    {
      "ayah": 84,
      "arabic": "إِنَّا مَكَّنَّا لَهُۥ فِى ٱلْأَرْضِ وَءَاتَيْنَـٰهُ مِن كُلِّ شَىْءٍ سَبَبًا",
      "english": "Indeed We established him upon the earth, and We gave him to everything a way.",
      "hausa": "Lalle ne Mũ Mun bã shi mulki a cikin ƙasa kuma Muka bã shi daga kõwane abu, hanya (zuwa ga murãdinsa)."
    },
    {
      "ayah": 85,
      "arabic": "فَأَتْبَعَ سَبَبًا",
      "english": "So he followed a way",
      "hausa": "Sai ya bi hanya."
    },
    {
      "ayah": 86,
      "arabic": "حَتَّىٰٓ إِذَا بَلَغَ مَغْرِبَ ٱلشَّمْسِ وَجَدَهَا تَغْرُبُ فِى عَيْنٍ حَمِئَةٍ وَوَجَدَ عِندَهَا قَوْمًا ۗ قُلْنَا يَـٰذَا ٱلْقَرْنَيْنِ إِمَّآ أَن تُعَذِّبَ وَإِمَّآ أَن تَتَّخِذَ فِيهِمْ حُسْنًا",
      "english": "Until, when he reached the setting of the sun, he found it [as if] setting in a spring of dark mud, and he found near it a people. Allah said, \"O Dhul-Qarnayn, either you punish [them] or else adopt among them [a way of] goodness.\"",
      "hausa": "Har a lõkacin da ya isa ga mafãɗar rãnã, kuma ya sãme ta tanã ɓacẽwa a cikin wani ruwa mai baƙar lãkã, kuma ya sãmi waɗansu mutãne a wurinta. Muka ce: \"Yã Zulƙarnaini imma dai ka azabtar kuma imma ka riƙi kyautatãwa a cikinsu.\""
    },
    {
      "ayah": 87,
      "arabic": "قَالَ أَمَّا مَن ظَلَمَ فَسَوْفَ نُعَذِّبُهُۥ ثُمَّ يُرَدُّ إِلَىٰ رَبِّهِۦ فَيُعَذِّبُهُۥ عَذَابًا نُّكْرًا",
      "english": "He said, \"As for one who wrongs, we will punish him. Then he will be returned to his Lord, and He will punish him with a terrible punishment.",
      "hausa": "Ya ce: \"Amma wanda ya yi zãlunci, to zã mu azabta shi, sa'an nan a mayar da shi zuwa ga Ubangijinsa, sai kuma Ya yi masa azãba, azãba abar ƙyãma.\""
    },
    {
      "ayah": 88,
      "arabic": "وَأَمَّا مَنْ ءَامَنَ وَعَمِلَ صَـٰلِحًا فَلَهُۥ جَزَآءً ٱلْحُسْنَىٰ ۖ وَسَنَقُولُ لَهُۥ مِنْ أَمْرِنَا يُسْرًا",
      "english": "But as for one who believes and does righteousness, he will have a reward of Paradise, and we will speak to him from our command with ease.\"",
      "hausa": "\"Kuma amma wanda ya yi ĩmãni kuma ya aikata aikin ƙwarai to, zã mu yi sakamako a gare shi (watau kyauta) mai kyau, kuma zã mu gaya masa sauƙi daga umurninmu.\""
    },
    {
      "ayah": 89,
      "arabic": "ثُمَّ أَتْبَعَ سَبَبًا",
      "english": "Then he followed a way",
      "hausa": "Sa'an nan kuma ya bi hanya."
    },
    {
      "ayah": 90,
      "arabic": "حَتَّىٰٓ إِذَا بَلَغَ مَطْلِعَ ٱلشَّمْسِ وَجَدَهَا تَطْلُعُ عَلَىٰ قَوْمٍ لَّمْ نَجْعَل لَّهُم مِّن دُونِهَا سِتْرًا",
      "english": "Until, when he came to the rising of the sun, he found it rising on a people for whom We had not made against it any shield.",
      "hausa": "Har a lõkacin da ya isa ga mafitar rãnã, ya sãme ta tanã fita a kan waɗansu mutãne (waɗanda) ba Mu sanya musu wata kãriya ba daga barinta."
    },
    {
      "ayah": 91,
      "arabic": "كَذَٰلِكَ وَقَدْ أَحَطْنَا بِمَا لَدَيْهِ خُبْرًا",
      "english": "Thus. And We had encompassed [all] that he had in knowledge.",
      "hausa": "Kamar wancan alhãli kuwa haƙĩƙa, Mun kẽwaye da jarrabãwa ga abin da ke gunsa."
    },
    {
      "ayah": 92,
      "arabic": "ثُمَّ أَتْبَعَ سَبَبًا",
      "english": "Then he followed a way",
      "hausa": "Sa'an nan kuma ya bi hanya."
    },
    {
      "ayah": 93,
      "arabic": "حَتَّىٰٓ إِذَا بَلَغَ بَيْنَ ٱلسَّدَّيْنِ وَجَدَ مِن دُونِهِمَا قَوْمًا لَّا يَكَادُونَ يَفْقَهُونَ قَوْلًا",
      "english": "Until, when he reached [a pass] between two mountains, he found beside them a people who could hardly understand [his] speech.",
      "hausa": "Har a lõkacin da ya isa a tsakãnin duwãtsu biyu, ya sãmi waɗansu mutãne daga gabãninsu. Ba su yi kusa su fahimci magana ba."
    },
    {
      "ayah": 94,
      "arabic": "قَالُوا۟ يَـٰذَا ٱلْقَرْنَيْنِ إِنَّ يَأْجُوجَ وَمَأْجُوجَ مُفْسِدُونَ فِى ٱلْأَرْضِ فَهَلْ نَجْعَلُ لَكَ خَرْجًا عَلَىٰٓ أَن تَجْعَلَ بَيْنَنَا وَبَيْنَهُمْ سَدًّا",
      "english": "They said, \"O Dhul-Qarnayn, indeed Gog and Magog are [great] corrupters in the land. So may we assign for you an expenditure that you might make between us and them a barrier?\"",
      "hausa": "Suka ce: \"Yã Zulƙarnaini! Lalle ne Yãjũja da Majũja mãsu ɓarna ne a cikin ƙasa. To, ko zã mu Sanya harãji sabõda kai, a kan ka sanya wani danni a tsakãninmu da tsakãninsu?\""
    },
    {
      "ayah": 95,
      "arabic": "قَالَ مَا مَكَّنِّى فِيهِ رَبِّى خَيْرٌ فَأَعِينُونِى بِقُوَّةٍ أَجْعَلْ بَيْنَكُمْ وَبَيْنَهُمْ رَدْمًا",
      "english": "He said, \"That in which my Lord has established me is better [than what you offer], but assist me with strength; I will make between you and them a dam.",
      "hausa": "Ya ce: \"Abin da Ubangijĩna Ya mallaka mini, a cikinsa yã fi zama alhẽri. Sai ku taimakeni da ƙarfi, in sanya babbar katanga a tsakãninku da tsakãninsu.\""
    },
    {
      "ayah": 96,
      "arabic": "ءَاتُونِى زُبَرَ ٱلْحَدِيدِ ۖ حَتَّىٰٓ إِذَا سَاوَىٰ بَيْنَ ٱلصَّدَفَيْنِ قَالَ ٱنفُخُوا۟ ۖ حَتَّىٰٓ إِذَا جَعَلَهُۥ نَارًا قَالَ ءَاتُونِىٓ أُفْرِغْ عَلَيْهِ قِطْرًا",
      "english": "Bring me sheets of iron\" - until, when he had leveled [them] between the two mountain walls, he said, \"Blow [with bellows],\" until when he had made it [like] fire, he said, \"Bring me, that I may pour over it molten copper.\"",
      "hausa": "\"Ku kãwo mini guntãyen baƙin ƙarfe\". (Suka kai masa) har a lõkacin da ya daidaita a tsakãnin duwãtsun biyu (ya sanya wutã a cikin ƙarfen) ya ce: \"Ku hũra (da zugãzugai).\" Har a lõkacin da ya mayar da shi wutã, ya ce: \"Ku kãwo mini gaci (narkakke) in zuba a kansa.\""
    },
    {
      "ayah": 97,
      "arabic": "فَمَا ٱسْطَـٰعُوٓا۟ أَن يَظْهَرُوهُ وَمَا ٱسْتَطَـٰعُوا۟ لَهُۥ نَقْبًا",
      "english": "So Gog and Magog were unable to pass over it, nor were they able [to effect] in it any penetration.",
      "hausa": "Dõmin haka bã za su iya hawansa ba, kuma bã zã su iya hujẽwa gare shi ba."
    },
    {
      "ayah": 98,
      "arabic": "قَالَ هَـٰذَا رَحْمَةٌ مِّن رَّبِّى ۖ فَإِذَا جَآءَ وَعْدُ رَبِّى جَعَلَهُۥ دَكَّآءَ ۖ وَكَانَ وَعْدُ رَبِّى حَقًّا",
      "english": "[Dhul-Qarnayn] said, \"This is a mercy from my Lord; but when the promise of my Lord comes, He will make it level, and ever is the promise of my Lord true.\"",
      "hausa": "Ya ce: \"Wannan wata rahama ce daga Ubangijĩna. Sai idan wa'adin Ubangijĩna ya zo, ya mayar da shi niƙaƙƙe. Kuma wa'adin Ubangijĩna ya kasance tabbatacce.\""
    },
    {
      "ayah": 99,
      "arabic": "وَتَرَكْنَا بَعْضَهُمْ يَوْمَئِذٍ يَمُوجُ فِى بَعْضٍ ۖ وَنُفِخَ فِى ٱلصُّورِ فَجَمَعْنَـٰهُمْ جَمْعًا",
      "english": "And We will leave them that day surging over each other, and [then] the Horn will be blown, and We will assemble them in [one] assembly.",
      "hausa": "Kuma Muka bar sãshensu a rãnar nan, yanã garwaya a cikin sãshe, kuma aka bũsa a cikin ƙaho sai muka tãra su, tãrãwa."
    },
    {
      "ayah": 100,
      "arabic": "وَعَرَضْنَا جَهَنَّمَ يَوْمَئِذٍ لِّلْكَـٰفِرِينَ عَرْضًا",
      "english": "And We will present Hell that Day to the Disbelievers, on display -",
      "hausa": "Kuma Muka gitta Jahannama, a rãnar nan ga kãfirai gittãwa."
    },
    {
      "ayah": 101,
      "arabic": "ٱلَّذِينَ كَانَتْ أَعْيُنُهُمْ فِى غِطَآءٍ عَن ذِكْرِى وَكَانُوا۟ لَا يَسْتَطِيعُونَ سَمْعًا",
      "english": "Those whose eyes had been within a cover [removed] from My remembrance, and they were not able to hear.",
      "hausa": "Waɗanda idãnunsu suka kasance a cikin rufi daga tunã Ni, kuma sun kasance bã su iya saurãrãwa."
    },
    {
      "ayah": 102,
      "arabic": "أَفَحَسِبَ ٱلَّذِينَ كَفَرُوٓا۟ أَن يَتَّخِذُوا۟ عِبَادِى مِن دُونِىٓ أَوْلِيَآءَ ۚ إِنَّآ أَعْتَدْنَا جَهَنَّمَ لِلْكَـٰفِرِينَ نُزُلًا",
      "english": "Then do those who disbelieve think that they can take My servants instead of Me as allies? Indeed, We have prepared Hell for the disbelievers as a lodging.",
      "hausa": "Shin fa, waɗanda suka kãfirta sun yi zaton (daidai ne) su riƙi waɗansu bãyĩNa, majiɓinta baiciNa? Lalle ne, Mun yi tattalin Jahannama ta zama liyãfa ga kãfirai."
    },
    {
      "ayah": 103,
      "arabic": "قُلْ هَلْ نُنَبِّئُكُم بِٱلْأَخْسَرِينَ أَعْمَـٰلًا",
      "english": "Say, [O Muhammad], \"Shall we [believers] inform you of the greatest losers as to [their] deeds?",
      "hausa": "Ka ce: \"Kõ mu gaya muku game da mafĩfita hasãra ga ayyuka?\""
    },
    {
      "ayah": 104,
      "arabic": "ٱلَّذِينَ ضَلَّ سَعْيُهُمْ فِى ٱلْحَيَوٰةِ ٱلدُّنْيَا وَهُمْ يَحْسَبُونَ أَنَّهُمْ يُحْسِنُونَ صُنْعًا",
      "english": "[They are] those whose effort is lost in worldly life, while they think that they are doing well in work.\"",
      "hausa": "\"Waɗanda aikinsu ya ɓace a cikin rãyuwar dũniya, alhãli kuwa sunã zaton lalle ne sũ, sunã kyautata, (abin da suke gani) aikin ƙwarai?\""
    },
    {
      "ayah": 105,
      "arabic": "أُو۟لَـٰٓئِكَ ٱلَّذِينَ كَفَرُوا۟ بِـَٔايَـٰتِ رَبِّهِمْ وَلِقَآئِهِۦ فَحَبِطَتْ أَعْمَـٰلُهُمْ فَلَا نُقِيمُ لَهُمْ يَوْمَ ٱلْقِيَـٰمَةِ وَزْنًا",
      "english": "Those are the ones who disbelieve in the verses of their Lord and in [their] meeting Him, so their deeds have become worthless; and We will not assign to them on the Day of Resurrection any importance.",
      "hausa": "Waɗancan ne waɗanda suka kãfirta da ãyõyin Ubangijinsu, da kuma haɗuwa da Shi, sai ayyukansu suka ɓãci. Sabõda haka bã zã Mu tsayar musu da awo ba a Rãnar ¡iyãma."
    },
    {
      "ayah": 106,
      "arabic": "ذَٰلِكَ جَزَآؤُهُمْ جَهَنَّمُ بِمَا كَفَرُوا۟ وَٱتَّخَذُوٓا۟ ءَايَـٰتِى وَرُسُلِى هُزُوًا",
      "english": "That is their recompense - Hell - for what they denied and [because] they took My signs and My messengers in ridicule.",
      "hausa": "Wancan ne sakamakonsu shĩ ne Jahannama, sabõda kãfircinsu, kuma suka riƙi ãyõyiNa da ManzanniNa abin izgili."
    },
    {
      "ayah": 107,
      "arabic": "إِنَّ ٱلَّذِينَ ءَامَنُوا۟ وَعَمِلُوا۟ ٱلصَّـٰلِحَـٰتِ كَانَتْ لَهُمْ جَنَّـٰتُ ٱلْفِرْدَوْسِ نُزُلًا",
      "english": "Indeed, those who have believed and done righteous deeds - they will have the Gardens of Paradise as a lodging,",
      "hausa": "Lalle ne, waɗanda suka yi ĩmãni kuma suka aikata ayyuka na ƙwarai, Aljannar Firdausi ta kasance ita ce liyãfa a gare su."
    },
    {
      "ayah": 108,
      "arabic": "خَـٰلِدِينَ فِيهَا لَا يَبْغُونَ عَنْهَا حِوَلًا",
      "english": "Wherein they abide eternally. They will not desire from it any transfer.",
      "hausa": "Suna madawwama a cikinta, bã su nẽman makarkata daga barinta."
    },
    {
      "ayah": 109,
      "arabic": "قُل لَّوْ كَانَ ٱلْبَحْرُ مِدَادًا لِّكَلِمَـٰتِ رَبِّى لَنَفِدَ ٱلْبَحْرُ قَبْلَ أَن تَنفَدَ كَلِمَـٰتُ رَبِّى وَلَوْ جِئْنَا بِمِثْلِهِۦ مَدَدًا",
      "english": "Say, \"If the sea were ink for [writing] the words of my Lord, the sea would be exhausted before the words of my Lord were exhausted, even if We brought the like of it as a supplement.\"",
      "hausa": "Ka ce: \"Dã tẽku ta kasance tawada ga (rubũtun) kalmõmin Ubangijina, lalle ne dã tẽkun ta ƙãre a gabãnin kalmõmin Ubangijĩna su ƙãre, kuma kõda mun jẽ da misãlinsa dõmin ƙari.\""
    },
    {
      "ayah": 110,
      "arabic": "قُلْ إِنَّمَآ أَنَا۠ بَشَرٌ مِّثْلُكُمْ يُوحَىٰٓ إِلَىَّ أَنَّمَآ إِلَـٰهُكُمْ إِلَـٰهٌ وَٰحِدٌ ۖ فَمَن كَانَ يَرْجُوا۟ لِقَآءَ رَبِّهِۦ فَلْيَعْمَلْ عَمَلًا صَـٰلِحًا وَلَا يُشْرِكْ بِعِبَادَةِ رَبِّهِۦٓ أَحَدًۢا",
      "english": "Say, \"I am only a man like you, to whom has been revealed that your god is one God. So whoever would hope for the meeting with his Lord - let him do righteous work and not associate in the worship of his Lord anyone.\"",
      "hausa": "Ka ce: \"Nĩ, mutum ne kawai kamarku, anã yin wahayi zuwa gare ni cewa: Lalle ne, Abin bautawarku, Abin bautawa Guda ne, sabõda haka wanda ya kasance yanã fãtan haɗuwa da Ubangijinsa, to, sai ya yi aiki na ƙwarai. Kuma kada ya haɗa kõwa ga bauta wa Ubangijinsa.\""
    }
  ]
}