{
  "surah": 113,
  "hasBasmallah": false,
  "basmallah": "",
  "verses": [
    {
      "ayah": 1,
      "arabic": "قُلْ أَعُوذُ بِرَبِّ ٱلْفَلَقِ",
      "english": "Say, \"I seek refuge in the Lord of daybreak",
      "hausa": "Ka ce \"ina neman tsari ga Ubangijin safiya\""
    },
    {
      "ayah": 2,
      "arabic": "مِن شَرِّ مَا خَلَقَ",
      "english": "From the evil of that which He created",
      "hausa": "\"Daga sharrin abin da Ya halitta.\""
    },
    {
      "ayah": 3,
      "arabic": "وَمِن شَرِّ غَاسِقٍ إِذَا وَقَبَ",
      "english": "And from the evil of darkness when it settles",
      "hausa": "\"Da sharrin dare, idan ya yi duhu.\""
    },
    {
      "ayah": 4,
      "arabic": "وَمِن شَرِّ ٱلنَّفَّـٰثَـٰتِ فِى ٱلْعُقَدِ",
      "english": "And from the evil of the blowers in knots",
      "hausa": "\"Da sharrin mãtã mãsu tõfi a cikin ƙulle-ƙulle.\""
    },
    {
      "ayah": 5,
      "arabic": "وَمِن شَرِّ حَاسِدٍ إِذَا حَسَدَ",
      "english": "And from the evil of an envier when he envies.\"",
      "hausa": "\"Da sharrin mai hãsada idan ya yi hasada.\""
    }
  ]
}