{
  "surah": 76,
  "hasBasmallah": false,
  "basmallah": "",
  "verses": [
    {
      "ayah": 1,
      "arabic": "هَلْ أَتَىٰ عَلَى ٱلْإِنسَـٰنِ حِينٌ مِّنَ ٱلدَّهْرِ لَمْ يَكُن شَيْـًٔا مَّذْكُورًا",
      "english": "Has there [not] come upon man a period of time when he was not a thing [even] mentioned?",
      "hausa": "Lalle ne, wata mudda ta zamani tã zo a kan mutum, bai kasance kõme ba wanda ake ambata."
    },
    {
      "ayah": 2,
      "arabic": "إِنَّا خَلَقْنَا ٱلْإِنسَـٰنَ مِن نُّطْفَةٍ أَمْشَاجٍ نَّبْتَلِيهِ فَجَعَلْنَـٰهُ سَمِيعًۢا بَصِيرًا",
      "english": "Indeed, We created man from a sperm-drop mixture that We may try him; and We made him hearing and seeing.",
      "hausa": "Lalle ne, Mũ Mun halitta mutum daga ɗigon ruwa garwayayye, Muna jarraba shi, sabõda haka Muka sanya shi mai ji mai gani,"
    },
    {
      "ayah": 3,
      "arabic": "إِنَّا هَدَيْنَـٰهُ ٱلسَّبِيلَ إِمَّا شَاكِرًا وَإِمَّا كَفُورًا",
      "english": "Indeed, We guided him to the way, be he grateful or be he ungrateful.",
      "hausa": "Lalle ne, Mũ, Mun shiryar da shi ga hanyar ƙwarai, ko ya zama mai gõdiya, kuma ko ya zama mai kãfirci."
    },
    {
      "ayah": 4,
      "arabic": "إِنَّآ أَعْتَدْنَا لِلْكَـٰفِرِينَ سَلَـٰسِلَا۟ وَأَغْلَـٰلًا وَسَعِيرًا",
      "english": "Indeed, We have prepared for the disbelievers chains and shackles and a blaze.",
      "hausa": "Lalle ne, Mũ, Mun yi tattali, dõmin kãfirai, sarƙoƙi da ƙuƙumma da sa'ĩr."
    },
    {
      "ayah": 5,
      "arabic": "إِنَّ ٱلْأَبْرَارَ يَشْرَبُونَ مِن كَأْسٍ كَانَ مِزَاجُهَا كَافُورًا",
      "english": "Indeed, the righteous will drink from a cup [of wine] whose mixture is of Kafur,",
      "hausa": "Lalle ne, mutãnen kirki zã su sha daga finjãlin giya abin gaurayarta yã kãsance kãfur ne."
    },
    {
      "ayah": 6,
      "arabic": "عَيْنًا يَشْرَبُ بِهَا عِبَادُ ٱللَّهِ يُفَجِّرُونَهَا تَفْجِيرًا",
      "english": "A spring of which the [righteous] servants of Allah will drink; they will make it gush forth in force [and abundance].",
      "hausa": "Wani marmaro ne, daga gare shi bayin Allah suke sha, suna ɓuɓɓugar da shi ɓuɓɓugarwa."
    },
    {
      "ayah": 7,
      "arabic": "يُوفُونَ بِٱلنَّذْرِ وَيَخَافُونَ يَوْمًا كَانَ شَرُّهُۥ مُسْتَطِيرًا",
      "english": "They [are those who] fulfill [their] vows and fear a Day whose evil will be widespread.",
      "hausa": "Suna cikãwa da alwãshin (da suka bãkanta), kuma suna tsõron wani yini wanda sharrinsa ya kasance mai tartsatsi ne."
    },
    {
      "ayah": 8,
      "arabic": "وَيُطْعِمُونَ ٱلطَّعَامَ عَلَىٰ حُبِّهِۦ مِسْكِينًا وَيَتِيمًا وَأَسِيرًا",
      "english": "And they give food in spite of love for it to the needy, the orphan, and the captive,",
      "hausa": "Kuma suna ciyar da abinci, a kan suna bukãtarsa, ga matalauci da marãya da kãmamme."
    },
    {
      "ayah": 9,
      "arabic": "إِنَّمَا نُطْعِمُكُمْ لِوَجْهِ ٱللَّهِ لَا نُرِيدُ مِنكُمْ جَزَآءً وَلَا شُكُورًا",
      "english": "[Saying], \"We feed you only for the countenance of Allah. We wish not from you reward or gratitude.",
      "hausa": "(Suna cẽwa): \"Munã ciyar da ku ne dõmin nẽman yardar Allah kawai, bã mu nufin sãmun wani sakamako daga gare ku, kuma bã mu nufin gõdiya."
    },
    {
      "ayah": 10,
      "arabic": "إِنَّا نَخَافُ مِن رَّبِّنَا يَوْمًا عَبُوسًا قَمْطَرِيرًا",
      "english": "Indeed, We fear from our Lord a Day austere and distressful.\"",
      "hausa": "\"Lalle ne, mũ muna tsõro daga Ubangijinmu, wani yini mai gintsẽwa, mai murtukẽwa.\""
    },
    {
      "ayah": 11,
      "arabic": "فَوَقَىٰهُمُ ٱللَّهُ شَرَّ ذَٰلِكَ ٱلْيَوْمِ وَلَقَّىٰهُمْ نَضْرَةً وَسُرُورًا",
      "english": "So Allah will protect them from the evil of that Day and give them radiance and happiness",
      "hausa": "Sabõda haka Allah Ya tsare musu sharrin wannan yini, kuma Ya hlɗa su da annũrin huska da farin ciki,"
    },
    {
      "ayah": 12,
      "arabic": "وَجَزَىٰهُم بِمَا صَبَرُوا۟ جَنَّةً وَحَرِيرًا",
      "english": "And will reward them for what they patiently endured [with] a garden [in Paradise] and silk [garments].",
      "hausa": "Kuma Ya sãka musu sabõda haƙurin da suka yi, da Aljanna da tufãfin alharini."
    },
    {
      "ayah": 13,
      "arabic": "مُّتَّكِـِٔينَ فِيهَا عَلَى ٱلْأَرَآئِكِ ۖ لَا يَرَوْنَ فِيهَا شَمْسًا وَلَا زَمْهَرِيرًا",
      "english": "[They will be] reclining therein on adorned couches. They will not see therein any [burning] sun or [freezing] cold.",
      "hausa": "Sunã mãsu zaman ginciri, a cikinta, a kan karagu, bã su ganin rãnã a cikinta, kuma bã su ganin jaura."
    },
    {
      "ayah": 14,
      "arabic": "وَدَانِيَةً عَلَيْهِمْ ظِلَـٰلُهَا وَذُلِّلَتْ قُطُوفُهَا تَذْلِيلًا",
      "english": "And near above them are its shades, and its [fruit] to be picked will be lowered in compliance.",
      "hausa": "Kuma, inuwõyinta suna kusa, a kansu, an hõre nunannun 'yã'yan itãcenta, hõrẽwa."
    },
    {
      "ayah": 15,
      "arabic": "وَيُطَافُ عَلَيْهِم بِـَٔانِيَةٍ مِّن فِضَّةٍ وَأَكْوَابٍ كَانَتْ قَوَارِيرَا۠",
      "english": "And there will be circulated among them vessels of silver and cups having been [created] clear [as glass],",
      "hausa": "Kuma ana kẽwayãwa a kansu da finjãlai na azurfa da kofuna waɗanda suka kasance na ƙarau."
    },
    {
      "ayah": 16,
      "arabic": "قَوَارِيرَا۟ مِن فِضَّةٍ قَدَّرُوهَا تَقْدِيرًا",
      "english": "Clear glasses [made] from silver of which they have determined the measure.",
      "hausa": "¡arau na azurfa, sun ƙaddara su ƙaddarawa, daidai bukãta."
    },
    {
      "ayah": 17,
      "arabic": "وَيُسْقَوْنَ فِيهَا كَأْسًا كَانَ مِزَاجُهَا زَنجَبِيلًا",
      "english": "And they will be given to drink a cup [of wine] whose mixture is of ginger",
      "hausa": "Ana shayarwa da su, a cikinta, finjalan giya, wadda abin gaurayarta ya kasance zanjabil ne."
    },
    {
      "ayah": 18,
      "arabic": "عَيْنًا فِيهَا تُسَمَّىٰ سَلْسَبِيلًا",
      "english": "[From] a fountain within Paradise named Salsabeel.",
      "hausa": "Wani marmaro ne, a cikinta, ana kiran sa salsabil."
    },
    {
      "ayah": 19,
      "arabic": "وَيَطُوفُ عَلَيْهِمْ وِلْدَٰنٌ مُّخَلَّدُونَ إِذَا رَأَيْتَهُمْ حَسِبْتَهُمْ لُؤْلُؤًا مَّنثُورًا",
      "english": "There will circulate among them young boys made eternal. When you see them, you would think them [as beautiful as] scattered pearls.",
      "hausa": "Kuma wasu yara samãrin dindindin na kẽwayãwa, a kansu, idan ka gan su, zã ka zaci sũ lu'ulu'u ne wanda aka wãtsa."
    },
    {
      "ayah": 20,
      "arabic": "وَإِذَا رَأَيْتَ ثَمَّ رَأَيْتَ نَعِيمًا وَمُلْكًا كَبِيرًا",
      "english": "And when you look there [in Paradise], you will see pleasure and great dominion.",
      "hausa": "Kuma idan kã ga wannan wurin, to, kã ga wata irin ni'ima da mulki babba."
    },
    {
      "ayah": 21,
      "arabic": "عَـٰلِيَهُمْ ثِيَابُ سُندُسٍ خُضْرٌ وَإِسْتَبْرَقٌ ۖ وَحُلُّوٓا۟ أَسَاوِرَ مِن فِضَّةٍ وَسَقَىٰهُمْ رَبُّهُمْ شَرَابًا طَهُورًا",
      "english": "Upon the inhabitants will be green garments of fine silk and brocade. And they will be adorned with bracelets of silver, and their Lord will give them a purifying drink.",
      "hausa": "Tufãfinsu na sama na alharĩ ni ne, kõre da mai walƙiya, kuma an ƙawãce su da mundãye na wata curin azurfa kuma Ubangijinsu, Ya shãyar da su abin sha mai tsarkakẽwar (ciki)."
    },
    {
      "ayah": 22,
      "arabic": "إِنَّ هَـٰذَا كَانَ لَكُمْ جَزَآءً وَكَانَ سَعْيُكُم مَّشْكُورًا",
      "english": "[And it will be said], \"Indeed, this is for you a reward, and your effort has been appreciated.\"",
      "hausa": "(A ce musu) \"Lalle ne, wannan ya kasance, a gare ku sakamako, kuma aikink. ya kasance abin gõdewa.\""
    },
    {
      "ayah": 23,
      "arabic": "إِنَّا نَحْنُ نَزَّلْنَا عَلَيْكَ ٱلْقُرْءَانَ تَنزِيلًا",
      "english": "Indeed, it is We who have sent down to you, [O Muhammad], the Qur'an progressively.",
      "hausa": "Lalle, Mũ ne Muka saukar da Alƙur'ãni a gare ka, saukarwa."
    },
    {
      "ayah": 24,
      "arabic": "فَٱصْبِرْ لِحُكْمِ رَبِّكَ وَلَا تُطِعْ مِنْهُمْ ءَاثِمًا أَوْ كَفُورًا",
      "english": "So be patient for the decision of your Lord and do not obey from among them a sinner or ungrateful [disbeliever].",
      "hausa": "Sabõda haka ka yi haƙuri ga hukuncin Ubangijinka, kuma kada ka bi, daga cikinsu, mai zunubi ko mai kãfirci."
    },
    {
      "ayah": 25,
      "arabic": "وَٱذْكُرِ ٱسْمَ رَبِّكَ بُكْرَةً وَأَصِيلًا",
      "english": "And mention the name of your Lord [in prayer] morning and evening",
      "hausa": "Kuma ka ambaci sũnan Ubangijinka, sãfe da maraice."
    },
    {
      "ayah": 26,
      "arabic": "وَمِنَ ٱلَّيْلِ فَٱسْجُدْ لَهُۥ وَسَبِّحْهُ لَيْلًا طَوِيلًا",
      "english": "And during the night prostrate to Him and exalt Him a long [part of the] night.",
      "hausa": "Daga dare, sai ka yi sujũda gare Shi, kuma ka tsarkake Shi darẽ mai tsawo."
    },
    {
      "ayah": 27,
      "arabic": "إِنَّ هَـٰٓؤُلَآءِ يُحِبُّونَ ٱلْعَاجِلَةَ وَيَذَرُونَ وَرَآءَهُمْ يَوْمًا ثَقِيلًا",
      "english": "Indeed, these [disbelievers] love the immediate and leave behind them a grave Day.",
      "hausa": "Lalle ne, waɗannan suna son mai gaugãwa (dũniya) kuma suna bari, a bãyansu, wani yini mai nauyi."
    },
    {
      "ayah": 28,
      "arabic": "نَّحْنُ خَلَقْنَـٰهُمْ وَشَدَدْنَآ أَسْرَهُمْ ۖ وَإِذَا شِئْنَا بَدَّلْنَآ أَمْثَـٰلَهُمْ تَبْدِيلًا",
      "english": "We have created them and strengthened their forms, and when We will, We can change their likenesses with [complete] alteration.",
      "hausa": "Mũ ne Muka halitta su kuma Muka, ƙarfafa halittarsu, kuma idan Mun so, za Mu musanyâ su da wasu mutane kwatankwacinsu, musanyawa."
    },
    {
      "ayah": 29,
      "arabic": "إِنَّ هَـٰذِهِۦ تَذْكِرَةٌ ۖ فَمَن شَآءَ ٱتَّخَذَ إِلَىٰ رَبِّهِۦ سَبِيلًا",
      "english": "Indeed, this is a reminder, so he who wills may take to his Lord a way.",
      "hausa": "Lalle ne, wannan wata tunãtarwa ce, saboda wanda ya so ya riƙa hanyar kirki zuwa ga Ubangijinsa."
    },
    {
      "ayah": 30,
      "arabic": "وَمَا تَشَآءُونَ إِلَّآ أَن يَشَآءَ ٱللَّهُ ۚ إِنَّ ٱللَّهَ كَانَ عَلِيمًا حَكِيمًا",
      "english": "And you do not will except that Allah wills. Indeed, Allah is ever Knowing and Wise.",
      "hausa": "Kuma, bã zã ku so ba, sai Allah Ya so, lalle ne Allah Yã kasance Masani' Mai hikima."
    },
    {
      "ayah": 31,
      "arabic": "يُدْخِلُ مَن يَشَآءُ فِى رَحْمَتِهِۦ ۚ وَٱلظَّـٰلِمِينَ أَعَدَّ لَهُمْ عَذَابًا أَلِيمًۢا",
      "english": "He admits whom He wills into His mercy; but the wrongdoers - He has prepared for them a painful punishment.",
      "hausa": "Yana shigar da wanda Ya so a cikin rahamarsa, kuma azzãlumai, Yã yi musu tattalin wata azãba mai raɗaɗi."
    }
  ]
}