{
  "surah": 21,
  "hasBasmallah": false,
  "basmallah": "",
  "verses": [
    {
      "ayah": 1,
      "arabic": "ٱقْتَرَبَ لِلنَّاسِ حِسَابُهُمْ وَهُمْ فِى غَفْلَةٍ مُّعْرِضُونَ",
      "english": "[The time of] their account has approached for the people, while they are in heedlessness turning away.",
      "hausa": "Hisãbin mutãne ya kusanta gare su, ahãli kuwa sunã a cikin gafala, sunã mãsu bijirẽwa."
    },
    {
      "ayah": 2,
      "arabic": "مَا يَأْتِيهِم مِّن ذِكْرٍ مِّن رَّبِّهِم مُّحْدَثٍ إِلَّا ٱسْتَمَعُوهُ وَهُمْ يَلْعَبُونَ",
      "english": "No mention comes to them anew from their Lord except that they listen to it while they are at play",
      "hausa": "Wani ambatõ daga Ubangijinsu sãbo, bã ya zuwa gare su fãce sun saurãre shi, alhãli kuwa sunã mãsu yin wãsa."
    },
    {
      "ayah": 3,
      "arabic": "لَاهِيَةً قُلُوبُهُمْ ۗ وَأَسَرُّوا۟ ٱلنَّجْوَى ٱلَّذِينَ ظَلَمُوا۟ هَلْ هَـٰذَآ إِلَّا بَشَرٌ مِّثْلُكُمْ ۖ أَفَتَأْتُونَ ٱلسِّحْرَ وَأَنتُمْ تُبْصِرُونَ",
      "english": "With their hearts distracted. And those who do wrong conceal their private conversation, [saying], \"Is this [Prophet] except a human being like you? So would you approach magic while you are aware [of it]?\"",
      "hausa": "Sanã mãsu shagaltacin zukãtansu, kuma su asirta gãnãwa: Waɗanda suka yi zãlunce (sunã cẽwa) \"Wannan bã Kõwa ba ne fãce mutum misãlinku. Shin, to, kunã jẽ wa sihiri, ahãli kuwa kũ, kunã fahimta?\""
    },
    {
      "ayah": 4,
      "arabic": "قَالَ رَبِّى يَعْلَمُ ٱلْقَوْلَ فِى ٱلسَّمَآءِ وَٱلْأَرْضِ ۖ وَهُوَ ٱلسَّمِيعُ ٱلْعَلِيمُ",
      "english": "The Prophet said, \"My Lord knows whatever is said throughout the heaven and earth, and He is the Hearing, the Knowing.\"",
      "hausa": "Ya ce: \"Ubangijina Yanã sanin magana a cikin sama da ƙasa kuma Shi ne Mai ji, Masani.\""
    },
    {
      "ayah": 5,
      "arabic": "بَلْ قَالُوٓا۟ أَضْغَـٰثُ أَحْلَـٰمٍۭ بَلِ ٱفْتَرَىٰهُ بَلْ هُوَ شَاعِرٌ فَلْيَأْتِنَا بِـَٔايَةٍ كَمَآ أُرْسِلَ ٱلْأَوَّلُونَ",
      "english": "But they say, \"[The revelation is but] a mixture of false dreams; rather, he has invented it; rather, he is a poet. So let him bring us a sign just as the previous [messengers] were sent [with miracles].\"",
      "hausa": "Ã'a, suka ce: \"Yãye-yãyen mafarki ne. Ã'a, yã ƙirƙira shi ne. Ã'a, shi mawãƙi ne. Sai ya zo mana da wata ãyã kamar yadda aka aiko manzanni na farko.\""
    },
    {
      "ayah": 6,
      "arabic": "مَآ ءَامَنَتْ قَبْلَهُم مِّن قَرْيَةٍ أَهْلَكْنَـٰهَآ ۖ أَفَهُمْ يُؤْمِنُونَ",
      "english": "Not a [single] city which We destroyed believed before them, so will they believe?",
      "hausa": "Wata alƙarya da Muka halaka ta a gabãninsu, ba ta yi ĩmãni ba. Shin, to, sũ, sunã yin ĩmãni?"
    },
    {
      "ayah": 7,
      "arabic": "وَمَآ أَرْسَلْنَا قَبْلَكَ إِلَّا رِجَالًا نُّوحِىٓ إِلَيْهِمْ ۖ فَسْـَٔلُوٓا۟ أَهْلَ ٱلذِّكْرِ إِن كُنتُمْ لَا تَعْلَمُونَ",
      "english": "And We sent not before you, [O Muhammad], except men to whom We revealed [the message], so ask the people of the message if you do not know.",
      "hausa": "Kuma ba Mu aika ba a gabãninka fãce mazãje, Munã yin wahayi zuwa gare su. Ku tambayi ma'abũta ambato idan kun kasance ba ku sani ba."
    },
    {
      "ayah": 8,
      "arabic": "وَمَا جَعَلْنَـٰهُمْ جَسَدًا لَّا يَأْكُلُونَ ٱلطَّعَامَ وَمَا كَانُوا۟ خَـٰلِدِينَ",
      "english": "And We did not make the prophets forms not eating food, nor were they immortal [on earth].",
      "hausa": "Kuma ba Mu sanya su jiki, bã su cin abin ci ba, kuma ba su kasance madawwama ba."
    },
    {
      "ayah": 9,
      "arabic": "ثُمَّ صَدَقْنَـٰهُمُ ٱلْوَعْدَ فَأَنجَيْنَـٰهُمْ وَمَن نَّشَآءُ وَأَهْلَكْنَا ٱلْمُسْرِفِينَ",
      "english": "Then We fulfilled for them the promise, and We saved them and whom We willed and destroyed the transgressors.",
      "hausa": "Sa'an nan kuma Muka gaskata musu alkawari; sai Muka tsẽrar da su da wanda Muke so, kuma Muka halakar da mãsu yawaitãwa."
    },
    {
      "ayah": 10,
      "arabic": "لَقَدْ أَنزَلْنَآ إِلَيْكُمْ كِتَـٰبًا فِيهِ ذِكْرُكُمْ ۖ أَفَلَا تَعْقِلُونَ",
      "english": "We have certainly sent down to you a Book in which is your mention. Then will you not reason?",
      "hausa": "Lalle haƙĩƙa Mun saukar da wani littãfi zuwa gare ku, a cikinsa akwai ambatonku. Shin, to, bã ku hankalta?"
    },
    {
      "ayah": 11,
      "arabic": "وَكَمْ قَصَمْنَا مِن قَرْيَةٍ كَانَتْ ظَالِمَةً وَأَنشَأْنَا بَعْدَهَا قَوْمًا ءَاخَرِينَ",
      "english": "And how many a city which was unjust have We shattered and produced after it another people.",
      "hausa": "Kuma da yawa Muka karya wata alƙarya tã kasance mai zãlunci, kuma Muka ƙãga halittar waɗansu mutãne na dabam a bãyanta."
    },
    {
      "ayah": 12,
      "arabic": "فَلَمَّآ أَحَسُّوا۟ بَأْسَنَآ إِذَا هُم مِّنْهَا يَرْكُضُونَ",
      "english": "And when its inhabitants perceived Our punishment, at once they fled from it.",
      "hausa": "Sai a lõkacin da suka hangi azãbarMu, sai gã su sunã gudu daga gare ta."
    },
    {
      "ayah": 13,
      "arabic": "لَا تَرْكُضُوا۟ وَٱرْجِعُوٓا۟ إِلَىٰ مَآ أُتْرِفْتُمْ فِيهِ وَمَسَـٰكِنِكُمْ لَعَلَّكُمْ تُسْـَٔلُونَ",
      "english": "[Some angels said], \"Do not flee but return to where you were given luxury and to your homes - perhaps you will be questioned.\"",
      "hausa": "\"Kada ku yi gudu. Ku kõmo zuwa ga abin da aka ni'imtar da ku a cikinsa da gidãjenku tsammãninku anã tambayar ku.\""
    },
    {
      "ayah": 14,
      "arabic": "قَالُوا۟ يَـٰوَيْلَنَآ إِنَّا كُنَّا ظَـٰلِمِينَ",
      "english": "They said, \"O woe to us! Indeed, we were wrongdoers.\"",
      "hausa": "Suka ce: \"Kaitonmu! Lalle mũ ne muka kasance mãsu zãlunci.\""
    },
    {
      "ayah": 15,
      "arabic": "فَمَا زَالَت تِّلْكَ دَعْوَىٰهُمْ حَتَّىٰ جَعَلْنَـٰهُمْ حَصِيدًا خَـٰمِدِينَ",
      "english": "And that declaration of theirs did not cease until We made them [as] a harvest [mowed down], extinguished [like a fire].",
      "hausa": "Sa'an nan waccan ba ta gushe ba, ita ce da'awarsu har Muka mayar da su girbabbu, bitattu."
    },
    {
      "ayah": 16,
      "arabic": "وَمَا خَلَقْنَا ٱلسَّمَآءَ وَٱلْأَرْضَ وَمَا بَيْنَهُمَا لَـٰعِبِينَ",
      "english": "And We did not create the heaven and earth and that between them in play.",
      "hausa": "Kuma ba Mu halitta sama da ƙasa da abin da ke a tsakãninsu Muna Mãsu wãsã ba."
    },
    {
      "ayah": 17,
      "arabic": "لَوْ أَرَدْنَآ أَن نَّتَّخِذَ لَهْوًا لَّٱتَّخَذْنَـٰهُ مِن لَّدُنَّآ إِن كُنَّا فَـٰعِلِينَ",
      "english": "Had We intended to take a diversion, We could have taken it from [what is] with Us - if [indeed] We were to do so.",
      "hausa": "Da Mun yi nufin Mu riƙi wani abin wãsa dã Mun riƙe shi daga gunMu, idan Mun kasance mãsu aikatãwa."
    },
    {
      "ayah": 18,
      "arabic": "بَلْ نَقْذِفُ بِٱلْحَقِّ عَلَى ٱلْبَـٰطِلِ فَيَدْمَغُهُۥ فَإِذَا هُوَ زَاهِقٌ ۚ وَلَكُمُ ٱلْوَيْلُ مِمَّا تَصِفُونَ",
      "english": "Rather, We dash the truth upon falsehood, and it destroys it, and thereupon it departs. And for you is destruction from that which you describe.",
      "hausa": "Ã'a, Munã jĩfa da gaskiya a kan ƙarya, sai ta darkãke ta, sai ga tã halakakka. Kuma bone yã tabbata a gare ku sabõda abin da kuke siffantãwa."
    },
    {
      "ayah": 19,
      "arabic": "وَلَهُۥ مَن فِى ٱلسَّمَـٰوَٰتِ وَٱلْأَرْضِ ۚ وَمَنْ عِندَهُۥ لَا يَسْتَكْبِرُونَ عَنْ عِبَادَتِهِۦ وَلَا يَسْتَحْسِرُونَ",
      "english": "To Him belongs whoever is in the heavens and the earth. And those near Him are not prevented by arrogance from His worship, nor do they tire.",
      "hausa": "Kuma shĩ ne da mallakar wanda yake a cikin sammai da ƙasa. Kuma waɗanda suke wurinSa (watau malã'iku), bã su yin girman kai ga ibãdarSa. kuma bã su gajiya."
    },
    {
      "ayah": 20,
      "arabic": "يُسَبِّحُونَ ٱلَّيْلَ وَٱلنَّهَارَ لَا يَفْتُرُونَ",
      "english": "They exalt [Him] night and day [and] do not slacken.",
      "hausa": "Sunã tasbĩhi dare da rãnã, bã su yin rauni."
    },
    {
      "ayah": 21,
      "arabic": "أَمِ ٱتَّخَذُوٓا۟ ءَالِهَةً مِّنَ ٱلْأَرْضِ هُمْ يُنشِرُونَ",
      "english": "Or have men taken for themselves gods from the earth who resurrect [the dead]?",
      "hausa": "Kõ (kãfirai) sun riƙi waɗansu abũbuwan bautãwa ne ga ƙasã, su ne mãsu tãyarwa (gare su)?"
    },
    {
      "ayah": 22,
      "arabic": "لَوْ كَانَ فِيهِمَآ ءَالِهَةٌ إِلَّا ٱللَّهُ لَفَسَدَتَا ۚ فَسُبْحَـٰنَ ٱللَّهِ رَبِّ ٱلْعَرْشِ عَمَّا يَصِفُونَ",
      "english": "Had there been within the heavens and earth gods besides Allah, they both would have been ruined. So exalted is Allah, Lord of the Throne, above what they describe.",
      "hausa": "Dã waɗansu abũbuwan bautawa sun kasance a cikinsu (sama da ƙasa) fãce Allah, haƙĩƙa dã su biyun sun ɓãci. Sabõda haka tsarki ya tabbata ga Allah Ubangijin Al'arshi daga abin da suke siffantãwa."
    },
    {
      "ayah": 23,
      "arabic": "لَا يُسْـَٔلُ عَمَّا يَفْعَلُ وَهُمْ يُسْـَٔلُونَ",
      "english": "He is not questioned about what He does, but they will be questioned.",
      "hausa": "Bã a tambayar Sa ga abin da Yake aikatãwa, alhãli kuwa sũanã tambayar su."
    },
    {
      "ayah": 24,
      "arabic": "أَمِ ٱتَّخَذُوا۟ مِن دُونِهِۦٓ ءَالِهَةً ۖ قُلْ هَاتُوا۟ بُرْهَـٰنَكُمْ ۖ هَـٰذَا ذِكْرُ مَن مَّعِىَ وَذِكْرُ مَن قَبْلِى ۗ بَلْ أَكْثَرُهُمْ لَا يَعْلَمُونَ ٱلْحَقَّ ۖ فَهُم مُّعْرِضُونَ",
      "english": "Or have they taken gods besides Him? Say, [O Muhammad], \"Produce your proof. This [Qur'an] is the message for those with me and the message of those before me.\" But most of them do not know the truth, so they are turning away.",
      "hausa": "Kõ sun riƙi waɗansu abũbuwan bautãwa baicinSa? Ka ce: \"Ku kãwo hujjarku, wannan shi ne ambaton wanda yake tãre da ni, kuma shi ne ambaton wanda yake a gabãnĩna. Ã'a, mafi yawansubã su sanin gaskiya, sabõda haka sũ mãsu bijirẽwa ne.\""
    },
    {
      "ayah": 25,
      "arabic": "وَمَآ أَرْسَلْنَا مِن قَبْلِكَ مِن رَّسُولٍ إِلَّا نُوحِىٓ إِلَيْهِ أَنَّهُۥ لَآ إِلَـٰهَ إِلَّآ أَنَا۠ فَٱعْبُدُونِ",
      "english": "And We sent not before you any messenger except that We revealed to him that, \"There is no deity except Me, so worship Me.\"",
      "hausa": "Kuma ba Mu aiki wani Manzo ba a gabãninka fãce Munã yin wahayi zuwa gare shi, cẽwa \"Lalle ne Shi, bãbu abin bautãwa fãce Nĩ, sai ku bauta Mini.\""
    },
    {
      "ayah": 26,
      "arabic": "وَقَالُوا۟ ٱتَّخَذَ ٱلرَّحْمَـٰنُ وَلَدًا ۗ سُبْحَـٰنَهُۥ ۚ بَلْ عِبَادٌ مُّكْرَمُونَ",
      "english": "And they say, \"The Most Merciful has taken a son.\" Exalted is He! Rather, they are [but] honored servants.",
      "hausa": "Kuma suka ce: \"Mai rahama ya riƙi ɗã.\" Tsarkinsa, ya tabbata! Ã'a, (malã'iku) bãyi ne mãsu daraja."
    },
    {
      "ayah": 27,
      "arabic": "لَا يَسْبِقُونَهُۥ بِٱلْقَوْلِ وَهُم بِأَمْرِهِۦ يَعْمَلُونَ",
      "english": "They cannot precede Him in word, and they act by His command.",
      "hausa": "Bã su gabãtarSa da magana, kuma su da umurninSa suke aiki."
    },
    {
      "ayah": 28,
      "arabic": "يَعْلَمُ مَا بَيْنَ أَيْدِيهِمْ وَمَا خَلْفَهُمْ وَلَا يَشْفَعُونَ إِلَّا لِمَنِ ٱرْتَضَىٰ وَهُم مِّنْ خَشْيَتِهِۦ مُشْفِقُونَ",
      "english": "He knows what is [presently] before them and what will be after them, and they cannot intercede except on behalf of one whom He approves. And they, from fear of Him, are apprehensive.",
      "hausa": "Yanã sanin abin da yake gaba gare su da abin da yake a bãyansu, kuma bã su yin cẽto fãce ga wanda Ya yarda, kuma sũmasu sauna ne sabõda tsõronSa."
    },
    {
      "ayah": 29,
      "arabic": "وَمَن يَقُلْ مِنْهُمْ إِنِّىٓ إِلَـٰهٌ مِّن دُونِهِۦ فَذَٰلِكَ نَجْزِيهِ جَهَنَّمَ ۚ كَذَٰلِكَ نَجْزِى ٱلظَّـٰلِمِينَ",
      "english": "And whoever of them should say, \"Indeed, I am a god besides Him\"- that one We would recompense with Hell. Thus do We recompense the wrongdoers.",
      "hausa": "Kuma wanda ya ce daga gare su, \"Lalle nĩ abin bautãwa ne baicinSa,\" to, wannan Munã sãkã masa da, Jahannama. Kamar haka Muke sãkã wa azzãlumai."
    },
    {
      "ayah": 30,
      "arabic": "أَوَلَمْ يَرَ ٱلَّذِينَ كَفَرُوٓا۟ أَنَّ ٱلسَّمَـٰوَٰتِ وَٱلْأَرْضَ كَانَتَا رَتْقًا فَفَتَقْنَـٰهُمَا ۖ وَجَعَلْنَا مِنَ ٱلْمَآءِ كُلَّ شَىْءٍ حَىٍّ ۖ أَفَلَا يُؤْمِنُونَ",
      "english": "Have those who disbelieved not considered that the heavens and the earth were a joined entity, and We separated them and made from water every living thing? Then will they not believe?",
      "hausa": "Shin kuma waɗanda suka kãfirta ba, su gani da cẽwa lalle sammai da ƙasa sun kasance ɗinke, sai Muka bũɗe su, kuma Muka sanya dukan kome mai rai daga ruwa? Shin, bã zã su yi ĩmãni ba?"
    },
    {
      "ayah": 31,
      "arabic": "وَجَعَلْنَا فِى ٱلْأَرْضِ رَوَٰسِىَ أَن تَمِيدَ بِهِمْ وَجَعَلْنَا فِيهَا فِجَاجًا سُبُلًا لَّعَلَّهُمْ يَهْتَدُونَ",
      "english": "And We placed within the earth firmly set mountains, lest it should shift with them, and We made therein [mountain] passes [as] roads that they might be guided.",
      "hausa": "Kuma Mun sanya tabbatattun duwãtsu a cikin ƙasa dõmin kada ta karkata da su kuma Mun sanya ranguna, hanyõyi, a cikinsu (duwãtsun), tsammãninsu sunã shiryuwa."
    },
    {
      "ayah": 32,
      "arabic": "وَجَعَلْنَا ٱلسَّمَآءَ سَقْفًا مَّحْفُوظًا ۖ وَهُمْ عَنْ ءَايَـٰتِهَا مُعْرِضُونَ",
      "english": "And We made the sky a protected ceiling, but they, from its signs, are turning away.",
      "hausa": "Kuma Mun sanya sama rufi tsararre, alhãli kuwa su daga ãyõyinta mãsu bijirẽwa ne."
    },
    {
      "ayah": 33,
      "arabic": "وَهُوَ ٱلَّذِى خَلَقَ ٱلَّيْلَ وَٱلنَّهَارَ وَٱلشَّمْسَ وَٱلْقَمَرَ ۖ كُلٌّ فِى فَلَكٍ يَسْبَحُونَ",
      "english": "And it is He who created the night and the day and the sun and the moon; all [heavenly bodies] in an orbit are swimming.",
      "hausa": "Kuma shĩ ne wanda Ya halitta dare da yini da rãnã da watã dukansu a cikin wani sarari suKe iyo."
    },
    {
      "ayah": 34,
      "arabic": "وَمَا جَعَلْنَا لِبَشَرٍ مِّن قَبْلِكَ ٱلْخُلْدَ ۖ أَفَإِي۟ن مِّتَّ فَهُمُ ٱلْخَـٰلِدُونَ",
      "english": "And We did not grant to any man before you eternity [on earth]; so if you die - would they be eternal?",
      "hausa": "Kuma ba Mu sanya dawwama ga wani mutum ba, a gabãninka. Shin to idan ka mutu to sũ ne madawwama?"
    },
    {
      "ayah": 35,
      "arabic": "كُلُّ نَفْسٍ ذَآئِقَةُ ٱلْمَوْتِ ۗ وَنَبْلُوكُم بِٱلشَّرِّ وَٱلْخَيْرِ فِتْنَةً ۖ وَإِلَيْنَا تُرْجَعُونَ",
      "english": "Every soul will taste death. And We test you with evil and with good as trial; and to Us you will be returned.",
      "hausa": "Kõwane rai mai ɗanɗanar mutuwa ne. Kuma Munã jarraba ku da sharri da alhẽri dõmin fitina. Kuma zuwa gare Mu ake mayar da ku."
    },
    {
      "ayah": 36,
      "arabic": "وَإِذَا رَءَاكَ ٱلَّذِينَ كَفَرُوٓا۟ إِن يَتَّخِذُونَكَ إِلَّا هُزُوًا أَهَـٰذَا ٱلَّذِى يَذْكُرُ ءَالِهَتَكُمْ وَهُم بِذِكْرِ ٱلرَّحْمَـٰنِ هُمْ كَـٰفِرُونَ",
      "english": "And when those who disbelieve see you, [O Muhammad], they take you not except in ridicule, [saying], \"Is this the one who insults your gods?\" And they are, at the mention of the Most Merciful, disbelievers.",
      "hausa": "Kuma idan waɗanda suka kãfirta suka gan ka, bã su riƙon ka fãce da izgili (sunã cẽwa), \"Shin, wannan ne ke ambatar gumãkanku?\" Alhãli kuwa sũ, ga ambatar Mai rahama, mãsu kãfirta ne."
    },
    {
      "ayah": 37,
      "arabic": "خُلِقَ ٱلْإِنسَـٰنُ مِنْ عَجَلٍ ۚ سَأُو۟رِيكُمْ ءَايَـٰتِى فَلَا تَسْتَعْجِلُونِ",
      "english": "Man was created of haste. I will show you My signs, so do not impatiently urge Me.",
      "hausa": "An halitta mutum daga gaggãwa, zan nũna muku ãyõyiNa. Sabõda haka kada ku nẽmiyin gaggãwa."
    },
    {
      "ayah": 38,
      "arabic": "وَيَقُولُونَ مَتَىٰ هَـٰذَا ٱلْوَعْدُ إِن كُنتُمْ صَـٰدِقِينَ",
      "english": "And they say, \"When is this promise, if you should be truthful?\"",
      "hausa": "Kuma sunã cẽwa, \"A yaushe wannan wa'adi zai tabbata, idan kun kasance mãsu gaskiya?\""
    },
    {
      "ayah": 39,
      "arabic": "لَوْ يَعْلَمُ ٱلَّذِينَ كَفَرُوا۟ حِينَ لَا يَكُفُّونَ عَن وُجُوهِهِمُ ٱلنَّارَ وَلَا عَن ظُهُورِهِمْ وَلَا هُمْ يُنصَرُونَ",
      "english": "If those who disbelieved but knew the time when they will not avert the Fire from their faces or from their backs and they will not be aided...",
      "hausa": "Dã waɗanda suka kãfirta sunã sanin lõkacin da bã su kange wuta daga fuskõkinsu, kuma haka daga bãyayyakinsu, alhãli kuwa ba su zama ana taimakon su ba."
    },
    {
      "ayah": 40,
      "arabic": "بَلْ تَأْتِيهِم بَغْتَةً فَتَبْهَتُهُمْ فَلَا يَسْتَطِيعُونَ رَدَّهَا وَلَا هُمْ يُنظَرُونَ",
      "english": "Rather, it will come to them unexpectedly and bewilder them, and they will not be able to repel it, nor will they be reprieved.",
      "hausa": "Ã'a, tanã jẽ musu bisa ga auke sai ta ɗimautar da su, sa'an nan bã su iya mayar da ita, kuma ba su zama anã yi musu jinkiri ba."
    },
    {
      "ayah": 41,
      "arabic": "وَلَقَدِ ٱسْتُهْزِئَ بِرُسُلٍ مِّن قَبْلِكَ فَحَاقَ بِٱلَّذِينَ سَخِرُوا۟ مِنْهُم مَّا كَانُوا۟ بِهِۦ يَسْتَهْزِءُونَ",
      "english": "And already were messengers ridiculed before you, but those who mocked them were enveloped by what they used to ridicule.",
      "hausa": "Kuma lalle ne, haƙĩƙa, an yi izgili ga waɗansu Manzanni daga gabãninka, sai abin da suka kasance sunã izgili da shi ya auku ga waɗanda suka yi izgilin daga gare su."
    },
    {
      "ayah": 42,
      "arabic": "قُلْ مَن يَكْلَؤُكُم بِٱلَّيْلِ وَٱلنَّهَارِ مِنَ ٱلرَّحْمَـٰنِ ۗ بَلْ هُمْ عَن ذِكْرِ رَبِّهِم مُّعْرِضُونَ",
      "english": "Say, \"Who can protect you at night or by day from the Most Merciful?\" But they are, from the remembrance of their Lord, turning away.",
      "hausa": "Ka ce: \"Wãne ne yake tsare ku a dare da yini daga Mai rahama?\" Ã'a, sũ mãsu bijirẽwa ne daga ambaton Ubangijinsu."
    },
    {
      "ayah": 43,
      "arabic": "أَمْ لَهُمْ ءَالِهَةٌ تَمْنَعُهُم مِّن دُونِنَا ۚ لَا يَسْتَطِيعُونَ نَصْرَ أَنفُسِهِمْ وَلَا هُم مِّنَّا يُصْحَبُونَ",
      "english": "Or do they have gods to defend them other than Us? They are unable [even] to help themselves, nor can they be protected from Us.",
      "hausa": "Ko kuwa sunã da waɗansu abũbuwan bautãwa waɗanda ke tsare su, daga gare Mu? Bã su iya taimakon kansu kuma ba su kasance anã abũtar su ba daga gareMu."
    },
    {
      "ayah": 44,
      "arabic": "بَلْ مَتَّعْنَا هَـٰٓؤُلَآءِ وَءَابَآءَهُمْ حَتَّىٰ طَالَ عَلَيْهِمُ ٱلْعُمُرُ ۗ أَفَلَا يَرَوْنَ أَنَّا نَأْتِى ٱلْأَرْضَ نَنقُصُهَا مِنْ أَطْرَافِهَآ ۚ أَفَهُمُ ٱلْغَـٰلِبُونَ",
      "english": "But, [on the contrary], We have provided good things for these [disbelievers] and their fathers until life was prolonged for them. Then do they not see that We set upon the land, reducing it from its borders? So it is they who will overcome?",
      "hausa": "Ã'a, Mun yalwata wa waɗannan da ubanninsu ni'imarMu, har rãyuwa ta yi tsawo a kansu. Shin, to, bã su ganin cẽwa lalle Mũ, Munã je wa ƙasarsu, Munã rage ta daga sãsanninta? Shin, to, su ne marinjaya?"
    },
    {
      "ayah": 45,
      "arabic": "قُلْ إِنَّمَآ أُنذِرُكُم بِٱلْوَحْىِ ۚ وَلَا يَسْمَعُ ٱلصُّمُّ ٱلدُّعَآءَ إِذَا مَا يُنذَرُونَ",
      "english": "Say, \"I only warn you by revelation.\" But the deaf do not hear the call when they are warned.",
      "hausa": "Ka ce: \"Abin sani, inã yi muku gargaɗi kawai da wahayi,\" kuma kurma ba ya jin kira a lõkacin da ake yi musu gargaɗi."
    },
    {
      "ayah": 46,
      "arabic": "وَلَئِن مَّسَّتْهُمْ نَفْحَةٌ مِّنْ عَذَابِ رَبِّكَ لَيَقُولُنَّ يَـٰوَيْلَنَآ إِنَّا كُنَّا ظَـٰلِمِينَ",
      "english": "And if [as much as] a whiff of the punishment of your Lord should touch them, they would surely say, \"O woe to us! Indeed, we have been wrongdoers.\"",
      "hausa": "Kuma haƙĩƙa idan wata iska daga azãbar Ubangiji ta shãfe su, haƙĩƙa sunã cẽwa, \"Yã kaitonmu! Lalle mũ ne muka kasance mãsu zãlunci.\""
    },
    {
      "ayah": 47,
      "arabic": "وَنَضَعُ ٱلْمَوَٰزِينَ ٱلْقِسْطَ لِيَوْمِ ٱلْقِيَـٰمَةِ فَلَا تُظْلَمُ نَفْسٌ شَيْـًٔا ۖ وَإِن كَانَ مِثْقَالَ حَبَّةٍ مِّنْ خَرْدَلٍ أَتَيْنَا بِهَا ۗ وَكَفَىٰ بِنَا حَـٰسِبِينَ",
      "english": "And We place the scales of justice for the Day of Resurrection, so no soul will be treated unjustly at all. And if there is [even] the weight of a mustard seed, We will bring it forth. And sufficient are We as accountant.",
      "hausa": "Kuma Munã aza ma'aunan ãdalci ga Rãnar ¡iyãma, sabõda haka ba a zãluntar rai da kõme. Kuma kõ dã ya kasance nauyin ƙwãya daga kõmayya ne Mun zo da ita. Kuma Mun isa zama Mãsu hisãbi."
    },
    {
      "ayah": 48,
      "arabic": "وَلَقَدْ ءَاتَيْنَا مُوسَىٰ وَهَـٰرُونَ ٱلْفُرْقَانَ وَضِيَآءً وَذِكْرًا لِّلْمُتَّقِينَ",
      "english": "And We had already given Moses and Aaron the criterion and a light and a reminder for the righteous",
      "hausa": "Kuma lalle, haƙĩƙa, Mun kãwo wa Mũsã da Hãrũna Rarrabewa da haske da ambato ga mãsu aiki da taƙawa."
    },
    {
      "ayah": 49,
      "arabic": "ٱلَّذِينَ يَخْشَوْنَ رَبَّهُم بِٱلْغَيْبِ وَهُم مِّنَ ٱلسَّاعَةِ مُشْفِقُونَ",
      "english": "Who fear their Lord unseen, while they are of the Hour apprehensive.",
      "hausa": "Waɗanda suke tsãron Ubangijinsu a fake, alhãli kuwa sũ, mãsu sauna ne daga Sa'a."
    },
    {
      "ayah": 50,
      "arabic": "وَهَـٰذَا ذِكْرٌ مُّبَارَكٌ أَنزَلْنَـٰهُ ۚ أَفَأَنتُمْ لَهُۥ مُنكِرُونَ",
      "english": "And this [Qur'an] is a blessed message which We have sent down. Then are you with it unacquainted?",
      "hausa": "Kuma wannan ambato ne mai albarka Mun saukar da shi. Shin, to, kũ mãsu musu ne gare shi?"
    },
    {
      "ayah": 51,
      "arabic": "وَلَقَدْ ءَاتَيْنَآ إِبْرَٰهِيمَ رُشْدَهُۥ مِن قَبْلُ وَكُنَّا بِهِۦ عَـٰلِمِينَ",
      "english": "And We had certainly given Abraham his sound judgement before, and We were of him well-Knowing",
      "hausa": "Kuma lalle haƙĩƙa Mun kãwo wa Ibrãhĩm shiryuwarsa daga gabãni, kuma Mun kasance Masana gare shi."
    },
    {
      "ayah": 52,
      "arabic": "إِذْ قَالَ لِأَبِيهِ وَقَوْمِهِۦ مَا هَـٰذِهِ ٱلتَّمَاثِيلُ ٱلَّتِىٓ أَنتُمْ لَهَا عَـٰكِفُونَ",
      "english": "When he said to his father and his people, \"What are these statues to which you are devoted?\"",
      "hausa": "Ya ce wa ubansa da mutanensa, \"Mẽne ne waɗannan mutummutumai waɗanda kuke mãsu lazimta a kansu?\""
    },
    {
      "ayah": 53,
      "arabic": "قَالُوا۟ وَجَدْنَآ ءَابَآءَنَا لَهَا عَـٰبِدِينَ",
      "english": "They said, \"We found our fathers worshippers of them.\"",
      "hausa": "Suka ce: \"Mun sãmi Ubanninmu mãsu lazimta a kansu.\""
    },
    {
      "ayah": 54,
      "arabic": "قَالَ لَقَدْ كُنتُمْ أَنتُمْ وَءَابَآؤُكُمْ فِى ضَلَـٰلٍ مُّبِينٍ",
      "english": "He said, \"You were certainly, you and your fathers, in manifest error.\"",
      "hausa": "Ya ce: \"Lalle, haƙĩƙa, kun kasance kũ da Ubanninku a cikin ɓata bayyananna.\""
    },
    {
      "ayah": 55,
      "arabic": "قَالُوٓا۟ أَجِئْتَنَا بِٱلْحَقِّ أَمْ أَنتَ مِنَ ٱللَّـٰعِبِينَ",
      "english": "They said, \"Have you come to us with truth, or are you of those who jest?\"",
      "hausa": "Suka ce: \"Shin kã zo mana da gaskiya ne, Kõ kuwa kai kanã daga mãSu wãsã ne?\""
    },
    {
      "ayah": 56,
      "arabic": "قَالَ بَل رَّبُّكُمْ رَبُّ ٱلسَّمَـٰوَٰتِ وَٱلْأَرْضِ ٱلَّذِى فَطَرَهُنَّ وَأَنَا۠ عَلَىٰ ذَٰلِكُم مِّنَ ٱلشَّـٰهِدِينَ",
      "english": "He said, \"[No], rather, your Lord is the Lord of the heavens and the earth who created them, and I, to that, am of those who testify.",
      "hausa": "Ya ce: \"Ã'a, Ubangijinku Shi ne Ubangijin sammai da ƙasa, wanda Ya ƙãga halittarsu. Kuma Ni inã daga mãsu shaida a kan haka.\""
    },
    {
      "ayah": 57,
      "arabic": "وَتَٱللَّهِ لَأَكِيدَنَّ أَصْنَـٰمَكُم بَعْدَ أَن تُوَلُّوا۟ مُدْبِرِينَ",
      "english": "And [I swear] by Allah, I will surely plan against your idols after you have turned and gone away.\"",
      "hausa": "\"Kuma inã rantsuwa da Allah, lalle zan yi wani shiri ga gumãkanku a bãyan kun jũya kunã mãsu bãyar da bãya.\""
    },
    {
      "ayah": 58,
      "arabic": "فَجَعَلَهُمْ جُذَٰذًا إِلَّا كَبِيرًا لَّهُمْ لَعَلَّهُمْ إِلَيْهِ يَرْجِعُونَ",
      "english": "So he made them into fragments, except a large one among them, that they might return to it [and question].",
      "hausa": "Sai ya sanya su guntu-guntu fãce wani babba gare su, tsammãninsũ sunã Kõmãwa zuwa gare shi."
    },
    {
      "ayah": 59,
      "arabic": "قَالُوا۟ مَن فَعَلَ هَـٰذَا بِـَٔالِهَتِنَآ إِنَّهُۥ لَمِنَ ٱلظَّـٰلِمِينَ",
      "english": "They said, \"Who has done this to our gods? Indeed, he is of the wrongdoers.\"",
      "hausa": "Suka ce: \"Wane ne ya aikata wannan ga gumãkanmu? Lalle shĩ, haƙĩƙa, yanã daga azzãlumai.\""
    },
    {
      "ayah": 60,
      "arabic": "قَالُوا۟ سَمِعْنَا فَتًى يَذْكُرُهُمْ يُقَالُ لَهُۥٓ إِبْرَٰهِيمُ",
      "english": "They said, \"We heard a young man mention them who is called Abraham.\"",
      "hausa": "Suka ce: \"Mun ji wani saurayi yanã ambatar su. Anã ce masa Ibrahĩm.\""
    },
    {
      "ayah": 61,
      "arabic": "قَالُوا۟ فَأْتُوا۟ بِهِۦ عَلَىٰٓ أَعْيُنِ ٱلنَّاسِ لَعَلَّهُمْ يَشْهَدُونَ",
      "english": "They said, \"Then bring him before the eyes of the people that they may testify.\"",
      "hausa": "Suka ce: \"To, ku zo da shi a kan idanun mutãne, tsammãnin su zã su bãyar da shaida.\""
    },
    {
      "ayah": 62,
      "arabic": "قَالُوٓا۟ ءَأَنتَ فَعَلْتَ هَـٰذَا بِـَٔالِهَتِنَا يَـٰٓإِبْرَٰهِيمُ",
      "english": "They said, \"Have you done this to our gods, O Abraham?\"",
      "hausa": "Suka ce: \"Shin kai ne ka aikata wannan ga gumãkanmu? Yã Ibrahĩm!\""
    },
    {
      "ayah": 63,
      "arabic": "قَالَ بَلْ فَعَلَهُۥ كَبِيرُهُمْ هَـٰذَا فَسْـَٔلُوهُمْ إِن كَانُوا۟ يَنطِقُونَ",
      "english": "He said, \"Rather, this - the largest of them - did it, so ask them, if they should [be able to] speak.\"",
      "hausa": "Ya ce: \"Ã'a, babbansu, wannan, shĩ ya aikata, shi. Sai ku tambaye su idan sun kasance sunã yin magana.\""
    },
    {
      "ayah": 64,
      "arabic": "فَرَجَعُوٓا۟ إِلَىٰٓ أَنفُسِهِمْ فَقَالُوٓا۟ إِنَّكُمْ أَنتُمُ ٱلظَّـٰلِمُونَ",
      "english": "So they returned to [blaming] themselves and said [to each other], \"Indeed, you are the wrongdoers.\"",
      "hausa": "Sai suka kõma wa jũnansu suka ce: \"Lalle ne kũ, kũ ne azzãlumai.\""
    },
    {
      "ayah": 65,
      "arabic": "ثُمَّ نُكِسُوا۟ عَلَىٰ رُءُوسِهِمْ لَقَدْ عَلِمْتَ مَا هَـٰٓؤُلَآءِ يَنطِقُونَ",
      "english": "Then they reversed themselves, [saying], \"You have already known that these do not speak!\"",
      "hausa": "Sa'an nan kuma aka sunkuyar da su a kan kãwunansu (sukace,) \"Lalle, haƙĩƙa, kã sani waɗannan bã su yin magana.\""
    },
    {
      "ayah": 66,
      "arabic": "قَالَ أَفَتَعْبُدُونَ مِن دُونِ ٱللَّهِ مَا لَا يَنفَعُكُمْ شَيْـًٔا وَلَا يَضُرُّكُمْ",
      "english": "He said, \"Then do you worship instead of Allah that which does not benefit you at all or harm you?",
      "hausa": "Ya ce: \"Shin to, kunã bautã wa abin da, bã ya, amfãnin ku da Kõme kuma bã ya cũtar da ku baicin Allah?\""
    },
    {
      "ayah": 67,
      "arabic": "أُفٍّ لَّكُمْ وَلِمَا تَعْبُدُونَ مِن دُونِ ٱللَّهِ ۖ أَفَلَا تَعْقِلُونَ",
      "english": "Uff to you and to what you worship instead of Allah. Then will you not use reason?\"",
      "hausa": "\"Tir da ku, kuma da abin da kuke bauta wa, baicin Allah! Shin to, bã ku hankalta?\""
    },
    {
      "ayah": 68,
      "arabic": "قَالُوا۟ حَرِّقُوهُ وَٱنصُرُوٓا۟ ءَالِهَتَكُمْ إِن كُنتُمْ فَـٰعِلِينَ",
      "english": "They said, \"Burn him and support your gods - if you are to act.\"",
      "hausa": "Suka ce: \"Ku ƙõne shi kuma ku taimaki gumãkanku, idan kun kasance mãsu aikatãwa.\""
    },
    {
      "ayah": 69,
      "arabic": "قُلْنَا يَـٰنَارُ كُونِى بَرْدًا وَسَلَـٰمًا عَلَىٰٓ إِبْرَٰهِيمَ",
      "english": "Allah said, \"O fire, be coolness and safety upon Abraham.\"",
      "hausa": "Muka ce: \"Yã wuta! Ki kasance sanyi da aminci ga Ibrahĩm.\""
    },
    {
      "ayah": 70,
      "arabic": "وَأَرَادُوا۟ بِهِۦ كَيْدًا فَجَعَلْنَـٰهُمُ ٱلْأَخْسَرِينَ",
      "english": "And they intended for him harm, but We made them the greatest losers.",
      "hausa": "Kuma suka yi nufin wani mũgun shiri da shi, sai Mukasanya su mafiya hasãra."
    },
    {
      "ayah": 71,
      "arabic": "وَنَجَّيْنَـٰهُ وَلُوطًا إِلَى ٱلْأَرْضِ ٱلَّتِى بَـٰرَكْنَا فِيهَا لِلْعَـٰلَمِينَ",
      "english": "And We delivered him and Lot to the land which We had blessed for the worlds.",
      "hausa": "Kuma Muka tsẽrar da shi da Lũɗu zuwa ga ƙasar nan wadda Muka sanya albarka a cikinta ga tãlikai."
    },
    {
      "ayah": 72,
      "arabic": "وَوَهَبْنَا لَهُۥٓ إِسْحَـٰقَ وَيَعْقُوبَ نَافِلَةً ۖ وَكُلًّا جَعَلْنَا صَـٰلِحِينَ",
      "english": "And We gave him Isaac and Jacob in addition, and all [of them] We made righteous.",
      "hausa": "Kuma Muka ba shi Is'haka da Ya'aƙuba a kan daɗi alhãli kuwa dukansu Mun sanya su sãlihai."
    },
    {
      "ayah": 73,
      "arabic": "وَجَعَلْنَـٰهُمْ أَئِمَّةً يَهْدُونَ بِأَمْرِنَا وَأَوْحَيْنَآ إِلَيْهِمْ فِعْلَ ٱلْخَيْرَٰتِ وَإِقَامَ ٱلصَّلَوٰةِ وَإِيتَآءَ ٱلزَّكَوٰةِ ۖ وَكَانُوا۟ لَنَا عَـٰبِدِينَ",
      "english": "And We made them leaders guiding by Our command. And We inspired to them the doing of good deeds, establishment of prayer, and giving of zakah; and they were worshippers of Us.",
      "hausa": "Kuma Muka sanya su shugabanni, sunã shiryarwa da umurninMu. Kuma Muka yi wahayi zuwa gare su da ayyukan alhẽri da tsayar da salla da bãyar da zakka. Kuma sun kasance mãsu bauta gare Mu."
    },
    {
      "ayah": 74,
      "arabic": "وَلُوطًا ءَاتَيْنَـٰهُ حُكْمًا وَعِلْمًا وَنَجَّيْنَـٰهُ مِنَ ٱلْقَرْيَةِ ٱلَّتِى كَانَت تَّعْمَلُ ٱلْخَبَـٰٓئِثَ ۗ إِنَّهُمْ كَانُوا۟ قَوْمَ سَوْءٍ فَـٰسِقِينَ",
      "english": "And to Lot We gave judgement and knowledge, and We saved him from the city that was committing wicked deeds. Indeed, they were a people of evil, defiantly disobedient.",
      "hausa": "Kuma Lũɗu Mun bã shi hukunci da ilmi. Kuma Mun tsĩrar da shi daga alƙaryar nan wadda ke aikata mũnãnan ayyuka. Lallesũ, sun kasance mutãnen mũgun aiki, fãsiƙai."
    },
    {
      "ayah": 75,
      "arabic": "وَأَدْخَلْنَـٰهُ فِى رَحْمَتِنَآ ۖ إِنَّهُۥ مِنَ ٱلصَّـٰلِحِينَ",
      "english": "And We admitted him into Our mercy. Indeed, he was of the righteous.",
      "hausa": "Kuma Muka shigar da shi a cikin rahamarMu. Lalle ne shĩ, yanã daga sãlihai."
    },
    {
      "ayah": 76,
      "arabic": "وَنُوحًا إِذْ نَادَىٰ مِن قَبْلُ فَٱسْتَجَبْنَا لَهُۥ فَنَجَّيْنَـٰهُ وَأَهْلَهُۥ مِنَ ٱلْكَرْبِ ٱلْعَظِيمِ",
      "english": "And [mention] Noah, when he called [to Allah] before [that time], so We responded to him and saved him and his family from the great flood.",
      "hausa": "Kuma Nũhu, a sa'ad da ya yi kira a gabãni, sai Muka karɓa masa, sa'an nan Muka tsirar da shi da mutãnensa daga baƙin ciki mai girma."
    },
    {
      "ayah": 77,
      "arabic": "وَنَصَرْنَـٰهُ مِنَ ٱلْقَوْمِ ٱلَّذِينَ كَذَّبُوا۟ بِـَٔايَـٰتِنَآ ۚ إِنَّهُمْ كَانُوا۟ قَوْمَ سَوْءٍ فَأَغْرَقْنَـٰهُمْ أَجْمَعِينَ",
      "english": "And We saved him from the people who denied Our signs. Indeed, they were a people of evil, so We drowned them, all together.",
      "hausa": "Kuma Muka taimake shi daga mutãnen nan waɗanda suka ƙaryata da ãyõyinMu. Lalle ne sũ, sun kasance mutãnen mugun aiki. Sai Muka nutsar da su gabã ɗaya."
    },
    {
      "ayah": 78,
      "arabic": "وَدَاوُۥدَ وَسُلَيْمَـٰنَ إِذْ يَحْكُمَانِ فِى ٱلْحَرْثِ إِذْ نَفَشَتْ فِيهِ غَنَمُ ٱلْقَوْمِ وَكُنَّا لِحُكْمِهِمْ شَـٰهِدِينَ",
      "english": "And [mention] David and Solomon, when they judged concerning the field - when the sheep of a people overran it [at night], and We were witness to their judgement.",
      "hausa": "Kuma Dãwũda da Sulaimãn sa'ad da suke yin hukunci a cikin sha'anin shũka a lõkacin da tumãkin mutãne suka yi kiĩwon dare a cikinsa. Kuma Mun kasance Mãsu halarta ga hukuncinsu."
    },
    {
      "ayah": 79,
      "arabic": "فَفَهَّمْنَـٰهَا سُلَيْمَـٰنَ ۚ وَكُلًّا ءَاتَيْنَا حُكْمًا وَعِلْمًا ۚ وَسَخَّرْنَا مَعَ دَاوُۥدَ ٱلْجِبَالَ يُسَبِّحْنَ وَٱلطَّيْرَ ۚ وَكُنَّا فَـٰعِلِينَ",
      "english": "And We gave understanding of the case to Solomon, and to each [of them] We gave judgement and knowledge. And We subjected the mountains to exalt [Us], along with David and [also] the birds. And We were doing [that].",
      "hausa": "Sai Muka fahimtar da ita (mats'alar) ga Sulaiman. Kuma dukansu Mun bã su hukunci da ilmi kuma Muka hõre duwatsu tãre da Dãwũda, sunã tasbĩhi, da tsuntsãye. Kuma Mun kasance Mãsu aikatãwa."
    },
    {
      "ayah": 80,
      "arabic": "وَعَلَّمْنَـٰهُ صَنْعَةَ لَبُوسٍ لَّكُمْ لِتُحْصِنَكُم مِّنۢ بَأْسِكُمْ ۖ فَهَلْ أَنتُمْ شَـٰكِرُونَ",
      "english": "And We taught him the fashioning of coats of armor to protect you from your [enemy in] battle. So will you then be grateful?",
      "hausa": "Kuma Muka sanar da shi sana'ar wata tufa sabõda ku dõmin ya tsare ku daga makãminku. To, shin, ku mãsu gõdẽwa ne?"
    },
    {
      "ayah": 81,
      "arabic": "وَلِسُلَيْمَـٰنَ ٱلرِّيحَ عَاصِفَةً تَجْرِى بِأَمْرِهِۦٓ إِلَى ٱلْأَرْضِ ٱلَّتِى بَـٰرَكْنَا فِيهَا ۚ وَكُنَّا بِكُلِّ شَىْءٍ عَـٰلِمِينَ",
      "english": "And to Solomon [We subjected] the wind, blowing forcefully, proceeding by his command toward the land which We had blessed. And We are ever, of all things, Knowing.",
      "hausa": "Kuma (Muka hõre) wa Sulaimãn iska mai tsananin bugãwa, tanã gudãna da umuruinsa zuwa ga ƙasar nan wadda Muka sanya albarka a cikinta. Kuma Mun kasance Masana ga dukkan Kõme."
    },
    {
      "ayah": 82,
      "arabic": "وَمِنَ ٱلشَّيَـٰطِينِ مَن يَغُوصُونَ لَهُۥ وَيَعْمَلُونَ عَمَلًا دُونَ ذَٰلِكَ ۖ وَكُنَّا لَهُمْ حَـٰفِظِينَ",
      "english": "And of the devils were those who dived for him and did work other than that. And We were of them a guardian.",
      "hausa": "Kuma daga Shaiɗannu (Mun hõre) wanda ke nutso sabõda shi. Kuma sunã yin wani aiki baicin wancan. Kuma Mun kasance Mãsu tsaro a gare su."
    },
    {
      "ayah": 83,
      "arabic": "وَأَيُّوبَ إِذْ نَادَىٰ رَبَّهُۥٓ أَنِّى مَسَّنِىَ ٱلضُّرُّ وَأَنتَ أَرْحَمُ ٱلرَّٰحِمِينَ",
      "english": "And [mention] Job, when he called to his Lord, \"Indeed, adversity has touched me, and you are the Most Merciful of the merciful.\"",
      "hausa": "Kuma da Ayyũba a sã'ad da ya yi kiran Ubangijinsa, (ya ce:) \"Lalle nĩ, cũta ta shãfe ni, alhãli kuwa Kai ne Mafi rahamar mãsu rahama.\""
    },
    {
      "ayah": 84,
      "arabic": "فَٱسْتَجَبْنَا لَهُۥ فَكَشَفْنَا مَا بِهِۦ مِن ضُرٍّ ۖ وَءَاتَيْنَـٰهُ أَهْلَهُۥ وَمِثْلَهُم مَّعَهُمْ رَحْمَةً مِّنْ عِندِنَا وَذِكْرَىٰ لِلْعَـٰبِدِينَ",
      "english": "So We responded to him and removed what afflicted him of adversity. And We gave him [back] his family and the like thereof with them as mercy from Us and a reminder for the worshippers [of Allah].",
      "hausa": "Sai Muka karɓa masa, sa'an nan Muka kuranye abin da ke a gare shi na cũta, kuma Muka kãwo masa mutãnesa da kwatank wacinsu tãre da su, sabõda rahama daga wurinMu da tunãtarwa ga mãsu ibãda."
    },
    {
      "ayah": 85,
      "arabic": "وَإِسْمَـٰعِيلَ وَإِدْرِيسَ وَذَا ٱلْكِفْلِ ۖ كُلٌّ مِّنَ ٱلصَّـٰبِرِينَ",
      "english": "And [mention] Ishmael and Idrees and Dhul-Kifl; all were of the patient.",
      "hausa": "Kuma da Ismãĩla da Idrĩsa da Zulkifli, dukansu sunã daga mãsu haƙuri."
    },
    {
      "ayah": 86,
      "arabic": "وَأَدْخَلْنَـٰهُمْ فِى رَحْمَتِنَآ ۖ إِنَّهُم مِّنَ ٱلصَّـٰلِحِينَ",
      "english": "And We admitted them into Our mercy. Indeed, they were of the righteous.",
      "hausa": "Kuma Muka shigar da su a cikin rahamarMu. Lalle ne, sunã daga sãlihai."
    },
    {
      "ayah": 87,
      "arabic": "وَذَا ٱلنُّونِ إِذ ذَّهَبَ مُغَـٰضِبًا فَظَنَّ أَن لَّن نَّقْدِرَ عَلَيْهِ فَنَادَىٰ فِى ٱلظُّلُمَـٰتِ أَن لَّآ إِلَـٰهَ إِلَّآ أَنتَ سُبْحَـٰنَكَ إِنِّى كُنتُ مِنَ ٱلظَّـٰلِمِينَ",
      "english": "And [mention] the man of the fish, when he went off in anger and thought that We would not decree [anything] upon him. And he called out within the darknesses, \"There is no deity except You; exalted are You. Indeed, I have been of the wrongdoers.\"",
      "hausa": "Kuma mai kifi a sã'ad da ya tafi yanã mai hushi, sai ya yi zaton cẽwa ba zã Mu ƙuƙunta masa ba. Sai ya yi kira a cikin duffai cẽwa, \"Bãbu abĩn bautãwa fãce Kai. Tsarki ya tabbata a gare Ka. Lalle ne nĩ, na kasance daga azzãlumai.\""
    },
    {
      "ayah": 88,
      "arabic": "فَٱسْتَجَبْنَا لَهُۥ وَنَجَّيْنَـٰهُ مِنَ ٱلْغَمِّ ۚ وَكَذَٰلِكَ نُـۨجِى ٱلْمُؤْمِنِينَ",
      "english": "So We responded to him and saved him from the distress. And thus do We save the believers.",
      "hausa": "Sai Muka karɓa masa kuma Muka tsĩrar da shi daga baƙin ciki. Kamar haka ne Muke tsĩrarda masu ĩmãni."
    },
    {
      "ayah": 89,
      "arabic": "وَزَكَرِيَّآ إِذْ نَادَىٰ رَبَّهُۥ رَبِّ لَا تَذَرْنِى فَرْدًا وَأَنتَ خَيْرُ ٱلْوَٰرِثِينَ",
      "english": "And [mention] Zechariah, when he called to his Lord, \"My Lord, do not leave me alone [with no heir], while you are the best of inheritors.\"",
      "hausa": "Kuma da Zakariyya a sa'ad da ya kirãyi Ubangijinsa cẽwa, \"Ya Ubangiji! Kada Ka bar ni makaɗaici alhãli kuwa Kai ne Mafi alhẽrin mãsu gãdo.\""
    },
    {
      "ayah": 90,
      "arabic": "فَٱسْتَجَبْنَا لَهُۥ وَوَهَبْنَا لَهُۥ يَحْيَىٰ وَأَصْلَحْنَا لَهُۥ زَوْجَهُۥٓ ۚ إِنَّهُمْ كَانُوا۟ يُسَـٰرِعُونَ فِى ٱلْخَيْرَٰتِ وَيَدْعُونَنَا رَغَبًا وَرَهَبًا ۖ وَكَانُوا۟ لَنَا خَـٰشِعِينَ",
      "english": "So We responded to him, and We gave to him John, and amended for him his wife. Indeed, they used to hasten to good deeds and supplicate Us in hope and fear, and they were to Us humbly submissive.",
      "hausa": "Sai Muka karɓa masa kuma Muka kyautata masa mãtarsa. Lalle ne sũ, sun kasance sunã gudun tsẽre zuwa ga ayyukan alhẽri. Kuma sunã kiran Mu a kan kwaɗayi da fargaba. Kuma sun kasance mãsu saunar (aikata sãɓo) gare Mu."
    },
    {
      "ayah": 91,
      "arabic": "وَٱلَّتِىٓ أَحْصَنَتْ فَرْجَهَا فَنَفَخْنَا فِيهَا مِن رُّوحِنَا وَجَعَلْنَـٰهَا وَٱبْنَهَآ ءَايَةً لِّلْعَـٰلَمِينَ",
      "english": "And [mention] the one who guarded her chastity, so We blew into her [garment] through Our angel [Gabriel], and We made her and her son a sign for the worlds.",
      "hausa": "Kuma da wadda ta tsare farJinta daga alfãsha. Sai Muka hũra a cikinta daga rũhinMu. Kuma Muka sanya ta ita da ɗanta wata ãyã ga dũniya."
    },
    {
      "ayah": 92,
      "arabic": "إِنَّ هَـٰذِهِۦٓ أُمَّتُكُمْ أُمَّةً وَٰحِدَةً وَأَنَا۠ رَبُّكُمْ فَٱعْبُدُونِ",
      "english": "Indeed this, your religion, is one religion, and I am your Lord, so worship Me.",
      "hausa": "Lalle ne wannan ita ce al'ummarku ta zama al'umma guda, kuma Nĩ ne Ubangijinku. Sai ku bauta Mini."
    },
    {
      "ayah": 93,
      "arabic": "وَتَقَطَّعُوٓا۟ أَمْرَهُم بَيْنَهُمْ ۖ كُلٌّ إِلَيْنَا رَٰجِعُونَ",
      "english": "And [yet] they divided their affair among themselves, [but] all to Us will return.",
      "hausa": "Kuma suka kakkãtse al'amarinsu a tsakaninsu. Dukan Kõwanensu mãsu Kõmõwa zuwa gare Ni"
    },
    {
      "ayah": 94,
      "arabic": "فَمَن يَعْمَلْ مِنَ ٱلصَّـٰلِحَـٰتِ وَهُوَ مُؤْمِنٌ فَلَا كُفْرَانَ لِسَعْيِهِۦ وَإِنَّا لَهُۥ كَـٰتِبُونَ",
      "english": "So whoever does righteous deeds while he is a believer - no denial will there be for his effort, and indeed We, of it, are recorders.",
      "hausa": "Dõmin wanda ya aikata daga ayyukan kwarai alhãli kuwa yanã mai ĩmãni, to, bãbu musu ga aikinsa, kuma Mu Mãsu rubũtãwa gare shi ne."
    },
    {
      "ayah": 95,
      "arabic": "وَحَرَٰمٌ عَلَىٰ قَرْيَةٍ أَهْلَكْنَـٰهَآ أَنَّهُمْ لَا يَرْجِعُونَ",
      "english": "And there is prohibition upon [the people of] a city which We have destroyed that they will [ever] return",
      "hausa": "Kuma hananne ne a kan wata alƙarya da Muka halakar cẽwa lalle sũ, bã su kõmõwa."
    },
    {
      "ayah": 96,
      "arabic": "حَتَّىٰٓ إِذَا فُتِحَتْ يَأْجُوجُ وَمَأْجُوجُ وَهُم مِّن كُلِّ حَدَبٍ يَنسِلُونَ",
      "english": "Until when [the dam of] Gog and Magog has been opened and they, from every elevation, descend",
      "hausa": "Har sa'ad da aka bũde Yãjũju da Mãjũju alhãli kuwa sunã gaggãwa daga kõwane tudun ƙasa."
    },
    {
      "ayah": 97,
      "arabic": "وَٱقْتَرَبَ ٱلْوَعْدُ ٱلْحَقُّ فَإِذَا هِىَ شَـٰخِصَةٌ أَبْصَـٰرُ ٱلَّذِينَ كَفَرُوا۟ يَـٰوَيْلَنَا قَدْ كُنَّا فِى غَفْلَةٍ مِّنْ هَـٰذَا بَلْ كُنَّا ظَـٰلِمِينَ",
      "english": "And [when] the true promise has approached; then suddenly the eyes of those who disbelieved will be staring [in horror, while they say], \"O woe to us; we had been unmindful of this; rather, we were wrongdoers.\"",
      "hausa": "Kuma wa'adin nan tabbatacce ya kusanto, sai gã ta idãnun waɗanda suka kãfirta sunã bayyanannu, (sunã cẽwa), \"Yã kaitonmu! Haƙĩƙa mun kasance a cikin gafala daga wannan! Ã'a, mun kasance dai mãsu zãlunci!\""
    },
    {
      "ayah": 98,
      "arabic": "إِنَّكُمْ وَمَا تَعْبُدُونَ مِن دُونِ ٱللَّهِ حَصَبُ جَهَنَّمَ أَنتُمْ لَهَا وَٰرِدُونَ",
      "english": "Indeed, you [disbelievers] and what you worship other than Allah are the firewood of Hell. You will be coming to [enter] it.",
      "hausa": "(A ce musu) \"Lalle ne, kũ da abin da kuke bautãwa, baicin Allah makãmashin Jahannama ne. Kũ mãsu tusgãwa gare ta ne.\""
    },
    {
      "ayah": 99,
      "arabic": "لَوْ كَانَ هَـٰٓؤُلَآءِ ءَالِهَةً مَّا وَرَدُوهَا ۖ وَكُلٌّ فِيهَا خَـٰلِدُونَ",
      "english": "Had these [false deities] been [actual] gods, they would not have come to it, but all are eternal therein.",
      "hausa": "Dã waɗannan (abũbuwanbautãwar) sun kasance abũbuwan bautãwar gaskiya ne, dã ba su tusga mata ba, alhãli kuwa dukansu madawwama a cikinta ne."
    },
    {
      "ayah": 100,
      "arabic": "لَهُمْ فِيهَا زَفِيرٌ وَهُمْ فِيهَا لَا يَسْمَعُونَ",
      "english": "For them therein is heavy sighing, and they therein will not hear.",
      "hausa": "Sunã da wata hargõwa a cikinta, alhãli kuwa sũ, a cikinta, bã su saurãren kõme."
    },
    {
      "ayah": 101,
      "arabic": "إِنَّ ٱلَّذِينَ سَبَقَتْ لَهُم مِّنَّا ٱلْحُسْنَىٰٓ أُو۟لَـٰٓئِكَ عَنْهَا مُبْعَدُونَ",
      "english": "Indeed, those for whom the best [reward] has preceded from Us - they are from it far removed.",
      "hausa": "Lalle ne waɗanda kalmar yabo tã gabãta a garẽ su daga garẽ Mu, waɗannan waɗanda ake nĩsantarwa daga barinta ne."
    },
    {
      "ayah": 102,
      "arabic": "لَا يَسْمَعُونَ حَسِيسَهَا ۖ وَهُمْ فِى مَا ٱشْتَهَتْ أَنفُسُهُمْ خَـٰلِدُونَ",
      "english": "They will not hear its sound, while they are, in that which their souls desire, abiding eternally.",
      "hausa": "Bã su jin sautin mõtsinta alhãli kuwa sũ madawwamãne a cikin abin da rãyukansu suka yi marmarinsa."
    },
    {
      "ayah": 103,
      "arabic": "لَا يَحْزُنُهُمُ ٱلْفَزَعُ ٱلْأَكْبَرُ وَتَتَلَقَّىٰهُمُ ٱلْمَلَـٰٓئِكَةُ هَـٰذَا يَوْمُكُمُ ٱلَّذِى كُنتُمْ تُوعَدُونَ",
      "english": "They will not be grieved by the greatest terror, and the angels will meet them, [saying], \"This is your Day which you have been promised\" -",
      "hausa": "Firgitar nan mafi girma, bã zã ta baƙantã musu rai ba. Kuma malã'iku na yi musu marãba (sunã cẽwa) \"Wannan yininku nẽ wanda kuka kasance anã yi muku wa'adi da shi.\""
    },
    {
      "ayah": 104,
      "arabic": "يَوْمَ نَطْوِى ٱلسَّمَآءَ كَطَىِّ ٱلسِّجِلِّ لِلْكُتُبِ ۚ كَمَا بَدَأْنَآ أَوَّلَ خَلْقٍ نُّعِيدُهُۥ ۚ وَعْدًا عَلَيْنَآ ۚ إِنَّا كُنَّا فَـٰعِلِينَ",
      "english": "The Day when We will fold the heaven like the folding of a [written] sheet for the records. As We began the first creation, We will repeat it. [That is] a promise binding upon Us. Indeed, We will do it.",
      "hausa": "A rãnar da Muke naɗe sãma kamar neɗẽwar takarda ga abũbuwan rubũtãwa kamar yadda Muka fãra a farKon halitta Muke mãyar da ita. Wa'adi ne a Kanmu. Lalle ne Mun kasance Mãsu aikatãwa."
    },
    {
      "ayah": 105,
      "arabic": "وَلَقَدْ كَتَبْنَا فِى ٱلزَّبُورِ مِنۢ بَعْدِ ٱلذِّكْرِ أَنَّ ٱلْأَرْضَ يَرِثُهَا عِبَادِىَ ٱلصَّـٰلِحُونَ",
      "english": "And We have already written in the book [of Psalms] after the [previous] mention that the land [of Paradise] is inherited by My righteous servants.",
      "hausa": "Kuma lalle haƙĩƙa Mun rubũta a cikin Littãfi baicin Ambato (Lauhul Mahfũz) cẽwa ƙasã, bayĩNa sãlihai, sunã gãdonta."
    },
    {
      "ayah": 106,
      "arabic": "إِنَّ فِى هَـٰذَا لَبَلَـٰغًا لِّقَوْمٍ عَـٰبِدِينَ",
      "english": "Indeed, in this [Qur'an] is notification for a worshipping people.",
      "hausa": "Lalle ne a cikin wannan (Alƙur'ãni), haƙĩƙa, akwai iyarwa (ga maganar da ta gabãta ga waɗansu mutãne mãsu ibãda."
    },
    {
      "ayah": 107,
      "arabic": "وَمَآ أَرْسَلْنَـٰكَ إِلَّا رَحْمَةً لِّلْعَـٰلَمِينَ",
      "english": "And We have not sent you, [O Muhammad], except as a mercy to the worlds.",
      "hausa": "Kuma ba Mu aike ka ba fãce dõmin wata rahama ga talikai."
    },
    {
      "ayah": 108,
      "arabic": "قُلْ إِنَّمَا يُوحَىٰٓ إِلَىَّ أَنَّمَآ إِلَـٰهُكُمْ إِلَـٰهٌ وَٰحِدٌ ۖ فَهَلْ أَنتُم مُّسْلِمُونَ",
      "english": "Say, \"It is only revealed to me that your god is but one God; so will you be Muslims [in submission to Him]?\"",
      "hausa": "Ka ce: \"Abin sani kawai, anã yin wahayi zuwa gare ni ne, cẽwa, lalle ne, Abin bautãwarku, Abin bautãwa ne Guda. To shin kũ mãsu mĩƙa wuya ne?\""
    },
    {
      "ayah": 109,
      "arabic": "فَإِن تَوَلَّوْا۟ فَقُلْ ءَاذَنتُكُمْ عَلَىٰ سَوَآءٍ ۖ وَإِنْ أَدْرِىٓ أَقَرِيبٌ أَم بَعِيدٌ مَّا تُوعَدُونَ",
      "english": "But if they turn away, then say, \"I have announced to [all of] you equally. And I know not whether near or far is that which you are promised.",
      "hausa": "Sa'an nan idan suka jũya, to, ka ce: \"Nã sanar da ku, a kan daidaita, kuma ban sani ba, shin, abin da ake yi muku wa'adi makusanci ne Kõ kuwa manĩsanci?\""
    },
    {
      "ayah": 110,
      "arabic": "إِنَّهُۥ يَعْلَمُ ٱلْجَهْرَ مِنَ ٱلْقَوْلِ وَيَعْلَمُ مَا تَكْتُمُونَ",
      "english": "Indeed, He knows what is declared of speech, and He knows what you conceal.",
      "hausa": "\"Lalle ne Shĩ (Allah) Yanã sanin bayyane daga magana, kuma Yanã sanin abin da kuke ɓõyẽwa."
    },
    {
      "ayah": 111,
      "arabic": "وَإِنْ أَدْرِى لَعَلَّهُۥ فِتْنَةٌ لَّكُمْ وَمَتَـٰعٌ إِلَىٰ حِينٍ",
      "english": "And I know not; perhaps it is a trial for you and enjoyment for a time.\"",
      "hausa": "\"Kuma ban sani ba, tsammãninsa ya zama fitina a gare ku, kõ kuma don jin dãɗi, zuwa ga wani ɗan lõkaci.\""
    },
    {
      "ayah": 112,
      "arabic": "قَـٰلَ رَبِّ ٱحْكُم بِٱلْحَقِّ ۗ وَرَبُّنَا ٱلرَّحْمَـٰنُ ٱلْمُسْتَعَانُ عَلَىٰ مَا تَصِفُونَ",
      "english": "[The Prophet] has said, \"My Lord, judge [between us] in truth. And our Lord is the Most Merciful, the one whose help is sought against that which you describe.\"",
      "hausa": "Ya ce: \"Yã Ubangiji! Ka yi hukunci da gaskiya. Kuma Ubangijinmu Mai rahama ne Wanda ake nẽman taimakonSa a kan abinda kuke siffantãwa.\""
    }
  ]
}