{
  "surah": 56,
  "hasBasmallah": false,
  "basmallah": "",
  "verses": [
    {
      "ayah": 1,
      "arabic": "إِذَا وَقَعَتِ ٱلْوَاقِعَةُ",
      "english": "When the Occurrence occurs,",
      "hausa": "Idan mai aukuwa ta auku."
    },
    {
      "ayah": 2,
      "arabic": "لَيْسَ لِوَقْعَتِهَا كَاذِبَةٌ",
      "english": "There is, at its occurrence, no denial.",
      "hausa": "Bãbu wani (rai) mai ƙaryatãwa ga aukuwarta."
    },
    {
      "ayah": 3,
      "arabic": "خَافِضَةٌ رَّافِعَةٌ",
      "english": "It will bring down [some] and raise up [others].",
      "hausa": "(Ita) mai ƙasƙantãwa ce, mai ɗaukakãwa."
    },
    {
      "ayah": 4,
      "arabic": "إِذَا رُجَّتِ ٱلْأَرْضُ رَجًّا",
      "english": "When the earth is shaken with convulsion",
      "hausa": "Idan aka girgiza ƙasã girgizwa."
    },
    {
      "ayah": 5,
      "arabic": "وَبُسَّتِ ٱلْجِبَالُ بَسًّا",
      "english": "And the mountains are broken down, crumbling",
      "hausa": "Kuma aka niƙe duwãtsu, niƙẽwa."
    },
    {
      "ayah": 6,
      "arabic": "فَكَانَتْ هَبَآءً مُّنۢبَثًّا",
      "english": "And become dust dispersing.",
      "hausa": "Sai suka kasance ƙũra da ake wãtsarwa."
    },
    {
      "ayah": 7,
      "arabic": "وَكُنتُمْ أَزْوَٰجًا ثَلَـٰثَةً",
      "english": "And you become [of] three kinds:",
      "hausa": "Kuma kun kasance nau'i uku."
    },
    {
      "ayah": 8,
      "arabic": "فَأَصْحَـٰبُ ٱلْمَيْمَنَةِ مَآ أَصْحَـٰبُ ٱلْمَيْمَنَةِ",
      "english": "Then the companions of the right - what are the companions of the right?",
      "hausa": "Watau mazõwa dãma. Mẽne ne mazõwa dãma?"
    },
    {
      "ayah": 9,
      "arabic": "وَأَصْحَـٰبُ ٱلْمَشْـَٔمَةِ مَآ أَصْحَـٰبُ ٱلْمَشْـَٔمَةِ",
      "english": "And the companions of the left - what are the companions of the left?",
      "hausa": "Da mazõwa hagu. Mẽne ne mazõwa hagu?"
    },
    {
      "ayah": 10,
      "arabic": "وَٱلسَّـٰبِقُونَ ٱلسَّـٰبِقُونَ",
      "english": "And the forerunners, the forerunners -",
      "hausa": "Da waɗanda suka tsẽre. Sũ wɗanda suka tsẽren nan,"
    },
    {
      "ayah": 11,
      "arabic": "أُو۟لَـٰٓئِكَ ٱلْمُقَرَّبُونَ",
      "english": "Those are the ones brought near [to Allah]",
      "hausa": "Waɗancan, sũ ne waɗanda aka kusantar."
    },
    {
      "ayah": 12,
      "arabic": "فِى جَنَّـٰتِ ٱلنَّعِيمِ",
      "english": "In the Gardens of Pleasure,",
      "hausa": "A ckin Aljannar ni'ima."
    },
    {
      "ayah": 13,
      "arabic": "ثُلَّةٌ مِّنَ ٱلْأَوَّلِينَ",
      "english": "A [large] company of the former peoples",
      "hausa": "Jama'a ne daga mutãnen farko."
    },
    {
      "ayah": 14,
      "arabic": "وَقَلِيلٌ مِّنَ ٱلْـَٔاخِرِينَ",
      "english": "And a few of the later peoples,",
      "hausa": "Da kaɗan daga mutãnen ƙarshe."
    },
    {
      "ayah": 15,
      "arabic": "عَلَىٰ سُرُرٍ مَّوْضُونَةٍ",
      "english": "On thrones woven [with ornament],",
      "hausa": "(Sunã) a kan wasu gadãje sãƙaƙƙuu."
    },
    {
      "ayah": 16,
      "arabic": "مُّتَّكِـِٔينَ عَلَيْهَا مُتَقَـٰبِلِينَ",
      "english": "Reclining on them, facing each other.",
      "hausa": "Sunã gincire a kansu, sunã mãsu kallon jũna."
    },
    {
      "ayah": 17,
      "arabic": "يَطُوفُ عَلَيْهِمْ وِلْدَٰنٌ مُّخَلَّدُونَ",
      "english": "There will circulate among them young boys made eternal",
      "hausa": "Wasu yara samãri na dindindin gẽwaya a kansu."
    },
    {
      "ayah": 18,
      "arabic": "بِأَكْوَابٍ وَأَبَارِيقَ وَكَأْسٍ مِّن مَّعِينٍ",
      "english": "With vessels, pitchers and a cup [of wine] from a flowing spring -",
      "hausa": "Da wasu kõfuna da shantula da hinjãlai daga (giya) mai ɓuɓɓuga."
    },
    {
      "ayah": 19,
      "arabic": "لَّا يُصَدَّعُونَ عَنْهَا وَلَا يُنزِفُونَ",
      "english": "No headache will they have therefrom, nor will they be intoxicated -",
      "hausa": "Bã a sanya musu cĩwon jirĩ sabõda ita, kuma bã su buguwa."
    },
    {
      "ayah": 20,
      "arabic": "وَفَـٰكِهَةٍ مِّمَّا يَتَخَيَّرُونَ",
      "english": "And fruit of what they select",
      "hausa": "Da wasu 'ya'yan itãcen marmari daga irin waɗanda suke zãɓe."
    },
    {
      "ayah": 21,
      "arabic": "وَلَحْمِ طَيْرٍ مِّمَّا يَشْتَهُونَ",
      "english": "And the meat of fowl, from whatever they desire.",
      "hausa": "Da nãman tsuntsãye daga wanda suke ganin sha'awa."
    },
    {
      "ayah": 22,
      "arabic": "وَحُورٌ عِينٌ",
      "english": "And [for them are] fair women with large, [beautiful] eyes,",
      "hausa": "Da wasu mãtã mãsu fararen idanu da girmansu."
    },
    {
      "ayah": 23,
      "arabic": "كَأَمْثَـٰلِ ٱللُّؤْلُؤِ ٱلْمَكْنُونِ",
      "english": "The likenesses of pearls well-protected,",
      "hausa": "Kamar misãlan lu'ulu'u wanda aka ɓõye."
    },
    {
      "ayah": 24,
      "arabic": "جَزَآءًۢ بِمَا كَانُوا۟ يَعْمَلُونَ",
      "english": "As reward for what they used to do.",
      "hausa": "A kan sakamakon, dõmin abin da suka kasance sunã aikatãwa."
    },
    {
      "ayah": 25,
      "arabic": "لَا يَسْمَعُونَ فِيهَا لَغْوًا وَلَا تَأْثِيمًا",
      "english": "They will not hear therein ill speech or commission of sin -",
      "hausa": "Bã su jin wata yãsassar magana a cikinta, kuma bã su jin sun yi laifi."
    },
    {
      "ayah": 26,
      "arabic": "إِلَّا قِيلًا سَلَـٰمًا سَلَـٰمًا",
      "english": "Only a saying: \"Peace, peace.\"",
      "hausa": "Sai dai wata magana (mai dãɗi): Salãmun, Salãmun."
    },
    {
      "ayah": 27,
      "arabic": "وَأَصْحَـٰبُ ٱلْيَمِينِ مَآ أَصْحَـٰبُ ٱلْيَمِينِ",
      "english": "The companions of the right - what are the companions of the right?",
      "hausa": "Da mazõwa dãma. Mẽne ne mazõwa dãma?"
    },
    {
      "ayah": 28,
      "arabic": "فِى سِدْرٍ مَّخْضُودٍ",
      "english": "[They will be] among lote trees with thorns removed",
      "hausa": "(Sunã) a cikin itãcen magarya maras ƙaya."
    },
    {
      "ayah": 29,
      "arabic": "وَطَلْحٍ مَّنضُودٍ",
      "english": "And [banana] trees layered [with fruit]",
      "hausa": "Da wata ayaba mai yawan 'ya'ya."
    },
    {
      "ayah": 30,
      "arabic": "وَظِلٍّ مَّمْدُودٍ",
      "english": "And shade extended",
      "hausa": "Da wata inuwa mĩƙaƙƙiya."
    },
    {
      "ayah": 31,
      "arabic": "وَمَآءٍ مَّسْكُوبٍ",
      "english": "And water poured out",
      "hausa": "Da wani ruwa mai gudãna."
    },
    {
      "ayah": 32,
      "arabic": "وَفَـٰكِهَةٍ كَثِيرَةٍ",
      "english": "And fruit, abundant [and varied],",
      "hausa": "Da wasu 'ya'yan itacen marmari mãsu yawa."
    },
    {
      "ayah": 33,
      "arabic": "لَّا مَقْطُوعَةٍ وَلَا مَمْنُوعَةٍ",
      "english": "Neither limited [to season] nor forbidden,",
      "hausa": "Bã su yankẽwa kuma bã a hana su."
    },
    {
      "ayah": 34,
      "arabic": "وَفُرُشٍ مَّرْفُوعَةٍ",
      "english": "And [upon] beds raised high.",
      "hausa": "Da wasu shimfiɗu maɗaukaka."
    },
    {
      "ayah": 35,
      "arabic": "إِنَّآ أَنشَأْنَـٰهُنَّ إِنشَآءً",
      "english": "Indeed, We have produced the women of Paradise in a [new] creation",
      "hausa": "Lalle Mũ, Mun ƙãga halittarsu ƙãgãwa."
    },
    {
      "ayah": 36,
      "arabic": "فَجَعَلْنَـٰهُنَّ أَبْكَارًا",
      "english": "And made them virgins,",
      "hausa": "Sa'an nan Muka sanya su budurwai."
    },
    {
      "ayah": 37,
      "arabic": "عُرُبًا أَتْرَابًا",
      "english": "Devoted [to their husbands] and of equal age,",
      "hausa": "Mãsu son mazansu, a cikin tsãrã ɗaya."
    },
    {
      "ayah": 38,
      "arabic": "لِّأَصْحَـٰبِ ٱلْيَمِينِ",
      "english": "For the companions of the right [who are]",
      "hausa": "Ga mazõwa dãma."
    },
    {
      "ayah": 39,
      "arabic": "ثُلَّةٌ مِّنَ ٱلْأَوَّلِينَ",
      "english": "A company of the former peoples",
      "hausa": "Wata ƙungiya ce daga mutãnen farko."
    },
    {
      "ayah": 40,
      "arabic": "وَثُلَّةٌ مِّنَ ٱلْـَٔاخِرِينَ",
      "english": "And a company of the later peoples.",
      "hausa": "Da wata ƙungiya daga mutãnen ƙarshe."
    },
    {
      "ayah": 41,
      "arabic": "وَأَصْحَـٰبُ ٱلشِّمَالِ مَآ أَصْحَـٰبُ ٱلشِّمَالِ",
      "english": "And the companions of the left - what are the companions of the left?",
      "hausa": "Mazõwa hagu, Mẽne ne mazõwa hagu?"
    },
    {
      "ayah": 42,
      "arabic": "فِى سَمُومٍ وَحَمِيمٍ",
      "english": "[They will be] in scorching fire and scalding water",
      "hausa": "Sunã a cikin wata iskar zãfi da wani ruwan zãfi."
    },
    {
      "ayah": 43,
      "arabic": "وَظِلٍّ مِّن يَحْمُومٍ",
      "english": "And a shade of black smoke,",
      "hausa": "Da wata inuwa ta hayãƙi mai baƙi."
    },
    {
      "ayah": 44,
      "arabic": "لَّا بَارِدٍ وَلَا كَرِيمٍ",
      "english": "Neither cool nor beneficial.",
      "hausa": "Bã mai sanyi ba, kuma bã mai wata ni'ima ba."
    },
    {
      "ayah": 45,
      "arabic": "إِنَّهُمْ كَانُوا۟ قَبْلَ ذَٰلِكَ مُتْرَفِينَ",
      "english": "Indeed they were, before that, indulging in affluence,",
      "hausa": "Lalle sũ, sun kasance a gabãnin wannan waɗanda aka jiyar dãɗi."
    },
    {
      "ayah": 46,
      "arabic": "وَكَانُوا۟ يُصِرُّونَ عَلَى ٱلْحِنثِ ٱلْعَظِيمِ",
      "english": "And they used to persist in the great violation,",
      "hausa": "Kuma sun kasance sunã dõgẽwa a kan mummũnan zunubi mai girma."
    },
    {
      "ayah": 47,
      "arabic": "وَكَانُوا۟ يَقُولُونَ أَئِذَا مِتْنَا وَكُنَّا تُرَابًا وَعِظَـٰمًا أَءِنَّا لَمَبْعُوثُونَ",
      "english": "And they used to say, \"When we die and become dust and bones, are we indeed to be resurrected?",
      "hausa": "Kuma sun kasance sunã cẽwa: \"Shin idan mun mutukuma muko kasance turɓãya da ƙasũsuwa shin lalle mũ waɗanda zã a kõma rãyarwa ne haƙĩƙatan?\""
    },
    {
      "ayah": 48,
      "arabic": "أَوَءَابَآؤُنَا ٱلْأَوَّلُونَ",
      "english": "And our forefathers [as well]?\"",
      "hausa": "\"Shin, kuma da ubanninmu na farko?\""
    },
    {
      "ayah": 49,
      "arabic": "قُلْ إِنَّ ٱلْأَوَّلِينَ وَٱلْـَٔاخِرِينَ",
      "english": "Say, [O Muhammad], \"Indeed, the former and the later peoples",
      "hausa": "Ka ce: \"Lalle mutãnen farko da na ƙarshe.\""
    },
    {
      "ayah": 50,
      "arabic": "لَمَجْمُوعُونَ إِلَىٰ مِيقَـٰتِ يَوْمٍ مَّعْلُومٍ",
      "english": "Are to be gathered together for the appointment of a known Day.\"",
      "hausa": "\"Tabbas, waɗanda ake tãrãwa ne a cikin wani yini sananne.\""
    },
    {
      "ayah": 51,
      "arabic": "ثُمَّ إِنَّكُمْ أَيُّهَا ٱلضَّآلُّونَ ٱلْمُكَذِّبُونَ",
      "english": "Then indeed you, O those astray [who are] deniers,",
      "hausa": "\"Sa'an nan lalle ku, ya kũ ɓatattu, mãsu ƙaryatãwa!\""
    },
    {
      "ayah": 52,
      "arabic": "لَـَٔاكِلُونَ مِن شَجَرٍ مِّن زَقُّومٍ",
      "english": "Will be eating from trees of zaqqum",
      "hausa": "\"Lalle mãsu cĩ ne daga wata itãciya ta zaƙƙum (ɗanyen wutã).\""
    },
    {
      "ayah": 53,
      "arabic": "فَمَالِـُٔونَ مِنْهَا ٱلْبُطُونَ",
      "english": "And filling with it your bellies",
      "hausa": "\"Har za ku zama mãsu cika cikunna daga gare ta.\""
    },
    {
      "ayah": 54,
      "arabic": "فَشَـٰرِبُونَ عَلَيْهِ مِنَ ٱلْحَمِيمِ",
      "english": "And drinking on top of it from scalding water",
      "hausa": "\"Sa'an nan kuma mãsu shã ne, a kan wannan abin cin, daga ruwan zãfi.\""
    },
    {
      "ayah": 55,
      "arabic": "فَشَـٰرِبُونَ شُرْبَ ٱلْهِيمِ",
      "english": "And will drink as the drinking of thirsty camels.",
      "hausa": "\"Ku zama mãsu shã irin shan rãƙuma mãsu ƙishirwa.\""
    },
    {
      "ayah": 56,
      "arabic": "هَـٰذَا نُزُلُهُمْ يَوْمَ ٱلدِّينِ",
      "english": "That is their accommodation on the Day of Recompense.",
      "hausa": "Wannan ita ce liyãfarsu a rãnar sakamako."
    },
    {
      "ayah": 57,
      "arabic": "نَحْنُ خَلَقْنَـٰكُمْ فَلَوْلَا تُصَدِّقُونَ",
      "english": "We have created you, so why do you not believe?",
      "hausa": "Mũ ne Muka halitta ku, to, don me bã zã ku gaskata ba?"
    },
    {
      "ayah": 58,
      "arabic": "أَفَرَءَيْتُم مَّا تُمْنُونَ",
      "english": "Have you seen that which you emit?",
      "hausa": "Shin kuma kun ga abin da kuke fitarwa na maniyyi?"
    },
    {
      "ayah": 59,
      "arabic": "ءَأَنتُمْ تَخْلُقُونَهُۥٓ أَمْ نَحْنُ ٱلْخَـٰلِقُونَ",
      "english": "Is it you who creates it, or are We the Creator?",
      "hausa": "Shin kũ ne kuke halitta shi, kõ kuwa mũ ne Mãsu halittãwa?"
    },
    {
      "ayah": 60,
      "arabic": "نَحْنُ قَدَّرْنَا بَيْنَكُمُ ٱلْمَوْتَ وَمَا نَحْنُ بِمَسْبُوقِينَ",
      "english": "We have decreed death among you, and We are not to be outdone",
      "hausa": "Mũ ne Muka ƙaddara mutuwa a tsakãninku, kuma ba Mu zama Mãsu gajiyãwa ba,"
    },
    {
      "ayah": 61,
      "arabic": "عَلَىٰٓ أَن نُّبَدِّلَ أَمْثَـٰلَكُمْ وَنُنشِئَكُمْ فِى مَا لَا تَعْلَمُونَ",
      "english": "In that We will change your likenesses and produce you in that [form] which you do not know.",
      "hausa": "A kan Mu musanya waɗansu (mutãne) kamarku, kuma Mu mayar da ku a cikin wata halitta da ba ku sani ba."
    },
    {
      "ayah": 62,
      "arabic": "وَلَقَدْ عَلِمْتُمُ ٱلنَّشْأَةَ ٱلْأُولَىٰ فَلَوْلَا تَذَكَّرُونَ",
      "english": "And you have already known the first creation, so will you not remember?",
      "hausa": "Kuma lalle, ne haƙĩƙa, kun san halittar farko, to, don me ba zã ku yi tunãni ba?"
    },
    {
      "ayah": 63,
      "arabic": "أَفَرَءَيْتُم مَّا تَحْرُثُونَ",
      "english": "And have you seen that [seed] which you sow?",
      "hausa": "Shin, kuma kun ga abin da kũke nõmãwa?"
    },
    {
      "ayah": 64,
      "arabic": "ءَأَنتُمْ تَزْرَعُونَهُۥٓ أَمْ نَحْنُ ٱلزَّٰرِعُونَ",
      "english": "Is it you who makes it grow, or are We the grower?",
      "hausa": "Shin, kũ ne ke tsirar da shi kõ kuwa Mũ ne Mãsu tsirarwa?"
    },
    {
      "ayah": 65,
      "arabic": "لَوْ نَشَآءُ لَجَعَلْنَـٰهُ حُطَـٰمًا فَظَلْتُمْ تَفَكَّهُونَ",
      "english": "If We willed, We could make it [dry] debris, and you would remain in wonder,",
      "hausa": "Dã Munã so lalle, da Mun sanya shi bũsasshiyar ciyãwa, sai ku yini kunã mãmãkin bãƙin ciki."
    },
    {
      "ayah": 66,
      "arabic": "إِنَّا لَمُغْرَمُونَ",
      "english": "[Saying], \"Indeed, we are [now] in debt;",
      "hausa": "(Kunã cẽwa) \"Lalle haƙĩƙa an azã mana tãra!\""
    },
    {
      "ayah": 67,
      "arabic": "بَلْ نَحْنُ مَحْرُومُونَ",
      "english": "Rather, we have been deprived.\"",
      "hausa": "\"Ã'a, mun dai zama waɗanda aka hanã wa!\""
    },
    {
      "ayah": 68,
      "arabic": "أَفَرَءَيْتُمُ ٱلْمَآءَ ٱلَّذِى تَشْرَبُونَ",
      "english": "And have you seen the water that you drink?",
      "hausa": "Shin, kuma kun ga ruwa wannan da kuke sha?"
    },
    {
      "ayah": 69,
      "arabic": "ءَأَنتُمْ أَنزَلْتُمُوهُ مِنَ ٱلْمُزْنِ أَمْ نَحْنُ ٱلْمُنزِلُونَ",
      "english": "Is it you who brought it down from the clouds, or is it We who bring it down?",
      "hausa": "Shin, kũ ne kuke saukar da shi daga girgije, kõ kuwa Mũne Mãsu saukarwa?"
    },
    {
      "ayah": 70,
      "arabic": "لَوْ نَشَآءُ جَعَلْنَـٰهُ أُجَاجًا فَلَوْلَا تَشْكُرُونَ",
      "english": "If We willed, We could make it bitter, so why are you not grateful?",
      "hausa": "Dã Mun so, dã Mun mayar da shi ruwan zartsi. To don me bã ku gõdẽwa?"
    },
    {
      "ayah": 71,
      "arabic": "أَفَرَءَيْتُمُ ٱلنَّارَ ٱلَّتِى تُورُونَ",
      "english": "And have you seen the fire that you ignite?",
      "hausa": "Shin, kuma kun ga wutã wannan da kuke ƙyastãwa?"
    },
    {
      "ayah": 72,
      "arabic": "ءَأَنتُمْ أَنشَأْتُمْ شَجَرَتَهَآ أَمْ نَحْنُ ٱلْمُنشِـُٔونَ",
      "english": "Is it you who produced its tree, or are We the producer?",
      "hausa": "Shin, kũ ne kuke ƙagã halittar itãciyarta, kõ kuwa Mũ ne Mãsu ƙãgãwa?"
    },
    {
      "ayah": 73,
      "arabic": "نَحْنُ جَعَلْنَـٰهَا تَذْكِرَةً وَمَتَـٰعًا لِّلْمُقْوِينَ",
      "english": "We have made it a reminder and provision for the travelers,",
      "hausa": "Mũ ne Muka sanya ta wata abar wa'azi da jin dãɗi ga matafiya a cikin jẽji."
    },
    {
      "ayah": 74,
      "arabic": "فَسَبِّحْ بِٱسْمِ رَبِّكَ ٱلْعَظِيمِ",
      "english": "So exalt the name of your Lord, the Most Great.",
      "hausa": "Sai ka tsarkake sũnan Ubangijinka Mai girma."
    },
    {
      "ayah": 75,
      "arabic": "فَلَآ أُقْسِمُ بِمَوَٰقِعِ ٱلنُّجُومِ",
      "english": "Then I swear by the setting of the stars,",
      "hausa": "To, bã sai Na yi rantsuwa ba da lõkutan fãɗuwar taurãri."
    },
    {
      "ayah": 76,
      "arabic": "وَإِنَّهُۥ لَقَسَمٌ لَّوْ تَعْلَمُونَ عَظِيمٌ",
      "english": "And indeed, it is an oath - if you could know - [most] great.",
      "hausa": "Kuma lalle ne' haƙĩƙa, rantsuwa ce mai girma, dã kun sani."
    },
    {
      "ayah": 77,
      "arabic": "إِنَّهُۥ لَقُرْءَانٌ كَرِيمٌ",
      "english": "Indeed, it is a noble Qur'an",
      "hausa": "Lalle shi (wannan littãfi), haƙĩƙa, abin karantãwa ne mai daraja."
    },
    {
      "ayah": 78,
      "arabic": "فِى كِتَـٰبٍ مَّكْنُونٍ",
      "english": "In a Register well-protected;",
      "hausa": "A cikin wani littafi tsararre."
    },
    {
      "ayah": 79,
      "arabic": "لَّا يَمَسُّهُۥٓ إِلَّا ٱلْمُطَهَّرُونَ",
      "english": "None touch it except the purified.",
      "hausa": "Bãbu mai shãfa shi fãce waɗanda aka tsarkake."
    },
    {
      "ayah": 80,
      "arabic": "تَنزِيلٌ مِّن رَّبِّ ٱلْعَـٰلَمِينَ",
      "english": "[It is] a revelation from the Lord of the worlds.",
      "hausa": "Wanda aka saukar ne daga Ubangijin halitta."
    },
    {
      "ayah": 81,
      "arabic": "أَفَبِهَـٰذَا ٱلْحَدِيثِ أَنتُم مُّدْهِنُونَ",
      "english": "Then is it to this statement that you are indifferent",
      "hausa": "Shin, to, wannan lãbãrin ne kuke mãsu wulãkantãwa?"
    },
    {
      "ayah": 82,
      "arabic": "وَتَجْعَلُونَ رِزْقَكُمْ أَنَّكُمْ تُكَذِّبُونَ",
      "english": "And make [the thanks for] your provision that you deny [the Provider]?",
      "hausa": "Kuma kunã sanya arzikinku (game da shi) lalle kũ, ku ƙaryata (shi)?"
    },
    {
      "ayah": 83,
      "arabic": "فَلَوْلَآ إِذَا بَلَغَتِ ٱلْحُلْقُومَ",
      "english": "Then why, when the soul at death reaches the throat",
      "hausa": "To, don me idan rai ya kai ga maƙõshi? (Kusa da mutuwa)."
    },
    {
      "ayah": 84,
      "arabic": "وَأَنتُمْ حِينَئِذٍ تَنظُرُونَ",
      "english": "And you are at that time looking on -",
      "hausa": "Alhãli kuwa kũ, a lõklcin nan, kunã kallo."
    },
    {
      "ayah": 85,
      "arabic": "وَنَحْنُ أَقْرَبُ إِلَيْهِ مِنكُمْ وَلَـٰكِن لَّا تُبْصِرُونَ",
      "english": "And Our angels are nearer to him than you, but you do not see -",
      "hausa": "Kuma Mũ ne mafi kusanta gare shi daga gare ku, to, amma kũ bã ku gani."
    },
    {
      "ayah": 86,
      "arabic": "فَلَوْلَآ إِن كُنتُمْ غَيْرَ مَدِينِينَ",
      "english": "Then why do you not, if you are not to be recompensed,",
      "hausa": "To, don me in dai kun kasance bã waɗanda zã a yi wa sakamako ba?"
    },
    {
      "ayah": 87,
      "arabic": "تَرْجِعُونَهَآ إِن كُنتُمْ صَـٰدِقِينَ",
      "english": "Bring it back, if you should be truthful?",
      "hausa": "Ku mayar da shi (cikin jikinsa) har idan kun kasance mãsu gaskiya."
    },
    {
      "ayah": 88,
      "arabic": "فَأَمَّآ إِن كَانَ مِنَ ٱلْمُقَرَّبِينَ",
      "english": "And if the deceased was of those brought near to Allah,",
      "hausa": "To, amma idan (mai mutuwar) ya kasance daga makusanta,"
    },
    {
      "ayah": 89,
      "arabic": "فَرَوْحٌ وَرَيْحَانٌ وَجَنَّتُ نَعِيمٍ",
      "english": "Then [for him is] rest and bounty and a garden of pleasure.",
      "hausa": "Sai hũtawa da kyakkyawan abinci da Aljannar ni'ima."
    },
    {
      "ayah": 90,
      "arabic": "وَأَمَّآ إِن كَانَ مِنْ أَصْحَـٰبِ ٱلْيَمِينِ",
      "english": "And if he was of the companions of the right,",
      "hausa": "Kuma amma idan ya kasance daga mazõwa dãma,"
    },
    {
      "ayah": 91,
      "arabic": "فَسَلَـٰمٌ لَّكَ مِنْ أَصْحَـٰبِ ٱلْيَمِينِ",
      "english": "Then [the angels will say], \"Peace for you; [you are] from the companions of the right.\"",
      "hausa": "Sai (a ce masa) aminci ya tabbata a gare ka daga mazõwa dãma."
    },
    {
      "ayah": 92,
      "arabic": "وَأَمَّآ إِن كَانَ مِنَ ٱلْمُكَذِّبِينَ ٱلضَّآلِّينَ",
      "english": "But if he was of the deniers [who were] astray,",
      "hausa": "Kuma amma idan ya kasance daga mãsu ƙaryatãwar, ɓatattun,"
    },
    {
      "ayah": 93,
      "arabic": "فَنُزُلٌ مِّنْ حَمِيمٍ",
      "english": "Then [for him is] accommodation of scalding water",
      "hausa": "Sai wata liyãfa ta ruwan zãfi."
    },
    {
      "ayah": 94,
      "arabic": "وَتَصْلِيَةُ جَحِيمٍ",
      "english": "And burning in Hellfire",
      "hausa": "Da ƙõnuwa da Jahĩm,"
    },
    {
      "ayah": 95,
      "arabic": "إِنَّ هَـٰذَا لَهُوَ حَقُّ ٱلْيَقِينِ",
      "english": "Indeed, this is the true certainty,",
      "hausa": "Lalle wannan, haƙĩƙa, ita ce gaskiya ta yaƙĩni."
    },
    {
      "ayah": 96,
      "arabic": "فَسَبِّحْ بِٱسْمِ رَبِّكَ ٱلْعَظِيمِ",
      "english": "So exalt the name of your Lord, the Most Great.",
      "hausa": "Sabõda haka, ka tsarkake sũnan Ubangijinka, Mai karimci."
    }
  ]
}