{
  "surah": 83,
  "hasBasmallah": false,
  "basmallah": "",
  "verses": [
    {
      "ayah": 1,
      "arabic": "وَيْلٌ لِّلْمُطَفِّفِينَ",
      "english": "Woe to those who give less [than due],",
      "hausa": "Bone ya tabbata ga mãsu naƙƙasãwa."
    },
    {
      "ayah": 2,
      "arabic": "ٱلَّذِينَ إِذَا ٱكْتَالُوا۟ عَلَى ٱلنَّاسِ يَسْتَوْفُونَ",
      "english": "Who, when they take a measure from people, take in full.",
      "hausa": "Waɗanda suke idan suka auna daga mutãne suna cika mũdu."
    },
    {
      "ayah": 3,
      "arabic": "وَإِذَا كَالُوهُمْ أَو وَّزَنُوهُمْ يُخْسِرُونَ",
      "english": "But if they give by measure or by weight to them, they cause loss.",
      "hausa": "Kuma idan sun auna musu da zakka ko da sikẽli, suna ragẽwa"
    },
    {
      "ayah": 4,
      "arabic": "أَلَا يَظُنُّ أُو۟لَـٰٓئِكَ أَنَّهُم مَّبْعُوثُونَ",
      "english": "Do they not think that they will be resurrected",
      "hausa": "Ashe! Waɗancan bã su tabbata cẽwa lalle sũ, ana tãyar da su ba?"
    },
    {
      "ayah": 5,
      "arabic": "لِيَوْمٍ عَظِيمٍ",
      "english": "For a tremendous Day -",
      "hausa": "Domin yini mai girma."
    },
    {
      "ayah": 6,
      "arabic": "يَوْمَ يَقُومُ ٱلنَّاسُ لِرَبِّ ٱلْعَـٰلَمِينَ",
      "english": "The Day when mankind will stand before the Lord of the worlds?",
      "hausa": "Yinin da mutãne ke tãshi zuwa ga Ubangijin halitta?"
    },
    {
      "ayah": 7,
      "arabic": "كَلَّآ إِنَّ كِتَـٰبَ ٱلْفُجَّارِ لَفِى سِجِّينٍ",
      "english": "No! Indeed, the record of the wicked is in sijjeen.",
      "hausa": "Haƙĩƙa lalle ne littãfin fãjirai dãhir, yana a cikin Sijjĩn."
    },
    {
      "ayah": 8,
      "arabic": "وَمَآ أَدْرَىٰكَ مَا سِجِّينٌ",
      "english": "And what can make you know what is sijjeen?",
      "hausa": "Kuma, mẽ ya sanar da kai abin da akẽ cẽ wa Sijjĩn?"
    },
    {
      "ayah": 9,
      "arabic": "كِتَـٰبٌ مَّرْقُومٌ",
      "english": "It is [their destination recorded in] a register inscribed.",
      "hausa": "Wani 1ittãfi ne rubũtacce."
    },
    {
      "ayah": 10,
      "arabic": "وَيْلٌ يَوْمَئِذٍ لِّلْمُكَذِّبِينَ",
      "english": "Woe, that Day, to the deniers,",
      "hausa": "Bone yã tabbata a rãnar nan ga mãsu ƙaryatãwa."
    },
    {
      "ayah": 11,
      "arabic": "ٱلَّذِينَ يُكَذِّبُونَ بِيَوْمِ ٱلدِّينِ",
      "english": "Who deny the Day of Recompense.",
      "hausa": "Waɗanda suke ƙaryatãwa game da rãnar sakamako."
    },
    {
      "ayah": 12,
      "arabic": "وَمَا يُكَذِّبُ بِهِۦٓ إِلَّا كُلُّ مُعْتَدٍ أَثِيمٍ",
      "english": "And none deny it except every sinful transgressor.",
      "hausa": "Babũ mai ƙaryatãwa gare shi fãce dukan mai ƙẽtare haddi mai yawan zunubi."
    },
    {
      "ayah": 13,
      "arabic": "إِذَا تُتْلَىٰ عَلَيْهِ ءَايَـٰتُنَا قَالَ أَسَـٰطِيرُ ٱلْأَوَّلِينَ",
      "english": "When Our verses are recited to him, he says, \"Legends of the former peoples.\"",
      "hausa": "Idan ana karãtun ãyõyinmu, a kansa, sai ya ce: tãtsũniyõyin mutãnen farko ne."
    },
    {
      "ayah": 14,
      "arabic": "كَلَّا ۖ بَلْ ۜ رَانَ عَلَىٰ قُلُوبِهِم مَّا كَانُوا۟ يَكْسِبُونَ",
      "english": "No! Rather, the stain has covered their hearts of that which they were earning.",
      "hausa": "A'aha! Bã haka ba, abin da suka kasance suna aikatãwa dai, yã yi tsãtsa a cikin zukãtãnsu."
    },
    {
      "ayah": 15,
      "arabic": "كَلَّآ إِنَّهُمْ عَن رَّبِّهِمْ يَوْمَئِذٍ لَّمَحْجُوبُونَ",
      "english": "No! Indeed, from their Lord, that Day, they will be partitioned.",
      "hausa": "A'aha! Haƙĩƙa, lalle ne sũ daga Ubangijinsu, rãnar nan, waɗanda ake shãmakancẽwa ne."
    },
    {
      "ayah": 16,
      "arabic": "ثُمَّ إِنَّهُمْ لَصَالُوا۟ ٱلْجَحِيمِ",
      "english": "Then indeed, they will [enter and] burn in Hellfire.",
      "hausa": "Sa'an nan, lalle ne, sũ mãsu shiga cikin Jahĩm ne."
    },
    {
      "ayah": 17,
      "arabic": "ثُمَّ يُقَالُ هَـٰذَا ٱلَّذِى كُنتُم بِهِۦ تُكَذِّبُونَ",
      "english": "Then it will be said [to them], \"This is what you used to deny.\"",
      "hausa": "Sa'an nan a ce: \"Wannan shi ne abin da kuka kasance kuna ƙaryatãwa game da shi.\""
    },
    {
      "ayah": 18,
      "arabic": "كَلَّآ إِنَّ كِتَـٰبَ ٱلْأَبْرَارِ لَفِى عِلِّيِّينَ",
      "english": "No! Indeed, the record of the righteous is in 'illiyyun.",
      "hausa": "A'aha! Haƙĩƙa lalle ne littãfin mãsu ɗã'ã yana a cikin Illiyyĩna?"
    },
    {
      "ayah": 19,
      "arabic": "وَمَآ أَدْرَىٰكَ مَا عِلِّيُّونَ",
      "english": "And what can make you know what is 'illiyyun?",
      "hausa": "Kuma mẽne ne yã sanar da kai abin da ake cẽwa Illiyyũna?"
    },
    {
      "ayah": 20,
      "arabic": "كِتَـٰبٌ مَّرْقُومٌ",
      "english": "It is [their destination recorded in] a register inscribed",
      "hausa": "Wani littãfi ne rubũtacce."
    },
    {
      "ayah": 21,
      "arabic": "يَشْهَدُهُ ٱلْمُقَرَّبُونَ",
      "english": "Which is witnessed by those brought near [to Allah].",
      "hausa": "Muƙarrabai suke halarta shi."
    },
    {
      "ayah": 22,
      "arabic": "إِنَّ ٱلْأَبْرَارَ لَفِى نَعِيمٍ",
      "english": "Indeed, the righteous will be in pleasure",
      "hausa": "Lalle ne, mãsu ɗã'ã ga Allah tabbas suna cikin ni'ima."
    },
    {
      "ayah": 23,
      "arabic": "عَلَى ٱلْأَرَآئِكِ يَنظُرُونَ",
      "english": "On adorned couches, observing.",
      "hausa": "A kan karagu, suna ta kallo."
    },
    {
      "ayah": 24,
      "arabic": "تَعْرِفُ فِى وُجُوهِهِمْ نَضْرَةَ ٱلنَّعِيمِ",
      "english": "You will recognize in their faces the radiance of pleasure.",
      "hausa": "Kana sani a cikin huskõkinsu, akwai kwarjinin ni'ima."
    },
    {
      "ayah": 25,
      "arabic": "يُسْقَوْنَ مِن رَّحِيقٍ مَّخْتُومٍ",
      "english": "They will be given to drink [pure] wine [which was] sealed.",
      "hausa": "Ana shãyar da sũ daga wata giya wadda aka yunƙe a kan rufinta."
    },
    {
      "ayah": 26,
      "arabic": "خِتَـٰمُهُۥ مِسْكٌ ۚ وَفِى ذَٰلِكَ فَلْيَتَنَافَسِ ٱلْمُتَنَـٰفِسُونَ",
      "english": "The last of it is musk. So for this let the competitors compete.",
      "hausa": "¡arshen kurɓinta miski ne. To, a cikin wannan, mãsu gwagwarmaya su yi ta gwagwarmayar nẽma."
    },
    {
      "ayah": 27,
      "arabic": "وَمِزَاجُهُۥ مِن تَسْنِيمٍ",
      "english": "And its mixture is of Tasneem,",
      "hausa": "Kuma abin da ake gauraya ta da shi, daga tasnĩm yake."
    },
    {
      "ayah": 28,
      "arabic": "عَيْنًا يَشْرَبُ بِهَا ٱلْمُقَرَّبُونَ",
      "english": "A spring from which those near [to Allah] drink.",
      "hausa": "(Wato) wani marmaro ne wanda muƙarrabai ke sha daga gare shi."
    },
    {
      "ayah": 29,
      "arabic": "إِنَّ ٱلَّذِينَ أَجْرَمُوا۟ كَانُوا۟ مِنَ ٱلَّذِينَ ءَامَنُوا۟ يَضْحَكُونَ",
      "english": "Indeed, those who committed crimes used to laugh at those who believed.",
      "hausa": "Lalle ne, waɗanda suka kãfirta sun kasance (a dũniya) suna yi wa waɗanda suka yi ĩmãni dãriya."
    },
    {
      "ayah": 30,
      "arabic": "وَإِذَا مَرُّوا۟ بِهِمْ يَتَغَامَزُونَ",
      "english": "And when they passed by them, they would exchange derisive glances.",
      "hausa": "Kuma idan sun shuɗe su sai su dinga yin zunɗe."
    },
    {
      "ayah": 31,
      "arabic": "وَإِذَا ٱنقَلَبُوٓا۟ إِلَىٰٓ أَهْلِهِمُ ٱنقَلَبُوا۟ فَكِهِينَ",
      "english": "And when they returned to their people, they would return jesting.",
      "hausa": "Kuma idan suka jũya zuwa ga iyãlansu, sai su tafi suna kãkãci."
    },
    {
      "ayah": 32,
      "arabic": "وَإِذَا رَأَوْهُمْ قَالُوٓا۟ إِنَّ هَـٰٓؤُلَآءِ لَضَآلُّونَ",
      "english": "And when they saw them, they would say, \"Indeed, those are truly lost.\"",
      "hausa": "Kuma idan sun gan su sai su ce: \"Lalle waɗannan ɓatattu ne.\""
    },
    {
      "ayah": 33,
      "arabic": "وَمَآ أُرْسِلُوا۟ عَلَيْهِمْ حَـٰفِظِينَ",
      "english": "But they had not been sent as guardians over them.",
      "hausa": "Alhãli kuwa, ba a aike su ba dõmin su zama mãsu tsaro a kansu."
    },
    {
      "ayah": 34,
      "arabic": "فَٱلْيَوْمَ ٱلَّذِينَ ءَامَنُوا۟ مِنَ ٱلْكُفَّارِ يَضْحَكُونَ",
      "english": "So Today those who believed are laughing at the disbelievers,",
      "hausa": "To, yau fa (a Lãhira] waɗanda suka yi ĩmãni, sũ ke yi wa kãfirai dãriya."
    },
    {
      "ayah": 35,
      "arabic": "عَلَى ٱلْأَرَآئِكِ يَنظُرُونَ",
      "english": "On adorned couches, observing.",
      "hausa": "A kan karagu, suna ta kallo."
    },
    {
      "ayah": 36,
      "arabic": "هَلْ ثُوِّبَ ٱلْكُفَّارُ مَا كَانُوا۟ يَفْعَلُونَ",
      "english": "Have the disbelievers [not] been rewarded [this Day] for what they used to do?",
      "hausa": "Shin an sãka ma kãfirai abin da suka kasance suna aikatawa?"
    }
  ]
}