{
  "surah": 104,
  "hasBasmallah": false,
  "basmallah": "",
  "verses": [
    {
      "ayah": 1,
      "arabic": "وَيْلٌ لِّكُلِّ هُمَزَةٍ لُّمَزَةٍ",
      "english": "Woe to every scorner and mocker",
      "hausa": "Bone ya tabbata ga duk mai nune, mai zunɗe (mai raɗa)."
    },
    {
      "ayah": 2,
      "arabic": "ٱلَّذِى جَمَعَ مَالًا وَعَدَّدَهُۥ",
      "english": "Who collects wealth and [continuously] counts it.",
      "hausa": "Wanda ya tara dũkiya, kuma ya mayar da ita abar tattalinsa."
    },
    {
      "ayah": 3,
      "arabic": "يَحْسَبُ أَنَّ مَالَهُۥٓ أَخْلَدَهُۥ",
      "english": "He thinks that his wealth will make him immortal.",
      "hausa": "Yana zaton cẽwa dũkiyarsa za ta dawwamar da shi."
    },
    {
      "ayah": 4,
      "arabic": "كَلَّا ۖ لَيُنۢبَذَنَّ فِى ٱلْحُطَمَةِ",
      "english": "No! He will surely be thrown into the Crusher.",
      "hausa": "A'aha! Lalle ne zã a jẽfa shi a cikin Huɗama."
    },
    {
      "ayah": 5,
      "arabic": "وَمَآ أَدْرَىٰكَ مَا ٱلْحُطَمَةُ",
      "english": "And what can make you know what is the Crusher?",
      "hausa": "Kuma me ya sanar da kai abin da ake ce wa Huɗama?"
    },
    {
      "ayah": 6,
      "arabic": "نَارُ ٱللَّهِ ٱلْمُوقَدَةُ",
      "english": "It is the fire of Allah, [eternally] fueled,",
      "hausa": "Wutar Allah ce wadda ake hurawa."
    },
    {
      "ayah": 7,
      "arabic": "ٱلَّتِى تَطَّلِعُ عَلَى ٱلْأَفْـِٔدَةِ",
      "english": "Which mounts directed at the hearts.",
      "hausa": "Wadda take lẽƙãwa a kan zukata."
    },
    {
      "ayah": 8,
      "arabic": "إِنَّهَا عَلَيْهِم مُّؤْصَدَةٌ",
      "english": "Indeed, Hellfire will be closed down upon them",
      "hausa": "Lalle ne ita abar kullẽwa cea kansu."
    },
    {
      "ayah": 9,
      "arabic": "فِى عَمَدٍ مُّمَدَّدَةٍۭ",
      "english": "In extended columns.",
      "hausa": "A cikin wasu ginshiƙai mĩƙaƙƙu."
    }
  ]
}