{
  "surah": 49,
  "hasBasmallah": false,
  "basmallah": "",
  "verses": [
    {
      "ayah": 1,
      "arabic": "يَـٰٓأَيُّهَا ٱلَّذِينَ ءَامَنُوا۟ لَا تُقَدِّمُوا۟ بَيْنَ يَدَىِ ٱللَّهِ وَرَسُولِهِۦ ۖ وَٱتَّقُوا۟ ٱللَّهَ ۚ إِنَّ ٱللَّهَ سَمِيعٌ عَلِيمٌ",
      "english": "O you who have believed, do not put [yourselves] before Allah and His Messenger but fear Allah. Indeed, Allah is Hearing and Knowing.",
      "hausa": "Yã ku waɗanda suka yi ĩmãni! Kada ku gabãta (da kõme) gaba ga Allah da ManzonSa. Kuma ku yi ɗã'ã ga Allah da taƙawa. Lalle Allah Mai ji ne, Masani."
    },
    {
      "ayah": 2,
      "arabic": "يَـٰٓأَيُّهَا ٱلَّذِينَ ءَامَنُوا۟ لَا تَرْفَعُوٓا۟ أَصْوَٰتَكُمْ فَوْقَ صَوْتِ ٱلنَّبِىِّ وَلَا تَجْهَرُوا۟ لَهُۥ بِٱلْقَوْلِ كَجَهْرِ بَعْضِكُمْ لِبَعْضٍ أَن تَحْبَطَ أَعْمَـٰلُكُمْ وَأَنتُمْ لَا تَشْعُرُونَ",
      "english": "O you who have believed, do not raise your voices above the voice of the Prophet or be loud to him in speech like the loudness of some of you to others, lest your deeds become worthless while you perceive not.",
      "hausa": "Yã kũ waɗanda suka yi ĩmani! Kada ku ɗaukaka saututtukanku bisa sautin Annabi, kuma kada ku bayyana sauti gare shi a magana, kamar bayyanãwar sãshenku ga sãshe, dõmin kada ayyukanku su ɓãci, alhãli kuwa kũ ba ku sani ba."
    },
    {
      "ayah": 3,
      "arabic": "إِنَّ ٱلَّذِينَ يَغُضُّونَ أَصْوَٰتَهُمْ عِندَ رَسُولِ ٱللَّهِ أُو۟لَـٰٓئِكَ ٱلَّذِينَ ٱمْتَحَنَ ٱللَّهُ قُلُوبَهُمْ لِلتَّقْوَىٰ ۚ لَهُم مَّغْفِرَةٌ وَأَجْرٌ عَظِيمٌ",
      "english": "Indeed, those who lower their voices before the Messenger of Allah - they are the ones whose hearts Allah has tested for righteousness. For them is forgiveness and great reward.",
      "hausa": "Lalle waɗanda ke runtsẽwar saututtukansu a wurin Manzon Allah waɗannan ne waɗanda Allah Yã, jarrabi zukãtansu ga taƙawa. Sunã da wata irin gãfara da ijãra mai girma."
    },
    {
      "ayah": 4,
      "arabic": "إِنَّ ٱلَّذِينَ يُنَادُونَكَ مِن وَرَآءِ ٱلْحُجُرَٰتِ أَكْثَرُهُمْ لَا يَعْقِلُونَ",
      "english": "Indeed, those who call you, [O Muhammad], from behind the chambers - most of them do not use reason.",
      "hausa": "Lalle waɗanda ke kiranka daga bãyan ɗakuna, mafi Yawansu bã su aiki da hankali."
    },
    {
      "ayah": 5,
      "arabic": "وَلَوْ أَنَّهُمْ صَبَرُوا۟ حَتَّىٰ تَخْرُجَ إِلَيْهِمْ لَكَانَ خَيْرًا لَّهُمْ ۚ وَٱللَّهُ غَفُورٌ رَّحِيمٌ",
      "english": "And if they had been patient until you [could] come out to them, it would have been better for them. But Allah is Forgiving and Merciful.",
      "hausa": "Kuma dã lalle sũ, sun yi haƙuri har ka fita zuwa gare su, haƙĩƙa, dã yã kasance mafi alhẽri gare su, kuma Allah Mai gãfara ne, Mai jin ƙai."
    },
    {
      "ayah": 6,
      "arabic": "يَـٰٓأَيُّهَا ٱلَّذِينَ ءَامَنُوٓا۟ إِن جَآءَكُمْ فَاسِقٌۢ بِنَبَإٍ فَتَبَيَّنُوٓا۟ أَن تُصِيبُوا۟ قَوْمًۢا بِجَهَـٰلَةٍ فَتُصْبِحُوا۟ عَلَىٰ مَا فَعَلْتُمْ نَـٰدِمِينَ",
      "english": "O you who have believed, if there comes to you a disobedient one with information, investigate, lest you harm a people out of ignorance and become, over what you have done, regretful.",
      "hausa": "Yã kũ waɗanda suka yi ĩmãni! Idan fãsiƙi Yã zo muku da wani babban lãbãri, to, ku nẽmi bayãni, dõmin kada ku cũci waɗansu mutãne a cikin jãhilci, sabõda haka ku wãyi gari a kan abin da kuka aikata kunã mãsu nadãma."
    },
    {
      "ayah": 7,
      "arabic": "وَٱعْلَمُوٓا۟ أَنَّ فِيكُمْ رَسُولَ ٱللَّهِ ۚ لَوْ يُطِيعُكُمْ فِى كَثِيرٍ مِّنَ ٱلْأَمْرِ لَعَنِتُّمْ وَلَـٰكِنَّ ٱللَّهَ حَبَّبَ إِلَيْكُمُ ٱلْإِيمَـٰنَ وَزَيَّنَهُۥ فِى قُلُوبِكُمْ وَكَرَّهَ إِلَيْكُمُ ٱلْكُفْرَ وَٱلْفُسُوقَ وَٱلْعِصْيَانَ ۚ أُو۟لَـٰٓئِكَ هُمُ ٱلرَّٰشِدُونَ",
      "english": "And know that among you is the Messenger of Allah. If he were to obey you in much of the matter, you would be in difficulty, but Allah has endeared to you the faith and has made it pleasing in your hearts and has made hateful to you disbelief, defiance and disobedience. Those are the [rightly] guided.",
      "hausa": "Kuma ku sani (cẽwa) lalle ne, a cikinku akwai Manzon Allah. Dã Yana bin ku ga (hãlãye) mãsu Yawa na al'amarin, dã kun auku a cikin zunubi, kuma amma Allah Yã sõyar da ĩmãni a gare ku, kuma Yã ƙawãta shi a cikin zukãtanku kuma Yã ƙyãmantar da kãfirci da fãsicci da sãɓo zuwa gare ku. Waɗannan (da suka lazimci sifõfin nan) su ne shiryayyu."
    },
    {
      "ayah": 8,
      "arabic": "فَضْلًا مِّنَ ٱللَّهِ وَنِعْمَةً ۚ وَٱللَّهُ عَلِيمٌ حَكِيمٌ",
      "english": "[It is] as bounty from Allah and favor. And Allah is Knowing and Wise.",
      "hausa": "Bisa ga falala daga Allah da ni'ima. Kuma Allah Masani ne, Mai hikima."
    },
    {
      "ayah": 9,
      "arabic": "وَإِن طَآئِفَتَانِ مِنَ ٱلْمُؤْمِنِينَ ٱقْتَتَلُوا۟ فَأَصْلِحُوا۟ بَيْنَهُمَا ۖ فَإِنۢ بَغَتْ إِحْدَىٰهُمَا عَلَى ٱلْأُخْرَىٰ فَقَـٰتِلُوا۟ ٱلَّتِى تَبْغِى حَتَّىٰ تَفِىٓءَ إِلَىٰٓ أَمْرِ ٱللَّهِ ۚ فَإِن فَآءَتْ فَأَصْلِحُوا۟ بَيْنَهُمَا بِٱلْعَدْلِ وَأَقْسِطُوٓا۟ ۖ إِنَّ ٱللَّهَ يُحِبُّ ٱلْمُقْسِطِينَ",
      "english": "And if two factions among the believers should fight, then make settlement between the two. But if one of them oppresses the other, then fight against the one that oppresses until it returns to the ordinance of Allah. And if it returns, then make settlement between them in justice and act justly. Indeed, Allah loves those who act justly.",
      "hausa": "Kuma idan jama'a biyu ta mũminai suka yi yãki, to, kuyi sulhu, a tsakãninsu. Sai idan ɗayansu ta yi zãlunci a kan gudar, to, sai ku yãƙi wadda ke yin zãlunci har ta kõma, zuwa ga umurnin Allah. To, idan ta kõma, sai ku yi sulhu a tsakãninsu da ãdalci kuma ku daidaita. Lalle Allah na son mãsu daidaitãwa."
    },
    {
      "ayah": 10,
      "arabic": "إِنَّمَا ٱلْمُؤْمِنُونَ إِخْوَةٌ فَأَصْلِحُوا۟ بَيْنَ أَخَوَيْكُمْ ۚ وَٱتَّقُوا۟ ٱللَّهَ لَعَلَّكُمْ تُرْحَمُونَ",
      "english": "The believers are but brothers, so make settlement between your brothers. And fear Allah that you may receive mercy.",
      "hausa": "Mũminai 'yan'uwan jũna kawai ne, sabõda haka ku yi sulhu a tsakãnin 'yan'uwanku biyu, kuma ku bi Allah da taƙawa tsammãninku, a yi muku rahama."
    },
    {
      "ayah": 11,
      "arabic": "يَـٰٓأَيُّهَا ٱلَّذِينَ ءَامَنُوا۟ لَا يَسْخَرْ قَوْمٌ مِّن قَوْمٍ عَسَىٰٓ أَن يَكُونُوا۟ خَيْرًا مِّنْهُمْ وَلَا نِسَآءٌ مِّن نِّسَآءٍ عَسَىٰٓ أَن يَكُنَّ خَيْرًا مِّنْهُنَّ ۖ وَلَا تَلْمِزُوٓا۟ أَنفُسَكُمْ وَلَا تَنَابَزُوا۟ بِٱلْأَلْقَـٰبِ ۖ بِئْسَ ٱلِٱسْمُ ٱلْفُسُوقُ بَعْدَ ٱلْإِيمَـٰنِ ۚ وَمَن لَّمْ يَتُبْ فَأُو۟لَـٰٓئِكَ هُمُ ٱلظَّـٰلِمُونَ",
      "english": "O you who have believed, let not a people ridicule [another] people; perhaps they may be better than them; nor let women ridicule [other] women; perhaps they may be better than them. And do not insult one another and do not call each other by [offensive] nicknames. Wretched is the name of disobedience after [one's] faith. And whoever does not repent - then it is those who are the wrongdoers.",
      "hausa": "\"Yã ku waɗanda suka yi ĩmãni! Kada waɗansu mutãne su yi izgili game da waɗansu mutãne, mai yiwuwa ne (abin yi wa izgilin) su kasance mafifita daga gare su (mãsu izgilin), kuma waɗansu mãtã kada su yi izgili game da waɗansu mãtã mai yiwuwa ne su kasancc mafĩfĩta daga gare su. Kuma kada ku aibanta kanku, kuma kada ku jẽfi jũna da miyãgun sunãye na laƙabõbĩ. Tir da sũna na fãsicci a bãyãn ĩmãni. Kuma wanda bai tũba ba, to, waɗannan sũ ne azzãlumai.\""
    },
    {
      "ayah": 12,
      "arabic": "يَـٰٓأَيُّهَا ٱلَّذِينَ ءَامَنُوا۟ ٱجْتَنِبُوا۟ كَثِيرًا مِّنَ ٱلظَّنِّ إِنَّ بَعْضَ ٱلظَّنِّ إِثْمٌ ۖ وَلَا تَجَسَّسُوا۟ وَلَا يَغْتَب بَّعْضُكُم بَعْضًا ۚ أَيُحِبُّ أَحَدُكُمْ أَن يَأْكُلَ لَحْمَ أَخِيهِ مَيْتًا فَكَرِهْتُمُوهُ ۚ وَٱتَّقُوا۟ ٱللَّهَ ۚ إِنَّ ٱللَّهَ تَوَّابٌ رَّحِيمٌ",
      "english": "O you who have believed, avoid much [negative] assumption. Indeed, some assumption is sin. And do not spy or backbite each other. Would one of you like to eat the flesh of his brother when dead? You would detest it. And fear Allah; indeed, Allah is Accepting of repentance and Merciful.",
      "hausa": "Yã kũ waɗanda suka yi ĩmãni! Ku nĩsanci abu mai yãwa na zato. Lalle sãshen zato laifi ne. Kuma kada ku yi rahõto, kuma kada sãshenku yã yi gulmar sãshe. Shin, ɗayanku nã son yã ci naman ɗan'uwansa yanã matacce? To, kun ƙĩ shi (cin nãman). Kuma ku bi Allah da taƙawa. Lalle Allah Mai karɓar tũba ne, Mai jin ƙai."
    },
    {
      "ayah": 13,
      "arabic": "يَـٰٓأَيُّهَا ٱلنَّاسُ إِنَّا خَلَقْنَـٰكُم مِّن ذَكَرٍ وَأُنثَىٰ وَجَعَلْنَـٰكُمْ شُعُوبًا وَقَبَآئِلَ لِتَعَارَفُوٓا۟ ۚ إِنَّ أَكْرَمَكُمْ عِندَ ٱللَّهِ أَتْقَىٰكُمْ ۚ إِنَّ ٱللَّهَ عَلِيمٌ خَبِيرٌ",
      "english": "O mankind, indeed We have created you from male and female and made you peoples and tribes that you may know one another. Indeed, the most noble of you in the sight of Allah is the most righteous of you. Indeed, Allah is Knowing and Acquainted.",
      "hausa": "Yã kũ mutãne! Lalle ne Mũ, Mun halitta ku daga namiji da mace, kuma Muka sanya ku dangõgi da kabĩlõli, dõmin ku san jũna. Lalle mafĩfĩcinku daraja a wurin Allah, (shĩ ne) wanda yake mafĩfĩcinku a taƙawa. Lalle nẽ Allah Masani ne, Mai ƙididdigẽwa."
    },
    {
      "ayah": 14,
      "arabic": "قَالَتِ ٱلْأَعْرَابُ ءَامَنَّا ۖ قُل لَّمْ تُؤْمِنُوا۟ وَلَـٰكِن قُولُوٓا۟ أَسْلَمْنَا وَلَمَّا يَدْخُلِ ٱلْإِيمَـٰنُ فِى قُلُوبِكُمْ ۖ وَإِن تُطِيعُوا۟ ٱللَّهَ وَرَسُولَهُۥ لَا يَلِتْكُم مِّنْ أَعْمَـٰلِكُمْ شَيْـًٔا ۚ إِنَّ ٱللَّهَ غَفُورٌ رَّحِيمٌ",
      "english": "The bedouins say, \"We have believed.\" Say, \"You have not [yet] believed; but say [instead], 'We have submitted,' for faith has not yet entered your hearts. And if you obey Allah and His Messenger, He will not deprive you from your deeds of anything. Indeed, Allah is Forgiving and Merciful.\"",
      "hausa": "¡auyãwa suka ce: \"Mun yi ĩmãni.\" Ka ce: \"Ba ku yi ĩmãni ba, amma dai ku ce, 'Mun mĩƙawuya, ĩmani bai gama shiga a cikinzukãtanku ba. Kuma idan kun yi ɗã'a ga Allah da ManzonSa, to, bã zai rage muku kõme daga ayyukanku ba. Lalle Allah Mai gãfara ne, Mai jin ƙai.\""
    },
    {
      "ayah": 15,
      "arabic": "إِنَّمَا ٱلْمُؤْمِنُونَ ٱلَّذِينَ ءَامَنُوا۟ بِٱللَّهِ وَرَسُولِهِۦ ثُمَّ لَمْ يَرْتَابُوا۟ وَجَـٰهَدُوا۟ بِأَمْوَٰلِهِمْ وَأَنفُسِهِمْ فِى سَبِيلِ ٱللَّهِ ۚ أُو۟لَـٰٓئِكَ هُمُ ٱلصَّـٰدِقُونَ",
      "english": "The believers are only the ones who have believed in Allah and His Messenger and then doubt not but strive with their properties and their lives in the cause of Allah. It is those who are the truthful.",
      "hausa": "Mũminan gaskiya kawai, sũ ne waɗanda suka yi ĩmãni da Allah da ManzonSa, sa'an nan ba su yi shakka ba, kuma suka yi jihãdi da dũkiyarsu da kuma rãyukansu, cikin tafarkin Allah. Waɗannan sũ ne mãsu gaskiya."
    },
    {
      "ayah": 16,
      "arabic": "قُلْ أَتُعَلِّمُونَ ٱللَّهَ بِدِينِكُمْ وَٱللَّهُ يَعْلَمُ مَا فِى ٱلسَّمَـٰوَٰتِ وَمَا فِى ٱلْأَرْضِ ۚ وَٱللَّهُ بِكُلِّ شَىْءٍ عَلِيمٌ",
      "english": "Say, \"Would you acquaint Allah with your religion while Allah knows whatever is in the heavens and whatever is on the earth, and Allah is Knowing of all things?\"",
      "hausa": "Ka ce: \"Kuna sanar da Allah ne game da addininku, alhãli kuwa Allah Yã san abin da ke cikin sammai da abin da ke cikin ƙasa, kuma Allah Masani ne ga dukan kõme?\""
    },
    {
      "ayah": 17,
      "arabic": "يَمُنُّونَ عَلَيْكَ أَنْ أَسْلَمُوا۟ ۖ قُل لَّا تَمُنُّوا۟ عَلَىَّ إِسْلَـٰمَكُم ۖ بَلِ ٱللَّهُ يَمُنُّ عَلَيْكُمْ أَنْ هَدَىٰكُمْ لِلْإِيمَـٰنِ إِن كُنتُمْ صَـٰدِقِينَ",
      "english": "They consider it a favor to you that they have accepted Islam. Say, \"Do not consider your Islam a favor to me. Rather, Allah has conferred favor upon you that He has guided you to the faith, if you should be truthful.\"",
      "hausa": "Suna yin gõri a kanka wai sun musulunta. Ka ce: \"Kada ku yi gõrin kun musulunta a kaina. Ã'a, Allah ne ke yi muku gõri dõmin Ya shiryar da ku ga ĩmãni, idan kun kasance mãsu gaskiya.\""
    },
    {
      "ayah": 18,
      "arabic": "إِنَّ ٱللَّهَ يَعْلَمُ غَيْبَ ٱلسَّمَـٰوَٰتِ وَٱلْأَرْضِ ۚ وَٱللَّهُ بَصِيرٌۢ بِمَا تَعْمَلُونَ",
      "english": "Indeed, Allah knows the unseen [aspects] of the heavens and the earth. And Allah is Seeing of what you do.",
      "hausa": "\"Lalle Allah yanã sanin gaibin sammai da ¡asa, kuma Allah Mai gani ne ga abin da kuke aikatãwa.\""
    }
  ]
}