{
  "surah": 44,
  "hasBasmallah": false,
  "basmallah": "",
  "verses": [
    {
      "ayah": 1,
      "arabic": "حمٓ",
      "english": "Ha, Meem.",
      "hausa": "Ḥ. M̃."
    },
    {
      "ayah": 2,
      "arabic": "وَٱلْكِتَـٰبِ ٱلْمُبِينِ",
      "english": "By the clear Book,",
      "hausa": "Inã rantsuwa da Littãfi Mabayyani."
    },
    {
      "ayah": 3,
      "arabic": "إِنَّآ أَنزَلْنَـٰهُ فِى لَيْلَةٍ مُّبَـٰرَكَةٍ ۚ إِنَّا كُنَّا مُنذِرِينَ",
      "english": "Indeed, We sent it down during a blessed night. Indeed, We were to warn [mankind].",
      "hausa": "Lalle ne, Mũ, Muka saukar da shi a cikin wani dare mai albarka. Lalle Mũ' Mun kasance Mãsu yin gargaɗi."
    },
    {
      "ayah": 4,
      "arabic": "فِيهَا يُفْرَقُ كُلُّ أَمْرٍ حَكِيمٍ",
      "english": "On that night is made distinct every precise matter -",
      "hausa": "A cikinsa (shi daren) ake rarrabe kõwane umurui bayyananne."
    },
    {
      "ayah": 5,
      "arabic": "أَمْرًا مِّنْ عِندِنَآ ۚ إِنَّا كُنَّا مُرْسِلِينَ",
      "english": "[Every] matter [proceeding] from Us. Indeed, We were to send [a messenger]",
      "hausa": "Umurni na daga wurinMu. Lalle Mũ ne Muka kasanceMãsu aikãwã."
    },
    {
      "ayah": 6,
      "arabic": "رَحْمَةً مِّن رَّبِّكَ ۚ إِنَّهُۥ هُوَ ٱلسَّمِيعُ ٱلْعَلِيمُ",
      "english": "As mercy from your Lord. Indeed, He is the Hearing, the Knowing.",
      "hausa": "Sabõda rahama daga Ubangijinka. Lalle Shĩ, Shi ne Mai ji, Mãsani."
    },
    {
      "ayah": 7,
      "arabic": "رَبِّ ٱلسَّمَـٰوَٰتِ وَٱلْأَرْضِ وَمَا بَيْنَهُمَآ ۖ إِن كُنتُم مُّوقِنِينَ",
      "english": "Lord of the heavens and the earth and that between them, if you would be certain.",
      "hausa": "(Shĩ ne) Ubangijin sammai da ƙasa da abin da ke a tsakãninsu, idan kun kasance mãsu yaƙĩni (za ku gãne haka)."
    },
    {
      "ayah": 8,
      "arabic": "لَآ إِلَـٰهَ إِلَّا هُوَ يُحْىِۦ وَيُمِيتُ ۖ رَبُّكُمْ وَرَبُّ ءَابَآئِكُمُ ٱلْأَوَّلِينَ",
      "english": "There is no deity except Him; He gives life and causes death. [He is] your Lord and the Lord of your first forefathers.",
      "hausa": "Babu abin bautãwa fãce Shi. Yana rãyarwa Kuma Yana kashẽwa. (Shi ne) Ubangijinku, kuma Ubangijin ubanninku na farko."
    },
    {
      "ayah": 9,
      "arabic": "بَلْ هُمْ فِى شَكٍّ يَلْعَبُونَ",
      "english": "But they are in doubt, amusing themselves.",
      "hausa": "A'a sũ, sunã wãsã a cikin shakka."
    },
    {
      "ayah": 10,
      "arabic": "فَٱرْتَقِبْ يَوْمَ تَأْتِى ٱلسَّمَآءُ بِدُخَانٍ مُّبِينٍ",
      "english": "Then watch for the Day when the sky will bring a visible smoke.",
      "hausa": "Sabõda haka, ka dakata rãnar da sama zã tã zo da hayãƙi bayyananne."
    },
    {
      "ayah": 11,
      "arabic": "يَغْشَى ٱلنَّاسَ ۖ هَـٰذَا عَذَابٌ أَلِيمٌ",
      "english": "Covering the people; this is a painful torment.",
      "hausa": "Yanã rufe mutãne. Wannan wata azãba ce mai raɗaɗi."
    },
    {
      "ayah": 12,
      "arabic": "رَّبَّنَا ٱكْشِفْ عَنَّا ٱلْعَذَابَ إِنَّا مُؤْمِنُونَ",
      "english": "[They will say], \"Our Lord, remove from us the torment; indeed, we are believers.\"",
      "hausa": "Ya Ubangijinmu! Ka kuranye mana azãba. Lalle Mũ, mãsu ĩmãni ne."
    },
    {
      "ayah": 13,
      "arabic": "أَنَّىٰ لَهُمُ ٱلذِّكْرَىٰ وَقَدْ جَآءَهُمْ رَسُولٌ مُّبِينٌ",
      "english": "How will there be for them a reminder [at that time]? And there had come to them a clear Messenger.",
      "hausa": "Inã tunãwa take a gare su, alhãli kuwa, haƙĩƙa, Manzo mai bayyanãwa Ya je musu (da gargaɗin saukar azãbar, ba su karɓa ba)?"
    },
    {
      "ayah": 14,
      "arabic": "ثُمَّ تَوَلَّوْا۟ عَنْهُ وَقَالُوا۟ مُعَلَّمٌ مَّجْنُونٌ",
      "english": "Then they turned away from him and said, \"[He was] taught [and is] a madman.\"",
      "hausa": "Sa'an nan suka jũya baya daga gare shi, Kuma suka ce: \"Wanda ake gayãwa ne, mahaukaci.\""
    },
    {
      "ayah": 15,
      "arabic": "إِنَّا كَاشِفُوا۟ ٱلْعَذَابِ قَلِيلًا ۚ إِنَّكُمْ عَآئِدُونَ",
      "english": "Indeed, We will remove the torment for a little. Indeed, you [disbelievers] will return [to disbelief].",
      "hausa": "Lalle Mũ, Mãsu kuranyẽwar azãba ne, a ɗan lõkaci kaɗan, lalle kũ, mãsu kõmãwa ne (ga laifin)."
    },
    {
      "ayah": 16,
      "arabic": "يَوْمَ نَبْطِشُ ٱلْبَطْشَةَ ٱلْكُبْرَىٰٓ إِنَّا مُنتَقِمُونَ",
      "english": "The Day We will strike with the greatest assault, indeed, We will take retribution.",
      "hausa": "Rãnar da Muke damƙa, damƙa mafi girma, lalle ne Mũ mãsu azãbar rãmuwa ne."
    },
    {
      "ayah": 17,
      "arabic": "وَلَقَدْ فَتَنَّا قَبْلَهُمْ قَوْمَ فِرْعَوْنَ وَجَآءَهُمْ رَسُولٌ كَرِيمٌ",
      "english": "And We had already tried before them the people of Pharaoh, and there came to them a noble messenger,",
      "hausa": "Kuma lalle ne haƙĩƙa a gabaninsu, Mun fitini mutãnen Fir'auna, kuma wani Manzo karĩmi ya jẽ musu."
    },
    {
      "ayah": 18,
      "arabic": "أَنْ أَدُّوٓا۟ إِلَىَّ عِبَادَ ٱللَّهِ ۖ إِنِّى لَكُمْ رَسُولٌ أَمِينٌ",
      "english": "[Saying], \"Render to me the servants of Allah. Indeed, I am to you a trustworthy messenger,\"",
      "hausa": "(Mazon ya ce): \"Ku kãwo mini (ĩmãninku) ya bayin Allah! Lalle ni, Manzo ne amintacce zuwa gare ku.\""
    },
    {
      "ayah": 19,
      "arabic": "وَأَن لَّا تَعْلُوا۟ عَلَى ٱللَّهِ ۖ إِنِّىٓ ءَاتِيكُم بِسُلْطَـٰنٍ مُّبِينٍ",
      "english": "And [saying], \"Be not haughty with Allah. Indeed, I have come to you with clear authority.",
      "hausa": "\"Kuma kada ku nẽmi ɗaukaka a kan Allah. Lalle nĩ mai zo muku ne da dalĩli bayyananne.\""
    },
    {
      "ayah": 20,
      "arabic": "وَإِنِّى عُذْتُ بِرَبِّى وَرَبِّكُمْ أَن تَرْجُمُونِ",
      "english": "And indeed, I have sought refuge in my Lord and your Lord, lest you stone me.",
      "hausa": "\"Kuma lalle nĩ na nẽmi tsari da Ubangijĩna, kuma Ubangijinku, dõmin kada ku jẽfe ni.\""
    },
    {
      "ayah": 21,
      "arabic": "وَإِن لَّمْ تُؤْمِنُوا۟ لِى فَٱعْتَزِلُونِ",
      "english": "But if you do not believe me, then leave me alone.\"",
      "hausa": "\"Kuma idan ba ku yi ĩmãni sabõda nĩ ba, to, ku nĩsance ni.\""
    },
    {
      "ayah": 22,
      "arabic": "فَدَعَا رَبَّهُۥٓ أَنَّ هَـٰٓؤُلَآءِ قَوْمٌ مُّجْرِمُونَ",
      "english": "And [finally] he called to his Lord that these were a criminal people.",
      "hausa": "Sai ya kirayi Ubangjinsa cẽwa waɗannan mutãnene mãsu laifi."
    },
    {
      "ayah": 23,
      "arabic": "فَأَسْرِ بِعِبَادِى لَيْلًا إِنَّكُم مُّتَّبَعُونَ",
      "english": "[Allah said], \"Then set out with My servants by night. Indeed, you are to be pursued.",
      "hausa": "(Allah Ya ce): \"To, ka yi tafiyar dare da bayiNa, da dare. Lalle kũ, waɗanda ake bĩ ne (dõmin a kãma ku.)\""
    },
    {
      "ayah": 24,
      "arabic": "وَٱتْرُكِ ٱلْبَحْرَ رَهْوًا ۖ إِنَّهُمْ جُندٌ مُّغْرَقُونَ",
      "english": "And leave the sea in stillness. Indeed, they are an army to be drowned.\"",
      "hausa": "\"Kuma ka bar tẽku rarrabe. Lalle sũ, runduna ce abar nutsarwa.\""
    },
    {
      "ayah": 25,
      "arabic": "كَمْ تَرَكُوا۟ مِن جَنَّـٰتٍ وَعُيُونٍ",
      "english": "How much they left behind of gardens and springs",
      "hausa": "Da yawa suka bar gõnaki da marẽmari."
    },
    {
      "ayah": 26,
      "arabic": "وَزُرُوعٍ وَمَقَامٍ كَرِيمٍ",
      "english": "And crops and noble sites",
      "hausa": "Da shuke-shuke da matsayi mai kyau."
    },
    {
      "ayah": 27,
      "arabic": "وَنَعْمَةٍ كَانُوا۟ فِيهَا فَـٰكِهِينَ",
      "english": "And comfort wherein they were amused.",
      "hausa": "Da wata ni'ima da suka kasance a cikinta sunã mãsu hutu."
    },
    {
      "ayah": 28,
      "arabic": "كَذَٰلِكَ ۖ وَأَوْرَثْنَـٰهَا قَوْمًا ءَاخَرِينَ",
      "english": "Thus. And We caused to inherit it another people.",
      "hausa": "Kamar haka! Kuma Muka gãdar da ita ga waɗansu mutãne na dabam."
    },
    {
      "ayah": 29,
      "arabic": "فَمَا بَكَتْ عَلَيْهِمُ ٱلسَّمَآءُ وَٱلْأَرْضُ وَمَا كَانُوا۟ مُنظَرِينَ",
      "english": "And the heaven and earth wept not for them, nor were they reprieved.",
      "hausa": "Sa'an nan samã da ƙasã ba su yi kũka a kansu ba, Kuma ba su kasance waɗanda ake yi wa jinkiri ba."
    },
    {
      "ayah": 30,
      "arabic": "وَلَقَدْ نَجَّيْنَا بَنِىٓ إِسْرَٰٓءِيلَ مِنَ ٱلْعَذَابِ ٱلْمُهِينِ",
      "english": "And We certainly saved the Children of Israel from the humiliating torment -",
      "hausa": "Kuma lalle ne, haƙĩƙa Mun tsĩrar da Banĩ Isrã'ĩla daga, azãba mai wulãkantãwa."
    },
    {
      "ayah": 31,
      "arabic": "مِن فِرْعَوْنَ ۚ إِنَّهُۥ كَانَ عَالِيًا مِّنَ ٱلْمُسْرِفِينَ",
      "english": "From Pharaoh. Indeed, he was a haughty one among the transgressors.",
      "hausa": "Daga Fir'auna. Lalle shi, ya kasance maɗaukaki daga cikin mãsu ɓarna."
    },
    {
      "ayah": 32,
      "arabic": "وَلَقَدِ ٱخْتَرْنَـٰهُمْ عَلَىٰ عِلْمٍ عَلَى ٱلْعَـٰلَمِينَ",
      "english": "And We certainly chose them by knowledge over [all] the worlds.",
      "hausa": "Kuma lalle ne, haƙĩƙa, Mun zãɓe su sabõda wani ilmi (na Taurata) a kan mutãne."
    },
    {
      "ayah": 33,
      "arabic": "وَءَاتَيْنَـٰهُم مِّنَ ٱلْـَٔايَـٰتِ مَا فِيهِ بَلَـٰٓؤٌا۟ مُّبِينٌ",
      "english": "And We gave them of signs that in which there was a clear trial.",
      "hausa": "Kuma Muka bã su, daga ãyõyin mu'ujizõji, abin da yake a cikinsa, akwai ni'ima bayyananna"
    },
    {
      "ayah": 34,
      "arabic": "إِنَّ هَـٰٓؤُلَآءِ لَيَقُولُونَ",
      "english": "Indeed, these [disbelievers] are saying,",
      "hausa": "Lalle waɗannan mutãne, haƙĩka, sunã cẽwa,"
    },
    {
      "ayah": 35,
      "arabic": "إِنْ هِىَ إِلَّا مَوْتَتُنَا ٱلْأُولَىٰ وَمَا نَحْنُ بِمُنشَرِينَ",
      "english": "\"There is not but our first death, and we will not be resurrected.",
      "hausa": "\"Babu wani abu sai mutuwarmu ta farko, kuma ba mu zama waɗanda ake tãyarwa ba.\""
    },
    {
      "ayah": 36,
      "arabic": "فَأْتُوا۟ بِـَٔابَآئِنَآ إِن كُنتُمْ صَـٰدِقِينَ",
      "english": "Then bring [back] our forefathers, if you should be truthful.\"",
      "hausa": "\"Sai ku zo da ubanninmu, idan kun kasance mãsu gaskiya.\""
    },
    {
      "ayah": 37,
      "arabic": "أَهُمْ خَيْرٌ أَمْ قَوْمُ تُبَّعٍ وَٱلَّذِينَ مِن قَبْلِهِمْ ۚ أَهْلَكْنَـٰهُمْ ۖ إِنَّهُمْ كَانُوا۟ مُجْرِمِينَ",
      "english": "Are they better or the people of Tubba' and those before them? We destroyed them, [for] indeed, they were criminals.",
      "hausa": "shin, sũ ne mafĩfĩta kõ kuwa mutãnen Tubba'u, kuma da waɗanda ke a gabãninsu? Mun halaka su, lalle sũ, sun kasance mãsu laifi."
    },
    {
      "ayah": 38,
      "arabic": "وَمَا خَلَقْنَا ٱلسَّمَـٰوَٰتِ وَٱلْأَرْضَ وَمَا بَيْنَهُمَا لَـٰعِبِينَ",
      "english": "And We did not create the heavens and earth and that between them in play.",
      "hausa": "Kuma ba Mu halitta slmmai da ƙasa da abin da ke a tsakãninsu ba, alhãli kuwa Munã mãsu wãsã."
    },
    {
      "ayah": 39,
      "arabic": "مَا خَلَقْنَـٰهُمَآ إِلَّا بِٱلْحَقِّ وَلَـٰكِنَّ أَكْثَرَهُمْ لَا يَعْلَمُونَ",
      "english": "We did not create them except in truth, but most of them do not know.",
      "hausa": "Ba Mu halitta su ba fãce da manufa ta gaskiya, kuma amma mafi yawansu, ba su sani ba."
    },
    {
      "ayah": 40,
      "arabic": "إِنَّ يَوْمَ ٱلْفَصْلِ مِيقَـٰتُهُمْ أَجْمَعِينَ",
      "english": "Indeed, the Day of Judgement is the appointed time for them all -",
      "hausa": "Lalle rãnar rarrabẽwa, ita ce lõkacin wa'adinsu gabã ɗaya."
    },
    {
      "ayah": 41,
      "arabic": "يَوْمَ لَا يُغْنِى مَوْلًى عَن مَّوْلًى شَيْـًٔا وَلَا هُمْ يُنصَرُونَ",
      "english": "The Day when no relation will avail a relation at all, nor will they be helped -",
      "hausa": "Rãnar da wani zumu bã ya amfãnin wani zumu da kõme kuma ba su zama anã taimakon su ba."
    },
    {
      "ayah": 42,
      "arabic": "إِلَّا مَن رَّحِمَ ٱللَّهُ ۚ إِنَّهُۥ هُوَ ٱلْعَزِيزُ ٱلرَّحِيمُ",
      "english": "Except those [believers] on whom Allah has mercy. Indeed, He is the Exalted in Might, the Merciful.",
      "hausa": "fãce wanda Allah Ya yi wa rahama. Lalle Shi (Allah), shĩ ne Mabuwãyi, Mai jin ƙai."
    },
    {
      "ayah": 43,
      "arabic": "إِنَّ شَجَرَتَ ٱلزَّقُّومِ",
      "english": "Indeed, the tree of zaqqum",
      "hausa": "Lalle itãciyar zaƙƙũm (ɗanyen wutã),"
    },
    {
      "ayah": 44,
      "arabic": "طَعَامُ ٱلْأَثِيمِ",
      "english": "Is food for the sinful.",
      "hausa": "Ita ce abincin mai laifi."
    },
    {
      "ayah": 45,
      "arabic": "كَٱلْمُهْلِ يَغْلِى فِى ٱلْبُطُونِ",
      "english": "Like murky oil, it boils within bellies",
      "hausa": "Kamar narkakken kwalta yanã tafasa a cikin cikunna."
    },
    {
      "ayah": 46,
      "arabic": "كَغَلْىِ ٱلْحَمِيمِ",
      "english": "Like the boiling of scalding water.",
      "hausa": "Kamar tafasar ruwan zãfi."
    },
    {
      "ayah": 47,
      "arabic": "خُذُوهُ فَٱعْتِلُوهُ إِلَىٰ سَوَآءِ ٱلْجَحِيمِ",
      "english": "[It will be commanded], \"Seize him and drag him into the midst of the Hellfire,",
      "hausa": "(A cẽ wa malã'ikun wutã), \"Ku kãmã shi, sa'an nan ku fizge shi zuwa ga tsakiyar Jahĩm.\""
    },
    {
      "ayah": 48,
      "arabic": "ثُمَّ صُبُّوا۟ فَوْقَ رَأْسِهِۦ مِنْ عَذَابِ ٱلْحَمِيمِ",
      "english": "Then pour over his head from the torment of scalding water.\"",
      "hausa": "\"Sa'an nan ku zuba, a kansa, daga azãbar ruwan zãfi.\""
    },
    {
      "ayah": 49,
      "arabic": "ذُقْ إِنَّكَ أَنتَ ٱلْعَزِيزُ ٱلْكَرِيمُ",
      "english": "[It will be said], \"Taste! Indeed, you are the honored, the noble!",
      "hausa": "(A ce masã), \"Ka ɗanɗana! Lalle kai, kai ne mabuwãyi mai girma!\""
    },
    {
      "ayah": 50,
      "arabic": "إِنَّ هَـٰذَا مَا كُنتُم بِهِۦ تَمْتَرُونَ",
      "english": "Indeed, this is what you used to dispute.\"",
      "hausa": "\"Lalle wannan, shi ne abin da kuka kasance kunã shakka game da shi.\""
    },
    {
      "ayah": 51,
      "arabic": "إِنَّ ٱلْمُتَّقِينَ فِى مَقَامٍ أَمِينٍ",
      "english": "Indeed, the righteous will be in a secure place;",
      "hausa": "Lalle mãsu taƙawa sunã cikin matsayi amintacce."
    },
    {
      "ayah": 52,
      "arabic": "فِى جَنَّـٰتٍ وَعُيُونٍ",
      "english": "Within gardens and springs,",
      "hausa": "A cikin gidãjen Aljanna da marẽmari."
    },
    {
      "ayah": 53,
      "arabic": "يَلْبَسُونَ مِن سُندُسٍ وَإِسْتَبْرَقٍ مُّتَقَـٰبِلِينَ",
      "english": "Wearing [garments of] fine silk and brocade, facing each other.",
      "hausa": "Sunã tufanta daga tufãfin alharĩni raƙĩƙi, da mai kauri, sunã mãsu zaman fuskantar jũna."
    },
    {
      "ayah": 54,
      "arabic": "كَذَٰلِكَ وَزَوَّجْنَـٰهُم بِحُورٍ عِينٍ",
      "english": "Thus. And We will marry them to fair women with large, [beautiful] eyes.",
      "hausa": "Kamar haka, kuma Mun aurar da su da mãtã mãsu kyaun idãnu, mãsu girmansu."
    },
    {
      "ayah": 55,
      "arabic": "يَدْعُونَ فِيهَا بِكُلِّ فَـٰكِهَةٍ ءَامِنِينَ",
      "english": "They will call therein for every [kind of] fruit - safe and secure.",
      "hausa": "Sunã kira, a cikinsu (gidẽjen) ga dukan 'ya'yan itãcen marmari, sunã amintattu (daga dukan abin tsõro)."
    },
    {
      "ayah": 56,
      "arabic": "لَا يَذُوقُونَ فِيهَا ٱلْمَوْتَ إِلَّا ٱلْمَوْتَةَ ٱلْأُولَىٰ ۖ وَوَقَىٰهُمْ عَذَابَ ٱلْجَحِيمِ",
      "english": "They will not taste death therein except the first death, and He will have protected them from the punishment of Hellfire",
      "hausa": "Bã su ɗanɗanar mutuwa, a cikinsu, fãce mutuwar farko, kuma (Allah), Ya tsare musu azãbar Jahĩm."
    },
    {
      "ayah": 57,
      "arabic": "فَضْلًا مِّن رَّبِّكَ ۚ ذَٰلِكَ هُوَ ٱلْفَوْزُ ٱلْعَظِيمُ",
      "english": "As bounty from your Lord. That is what is the great attainment.",
      "hausa": "Sabõda falala daga Ubangijinka. Wancan shi ne babban rabo, mai girma."
    },
    {
      "ayah": 58,
      "arabic": "فَإِنَّمَا يَسَّرْنَـٰهُ بِلِسَانِكَ لَعَلَّهُمْ يَتَذَكَّرُونَ",
      "english": "And indeed, We have eased the Qur'an in your tongue that they might be reminded.",
      "hausa": "Dõmin haka kawai Muka sauƙaƙar da shi (Alƙur'ãni) da harshenka, tsammãninsu, su riƙa tunãwa."
    },
    {
      "ayah": 59,
      "arabic": "فَٱرْتَقِبْ إِنَّهُم مُّرْتَقِبُونَ",
      "english": "So watch, [O Muhammad]; indeed, they are watching [for your end].",
      "hausa": "Sai ka yi jira. Lalle sũ, mãsu jira ne."
    }
  ]
}