{
  "surah": 101,
  "hasBasmallah": false,
  "basmallah": "",
  "verses": [
    {
      "ayah": 1,
      "arabic": "ٱلْقَارِعَةُ",
      "english": "The Striking Calamity -",
      "hausa": "Mai ƙwanƙwasar (zukata da tsõro)!"
    },
    {
      "ayah": 2,
      "arabic": "مَا ٱلْقَارِعَةُ",
      "english": "What is the Striking Calamity?",
      "hausa": "Mẽnẽ ne mai ƙwanƙwasa?"
    },
    {
      "ayah": 3,
      "arabic": "وَمَآ أَدْرَىٰكَ مَا ٱلْقَارِعَةُ",
      "english": "And what can make you know what is the Striking Calamity?",
      "hausa": "Kuma me ya sanar da kai abin da ake ce wa mai ƙwanƙwasa?"
    },
    {
      "ayah": 4,
      "arabic": "يَوْمَ يَكُونُ ٱلنَّاسُ كَٱلْفَرَاشِ ٱلْمَبْثُوثِ",
      "english": "It is the Day when people will be like moths, dispersed,",
      "hausa": "Rãnar da mutãne za su kasance kamar 'ya'yan fari mãsu wãtsuwa."
    },
    {
      "ayah": 5,
      "arabic": "وَتَكُونُ ٱلْجِبَالُ كَٱلْعِهْنِ ٱلْمَنفُوشِ",
      "english": "And the mountains will be like wool, fluffed up.",
      "hausa": "Kuma duwãtsu su kasance kamar gãshin sũfin da aka saɓe."
    },
    {
      "ayah": 6,
      "arabic": "فَأَمَّا مَن ثَقُلَتْ مَوَٰزِينُهُۥ",
      "english": "Then as for one whose scales are heavy [with good deeds],",
      "hausa": "To, amma wanda ma'aunansa suka yi nauyi."
    },
    {
      "ayah": 7,
      "arabic": "فَهُوَ فِى عِيشَةٍ رَّاضِيَةٍ",
      "english": "He will be in a pleasant life.",
      "hausa": "To, shi yana a cikin wata rayuwa yardadda."
    },
    {
      "ayah": 8,
      "arabic": "وَأَمَّا مَنْ خَفَّتْ مَوَٰزِينُهُۥ",
      "english": "But as for one whose scales are light,",
      "hausa": "Kuma amma wanda ma'aunansa suka yi sauƙi (bãbu nauyi)."
    },
    {
      "ayah": 9,
      "arabic": "فَأُمُّهُۥ هَاوِيَةٌ",
      "english": "His refuge will be an abyss.",
      "hausa": "To, uwarsa Hãwiya ce."
    },
    {
      "ayah": 10,
      "arabic": "وَمَآ أَدْرَىٰكَ مَا هِيَهْ",
      "english": "And what can make you know what that is?",
      "hausa": "Kuma me ya sanar da kai mece ce ita?"
    },
    {
      "ayah": 11,
      "arabic": "نَارٌ حَامِيَةٌۢ",
      "english": "It is a Fire, intensely hot.",
      "hausa": "Wata wuta ce mai zafi."
    }
  ]
}