{
  "surah": 96,
  "hasBasmallah": false,
  "basmallah": "",
  "verses": [
    {
      "ayah": 1,
      "arabic": "ٱقْرَأْ بِٱسْمِ رَبِّكَ ٱلَّذِى خَلَقَ",
      "english": "Recite in the name of your Lord who created -",
      "hausa": "Ka yi karatu da sunan Ubangijinka, wanda Ya yi halitta."
    },
    {
      "ayah": 2,
      "arabic": "خَلَقَ ٱلْإِنسَـٰنَ مِنْ عَلَقٍ",
      "english": "Created man from a clinging substance.",
      "hausa": "Ya hahitta mutum daga gudan jini."
    },
    {
      "ayah": 3,
      "arabic": "ٱقْرَأْ وَرَبُّكَ ٱلْأَكْرَمُ",
      "english": "Recite, and your Lord is the most Generous -",
      "hausa": "Ka yi karatu, kuma UbangiJinka shi ne Mafi karimci."
    },
    {
      "ayah": 4,
      "arabic": "ٱلَّذِى عَلَّمَ بِٱلْقَلَمِ",
      "english": "Who taught by the pen -",
      "hausa": "Wanda Ya sanar (da mutum) game da alƙalami."
    },
    {
      "ayah": 5,
      "arabic": "عَلَّمَ ٱلْإِنسَـٰنَ مَا لَمْ يَعْلَمْ",
      "english": "Taught man that which he knew not.",
      "hausa": "Ya sanar da mutum abin da bai sani ba."
    },
    {
      "ayah": 6,
      "arabic": "كَلَّآ إِنَّ ٱلْإِنسَـٰنَ لَيَطْغَىٰٓ",
      "english": "No! [But] indeed, man transgresses",
      "hausa": "A'aha! Lalle, ne mutum haƙĩƙa, yana girman kai (ya ƙi karatu)."
    },
    {
      "ayah": 7,
      "arabic": "أَن رَّءَاهُ ٱسْتَغْنَىٰٓ",
      "english": "Because he sees himself self-sufficient.",
      "hausa": "Dõmin yã ga kansa, yã wadãta."
    },
    {
      "ayah": 8,
      "arabic": "إِنَّ إِلَىٰ رَبِّكَ ٱلرُّجْعَىٰٓ",
      "english": "Indeed, to your Lord is the return.",
      "hausa": "Lalle ne zuwa ga Ubangijinka makoma take."
    },
    {
      "ayah": 9,
      "arabic": "أَرَءَيْتَ ٱلَّذِى يَنْهَىٰ",
      "english": "Have you seen the one who forbids",
      "hausa": "Shin, kã ga wanda ke hana."
    },
    {
      "ayah": 10,
      "arabic": "عَبْدًا إِذَا صَلَّىٰٓ",
      "english": "A servant when he prays?",
      "hausa": "Bãwã idan yã yi salla?"
    },
    {
      "ayah": 11,
      "arabic": "أَرَءَيْتَ إِن كَانَ عَلَى ٱلْهُدَىٰٓ",
      "english": "Have you seen if he is upon guidance",
      "hausa": "Ashe, kã gani, idan (shi bãwan) ya kasance a kan shiriya?"
    },
    {
      "ayah": 12,
      "arabic": "أَوْ أَمَرَ بِٱلتَّقْوَىٰٓ",
      "english": "Or enjoins righteousness?",
      "hausa": "Ko ya yi umurni da taƙawa?"
    },
    {
      "ayah": 13,
      "arabic": "أَرَءَيْتَ إِن كَذَّبَ وَتَوَلَّىٰٓ",
      "english": "Have you seen if he denies and turns away -",
      "hausa": "Ashe, kã gani, idan (shi mai hanin) ya ƙaryata, kuma ya jũya bãya?"
    },
    {
      "ayah": 14,
      "arabic": "أَلَمْ يَعْلَم بِأَنَّ ٱللَّهَ يَرَىٰ",
      "english": "Does he not know that Allah sees?",
      "hausa": "Ashe, bai sani ba cewa Allah Yanã gani?"
    },
    {
      "ayah": 15,
      "arabic": "كَلَّا لَئِن لَّمْ يَنتَهِ لَنَسْفَعًۢا بِٱلنَّاصِيَةِ",
      "english": "No! If he does not desist, We will surely drag him by the forelock -",
      "hausa": "A'aha! Lalle ne, idan bai hanu ba, lalle ne zã Mu ja gãshin makwarkwaɗa."
    },
    {
      "ayah": 16,
      "arabic": "نَاصِيَةٍ كَـٰذِبَةٍ خَاطِئَةٍ",
      "english": "A lying, sinning forelock.",
      "hausa": "Makwarkwaɗa maƙaryaciya, mai laifi."
    },
    {
      "ayah": 17,
      "arabic": "فَلْيَدْعُ نَادِيَهُۥ",
      "english": "Then let him call his associates;",
      "hausa": "Sai ya kirayi ƙungiyarsa."
    },
    {
      "ayah": 18,
      "arabic": "سَنَدْعُ ٱلزَّبَانِيَةَ",
      "english": "We will call the angels of Hell.",
      "hausa": "Zã Mu kirayi zabaniyãwa (mala'iku mãsu girma)."
    },
    {
      "ayah": 19,
      "arabic": "كَلَّا لَا تُطِعْهُ وَٱسْجُدْ وَٱقْتَرِب ۩",
      "english": "No! Do not obey him. But prostrate and draw near [to Allah].",
      "hausa": "A'aha kada ka bĩ shi. Kuma ka yi tawali'u, kuma ka nemi kusanta (zuwa ga Ubangijinka)."
    }
  ]
}