{
  "surah": 54,
  "hasBasmallah": false,
  "basmallah": "",
  "verses": [
    {
      "ayah": 1,
      "arabic": "ٱقْتَرَبَتِ ٱلسَّاعَةُ وَٱنشَقَّ ٱلْقَمَرُ",
      "english": "The Hour has come near, and the moon has split [in two].",
      "hausa": "Sã'a ta yi kusa, kuma wata ya tsãge."
    },
    {
      "ayah": 2,
      "arabic": "وَإِن يَرَوْا۟ ءَايَةً يُعْرِضُوا۟ وَيَقُولُوا۟ سِحْرٌ مُّسْتَمِرٌّ",
      "english": "And if they see a miracle, they turn away and say, \"Passing magic.\"",
      "hausa": "Kuma idan sun ga wata ãyã, sai su juya baya su ce: \"Sihiri ne mai dõgẽwa!\""
    },
    {
      "ayah": 3,
      "arabic": "وَكَذَّبُوا۟ وَٱتَّبَعُوٓا۟ أَهْوَآءَهُمْ ۚ وَكُلُّ أَمْرٍ مُّسْتَقِرٌّ",
      "english": "And they denied and followed their inclinations. But for every matter is a [time of] settlement.",
      "hausa": "Kuma suka ƙaryata, kuma suka bi son zũciyarsu, alhãli kuwa kõwane al'amari (wanda suke son su tũre daga Annabi) an tabbatar da shi."
    },
    {
      "ayah": 4,
      "arabic": "وَلَقَدْ جَآءَهُم مِّنَ ٱلْأَنۢبَآءِ مَا فِيهِ مُزْدَجَرٌ",
      "english": "And there has already come to them of information that in which there is deterrence -",
      "hausa": "Kuma lalle, abin da yake akwai tsãwatarwa a cikinsa na lãbãraiya zo musu."
    },
    {
      "ayah": 5,
      "arabic": "حِكْمَةٌۢ بَـٰلِغَةٌ ۖ فَمَا تُغْنِ ٱلنُّذُرُ",
      "english": "Extensive wisdom - but warning does not avail [them].",
      "hausa": "Hikima cikakka! Sai dai abũbuwan gargaɗi bã su amfãni."
    },
    {
      "ayah": 6,
      "arabic": "فَتَوَلَّ عَنْهُمْ ۘ يَوْمَ يَدْعُ ٱلدَّاعِ إِلَىٰ شَىْءٍ نُّكُرٍ",
      "english": "So leave them, [O Muhammad]. The Day the Caller calls to something forbidding,",
      "hausa": "Sabõda haka, ka bar su! Rãnar da mai kiran zai yi kira zuwa ga wani abu abin ƙyama."
    },
    {
      "ayah": 7,
      "arabic": "خُشَّعًا أَبْصَـٰرُهُمْ يَخْرُجُونَ مِنَ ٱلْأَجْدَاثِ كَأَنَّهُمْ جَرَادٌ مُّنتَشِرٌ",
      "english": "Their eyes humbled, they will emerge from the graves as if they were locusts spreading,",
      "hausa": "¡asƙantattu ga idanunsu zã su fito daga kaburburansu, kamar dai sũ fãri ne waɗandasuka wãtse."
    },
    {
      "ayah": 8,
      "arabic": "مُّهْطِعِينَ إِلَى ٱلدَّاعِ ۖ يَقُولُ ٱلْكَـٰفِرُونَ هَـٰذَا يَوْمٌ عَسِرٌ",
      "english": "Racing ahead toward the Caller. The disbelievers will say, \"This is a difficult Day.\"",
      "hausa": "Sunã gaggãwar tafiya zuwa ga mai kiran, kãfirai na cẽwa, \"Wannan yini ne mai wuya!\""
    },
    {
      "ayah": 9,
      "arabic": "كَذَّبَتْ قَبْلَهُمْ قَوْمُ نُوحٍ فَكَذَّبُوا۟ عَبْدَنَا وَقَالُوا۟ مَجْنُونٌ وَٱزْدُجِرَ",
      "english": "The people of Noah denied before them, and they denied Our servant and said, \"A madman,\" and he was repelled.",
      "hausa": "Mutãnen Nũhu sun ƙaryata, a gabãninsu, sai suka ƙaryata BawanMu, kuma suka ce: \"Shi mahaukaci ne.\" Kuma aka tsãwace shi."
    },
    {
      "ayah": 10,
      "arabic": "فَدَعَا رَبَّهُۥٓ أَنِّى مَغْلُوبٌ فَٱنتَصِرْ",
      "english": "So he invoked his Lord, \"Indeed, I am overpowered, so help.\"",
      "hausa": "Sabõda haka, ya kira Ubangijinsa (ya ce), \"Lalle nĩ, an rinjãye ni, sai Ka yi taimako.\""
    },
    {
      "ayah": 11,
      "arabic": "فَفَتَحْنَآ أَبْوَٰبَ ٱلسَّمَآءِ بِمَآءٍ مُّنْهَمِرٍ",
      "english": "Then We opened the gates of the heaven with rain pouring down",
      "hausa": "Sai Muka bũɗe kõfõfin sama da ruwa mai zuba."
    },
    {
      "ayah": 12,
      "arabic": "وَفَجَّرْنَا ٱلْأَرْضَ عُيُونًا فَٱلْتَقَى ٱلْمَآءُ عَلَىٰٓ أَمْرٍ قَدْ قُدِرَ",
      "english": "And caused the earth to burst with springs, and the waters met for a matter already predestined.",
      "hausa": "Kuma Muka ɓuɓɓugar da ƙasã ta zama idãnun ruwa, daɗa ruwa ya haɗu a kan wani umurni da aka riga aka ƙaddara shi."
    },
    {
      "ayah": 13,
      "arabic": "وَحَمَلْنَـٰهُ عَلَىٰ ذَاتِ أَلْوَٰحٍ وَدُسُرٍ",
      "english": "And We carried him on a [construction of] planks and nails,",
      "hausa": "Kuma Muka ɗauke Nũhu a kan (jirgi) na alluna da ƙũsõshi."
    },
    {
      "ayah": 14,
      "arabic": "تَجْرِى بِأَعْيُنِنَا جَزَآءً لِّمَن كَانَ كُفِرَ",
      "english": "Sailing under Our observation as reward for he who had been denied.",
      "hausa": "Tanã gudãna, a kan idãnunMu, dõmin sakamako ga wanda aka yi wa kãfircin."
    },
    {
      "ayah": 15,
      "arabic": "وَلَقَد تَّرَكْنَـٰهَآ ءَايَةً فَهَلْ مِن مُّدَّكِرٍ",
      "english": "And We left it as a sign, so is there any who will remember?",
      "hausa": "Kuma lalle, Mun bar ta ta zama ãyã. To, Shin, akwai mai tunãni"
    },
    {
      "ayah": 16,
      "arabic": "فَكَيْفَ كَانَ عَذَابِى وَنُذُرِ",
      "english": "And how [severe] were My punishment and warning.",
      "hausa": "To, yãyã azãbãTa take da gargaɗiNa?"
    },
    {
      "ayah": 17,
      "arabic": "وَلَقَدْ يَسَّرْنَا ٱلْقُرْءَانَ لِلذِّكْرِ فَهَلْ مِن مُّدَّكِرٍ",
      "english": "And We have certainly made the Qur'an easy for remembrance, so is there any who will remember?",
      "hausa": "Kuma lalle ne, haƙĩkƙa, Mun sauƙaƙe Alƙur'ãni, dõmin tunãwa. To, shin, akwai mai tunãwa?"
    },
    {
      "ayah": 18,
      "arabic": "كَذَّبَتْ عَادٌ فَكَيْفَ كَانَ عَذَابِى وَنُذُرِ",
      "english": "'Aad denied; and how [severe] were My punishment and warning.",
      "hausa": "Ãdãwa sun ƙaryata, to, yãya azãbãTa take, da gargaɗiNa?"
    },
    {
      "ayah": 19,
      "arabic": "إِنَّآ أَرْسَلْنَا عَلَيْهِمْ رِيحًا صَرْصَرًا فِى يَوْمِ نَحْسٍ مُّسْتَمِرٍّ",
      "english": "Indeed, We sent upon them a screaming wind on a day of continuous misfortune,",
      "hausa": "Lalle Mũ, Mun aika da iska mai tsananin sauti a kansu, a cikin wani yinin nahĩsa mai dõgẽwa."
    },
    {
      "ayah": 20,
      "arabic": "تَنزِعُ ٱلنَّاسَ كَأَنَّهُمْ أَعْجَازُ نَخْلٍ مُّنقَعِرٍ",
      "english": "Extracting the people as if they were trunks of palm trees uprooted.",
      "hausa": "Tanã fizgar mutãne kamar dai sũ kututturan dabĩno tumɓukakku ne."
    },
    {
      "ayah": 21,
      "arabic": "فَكَيْفَ كَانَ عَذَابِى وَنُذُرِ",
      "english": "And how [severe] were My punishment and warning.",
      "hausa": "To, yãya azãbãTa take da gargaɗiNa?"
    },
    {
      "ayah": 22,
      "arabic": "وَلَقَدْ يَسَّرْنَا ٱلْقُرْءَانَ لِلذِّكْرِ فَهَلْ مِن مُّدَّكِرٍ",
      "english": "And We have certainly made the Qur'an easy for remembrance, so is there any who will remember?",
      "hausa": "Kuma lalle ne, haƙiƙa Mun sauƙaƙe Alƙur'ani, dõmin tunãwa. To, shin, akwai mai tunãwa?"
    },
    {
      "ayah": 23,
      "arabic": "كَذَّبَتْ ثَمُودُ بِٱلنُّذُرِ",
      "english": "Thamud denied the warning",
      "hausa": "Samũdãwa sun ƙaryata game da gargaɗin."
    },
    {
      "ayah": 24,
      "arabic": "فَقَالُوٓا۟ أَبَشَرًا مِّنَّا وَٰحِدًا نَّتَّبِعُهُۥٓ إِنَّآ إِذًا لَّفِى ضَلَـٰلٍ وَسُعُرٍ",
      "english": "And said, \"Is it one human being among us that we should follow? Indeed, we would then be in error and madness.",
      "hausa": "Sai suka ce: \"Wani mutum daga cikinmu, shi kaɗai, wai mu bĩ shi! Lalle mũ a lõkacin, haƙĩƙa mun shiga wata ɓata da haukã."
    },
    {
      "ayah": 25,
      "arabic": "أَءُلْقِىَ ٱلذِّكْرُ عَلَيْهِ مِنۢ بَيْنِنَا بَلْ هُوَ كَذَّابٌ أَشِرٌ",
      "english": "Has the message been sent down upon him from among us? Rather, he is an insolent liar.\"",
      "hausa": "\"Shin, an jẽfa masa Manzancin ne, a tsakãninmu? Ã'a, shĩ dai gawurtaccen maƙaryaci ne mai girman kai!\""
    },
    {
      "ayah": 26,
      "arabic": "سَيَعْلَمُونَ غَدًا مَّنِ ٱلْكَذَّابُ ٱلْأَشِرُ",
      "english": "They will know tomorrow who is the insolent liar.",
      "hausa": "Zã su sani a gõbe, wãne ne gawurtaccen mai ƙaryar, mai girman kan?"
    },
    {
      "ayah": 27,
      "arabic": "إِنَّا مُرْسِلُوا۟ ٱلنَّاقَةِ فِتْنَةً لَّهُمْ فَٱرْتَقِبْهُمْ وَٱصْطَبِرْ",
      "english": "Indeed, We are sending the she-camel as trial for them, so watch them and be patient.",
      "hausa": "Lalle Mũ, mãsu aikãwa da rãƙumar ne, ta zame musu fitina, sai ka tsare su da kallo, kuma ka yi haƙuri."
    },
    {
      "ayah": 28,
      "arabic": "وَنَبِّئْهُمْ أَنَّ ٱلْمَآءَ قِسْمَةٌۢ بَيْنَهُمْ ۖ كُلُّ شِرْبٍ مُّحْتَضَرٌ",
      "english": "And inform them that the water is shared between them, each [day of] drink attended [by turn].",
      "hausa": "Kuma ka bã su lãbãri cẽwa ruwa rababbe ne a tsakãninsu (da rãƙumar), kõwane sha, mai shi yanã halartar sa."
    },
    {
      "ayah": 29,
      "arabic": "فَنَادَوْا۟ صَاحِبَهُمْ فَتَعَاطَىٰ فَعَقَرَ",
      "english": "But they called their companion, and he dared and hamstrung [her].",
      "hausa": "Sai suka kira abokinsu, sai ya karɓa, sa'an nan ya sõke ta,"
    },
    {
      "ayah": 30,
      "arabic": "فَكَيْفَ كَانَ عَذَابِى وَنُذُرِ",
      "english": "And how [severe] were My punishment and warning.",
      "hausa": "To, yãya azãbaTa take da gargaɗiNa?"
    },
    {
      "ayah": 31,
      "arabic": "إِنَّآ أَرْسَلْنَا عَلَيْهِمْ صَيْحَةً وَٰحِدَةً فَكَانُوا۟ كَهَشِيمِ ٱلْمُحْتَظِرِ",
      "english": "Indeed, We sent upon them one blast from the sky, and they became like the dry twig fragments of an [animal] pen.",
      "hausa": "Lalle Mũ, Mun aika tsãwa guda a kansu, sai suka kasance kamar yãyin mai shinge."
    },
    {
      "ayah": 32,
      "arabic": "وَلَقَدْ يَسَّرْنَا ٱلْقُرْءَانَ لِلذِّكْرِ فَهَلْ مِن مُّدَّكِرٍ",
      "english": "And We have certainly made the Qur'an easy for remembrance, so is there any who will remember?",
      "hausa": "Kuma lalle ne, haƙĩƙa, Mun sauƙaƙe Alƙur'ani, dõmin tunãwa. To, shin, akwai mai tunãwa?"
    },
    {
      "ayah": 33,
      "arabic": "كَذَّبَتْ قَوْمُ لُوطٍۭ بِٱلنُّذُرِ",
      "english": "The people of Lot denied the warning.",
      "hausa": "Mutãnen Lũɗu sun ƙaryata, game da gargaɗi."
    },
    {
      "ayah": 34,
      "arabic": "إِنَّآ أَرْسَلْنَا عَلَيْهِمْ حَاصِبًا إِلَّآ ءَالَ لُوطٍ ۖ نَّجَّيْنَـٰهُم بِسَحَرٍ",
      "english": "Indeed, We sent upon them a storm of stones, except the family of Lot - We saved them before dawn",
      "hausa": "Lalle Mun aika iskar tsakuwa a kansu, fãce mabiyan Lũɗu, Mun tsirar da su a lõkacin asuba."
    },
    {
      "ayah": 35,
      "arabic": "نِّعْمَةً مِّنْ عِندِنَا ۚ كَذَٰلِكَ نَجْزِى مَن شَكَرَ",
      "english": "As favor from us. Thus do We reward he who is grateful.",
      "hausa": "Sabõda wata ni'ima ta daga gare Mu. Kamar haka Muke sãka wa wanda ya gõde."
    },
    {
      "ayah": 36,
      "arabic": "وَلَقَدْ أَنذَرَهُم بَطْشَتَنَا فَتَمَارَوْا۟ بِٱلنُّذُرِ",
      "english": "And he had already warned them of Our assault, but they disputed the warning.",
      "hausa": "Kuma lalle, haƙĩƙa, ya yi musu gargaɗin damƙarMu, sai suka yi musu game da gargaɗin."
    },
    {
      "ayah": 37,
      "arabic": "وَلَقَدْ رَٰوَدُوهُ عَن ضَيْفِهِۦ فَطَمَسْنَآ أَعْيُنَهُمْ فَذُوقُوا۟ عَذَابِى وَنُذُرِ",
      "english": "And they had demanded from him his guests, but We obliterated their eyes, [saying], \"Taste My punishment and warning.\"",
      "hausa": "Kuma lalle haƙĩƙa, su, sun nẽme shi ta wajen bãƙinsa, sai Muka shãfe idãnunsu. \"To, ku ɗanɗani azãbaTa da gargaɗĩNa.\""
    },
    {
      "ayah": 38,
      "arabic": "وَلَقَدْ صَبَّحَهُم بُكْرَةً عَذَابٌ مُّسْتَقِرٌّ",
      "english": "And there came upon them by morning an abiding punishment.",
      "hausa": "Kuma lalle, haƙĩƙa, wata azãba matabbaciya tã wãye musu gari da yãƙi, tun da sãfe."
    },
    {
      "ayah": 39,
      "arabic": "فَذُوقُوا۟ عَذَابِى وَنُذُرِ",
      "english": "So taste My punishment and warning.",
      "hausa": "To, ku ɗanɗani azãbãTa da gargaɗĩNa."
    },
    {
      "ayah": 40,
      "arabic": "وَلَقَدْ يَسَّرْنَا ٱلْقُرْءَانَ لِلذِّكْرِ فَهَلْ مِن مُّدَّكِرٍ",
      "english": "And We have certainly made the Qur'an easy for remembrance, so is there any who will remember?",
      "hausa": "Kuma lalle ne, haƙĩƙa, Mun sauƙaƙe Alƙur, ani dõmin tunãwa. To, shin, akwai mai tunãwa?"
    },
    {
      "ayah": 41,
      "arabic": "وَلَقَدْ جَآءَ ءَالَ فِرْعَوْنَ ٱلنُّذُرُ",
      "english": "And there certainly came to the people of Pharaoh warning.",
      "hausa": "Kuma lalle, haƙĩƙa, gargaɗin ya jẽ wa mabiyan Fir'auna."
    },
    {
      "ayah": 42,
      "arabic": "كَذَّبُوا۟ بِـَٔايَـٰتِنَا كُلِّهَا فَأَخَذْنَـٰهُمْ أَخْذَ عَزِيزٍ مُّقْتَدِرٍ",
      "english": "They denied Our signs, all of them, so We seized them with a seizure of one Exalted in Might and Perfect in Ability.",
      "hausa": "Sun ƙaryata game da ãyõyinMu, dukansu sai Muka kãma su, irin kãmun Mabuwãyi, Mai ĩkon yi."
    },
    {
      "ayah": 43,
      "arabic": "أَكُفَّارُكُمْ خَيْرٌ مِّنْ أُو۟لَـٰٓئِكُمْ أَمْ لَكُم بَرَآءَةٌ فِى ٱلزُّبُرِ",
      "english": "Are your disbelievers better than those [former ones], or have you immunity in the scripture?",
      "hausa": "Shin, kãfiranku ne mafi alhẽri daga waɗancan, ko kuwa kunã da wata barã'a a cikin littattafai?"
    },
    {
      "ayah": 44,
      "arabic": "أَمْ يَقُولُونَ نَحْنُ جَمِيعٌ مُّنتَصِرٌ",
      "english": "Or do they say, \"We are an assembly supporting [each other]\"?",
      "hausa": "Kõ zã su ce: \"Mũ duka mãsu haɗa ƙarfi ne dõmin cin nasara?\""
    },
    {
      "ayah": 45,
      "arabic": "سَيُهْزَمُ ٱلْجَمْعُ وَيُوَلُّونَ ٱلدُّبُرَ",
      "english": "[Their] assembly will be defeated, and they will turn their backs [in retreat].",
      "hausa": "Zã a karya tãron, kuma su jũya bãya dõmin gudu."
    },
    {
      "ayah": 46,
      "arabic": "بَلِ ٱلسَّاعَةُ مَوْعِدُهُمْ وَٱلسَّاعَةُ أَدْهَىٰ وَأَمَرُّ",
      "english": "But the Hour is their appointment [for due punishment], and the Hour is more disastrous and more bitter.",
      "hausa": "Ã'a, Sã'a ita cẽ lõkacin wa'adinsu, kuma Sã'ar tã fi tsananin masĩfa, kuma ta fiɗãci."
    },
    {
      "ayah": 47,
      "arabic": "إِنَّ ٱلْمُجْرِمِينَ فِى ضَلَـٰلٍ وَسُعُرٍ",
      "english": "Indeed, the criminals are in error and madness.",
      "hausa": "Lalle ne, mãsu laifi sunã a cikin ɓata da hauka."
    },
    {
      "ayah": 48,
      "arabic": "يَوْمَ يُسْحَبُونَ فِى ٱلنَّارِ عَلَىٰ وُجُوهِهِمْ ذُوقُوا۟ مَسَّ سَقَرَ",
      "english": "The Day they are dragged into the Fire on their faces [it will be said], \"Taste the touch of Saqar.\"",
      "hausa": "Rãnar da zã a jã su a cikin wuta a kan fuskõkinsu. \"Ku ɗanɗani shãfar wutar Saƙar.\""
    },
    {
      "ayah": 49,
      "arabic": "إِنَّا كُلَّ شَىْءٍ خَلَقْنَـٰهُ بِقَدَرٍ",
      "english": "Indeed, all things We created with predestination.",
      "hausa": "Lalle Mũ, kõwane irin abu Mun halitta shi a kan tsãri."
    },
    {
      "ayah": 50,
      "arabic": "وَمَآ أَمْرُنَآ إِلَّا وَٰحِدَةٌ كَلَمْحٍۭ بِٱلْبَصَرِ",
      "english": "And Our command is but one, like a glance of the eye.",
      "hausa": "Kuma umurninMu bai zamo ba fãce da kalma ɗaya, kamar walƙãwar ido."
    },
    {
      "ayah": 51,
      "arabic": "وَلَقَدْ أَهْلَكْنَآ أَشْيَاعَكُمْ فَهَلْ مِن مُّدَّكِرٍ",
      "english": "And We have already destroyed your kinds, so is there any who will remember?",
      "hausa": "Kuma lalle ne haƙĩƙa, Mun halaka irin gayyarku. To, shin, akwai mai tunãni?"
    },
    {
      "ayah": 52,
      "arabic": "وَكُلُّ شَىْءٍ فَعَلُوهُ فِى ٱلزُّبُرِ",
      "english": "And everything they did is in written records.",
      "hausa": "Kuma kõwane abu, da suka aikata shi, yanã a cikin littattafai."
    },
    {
      "ayah": 53,
      "arabic": "وَكُلُّ صَغِيرٍ وَكَبِيرٍ مُّسْتَطَرٌ",
      "english": "And every small and great [thing] is inscribed.",
      "hausa": "Kuma dukkan ƙarami da babba, rubutacce ne."
    },
    {
      "ayah": 54,
      "arabic": "إِنَّ ٱلْمُتَّقِينَ فِى جَنَّـٰتٍ وَنَهَرٍ",
      "english": "Indeed, the righteous will be among gardens and rivers,",
      "hausa": "Lalle mãsu taƙawa sunã a cikin gidãjen Aljanna da kõguna."
    },
    {
      "ayah": 55,
      "arabic": "فِى مَقْعَدِ صِدْقٍ عِندَ مَلِيكٍ مُّقْتَدِرٍۭ",
      "english": "In a seat of honor near a Sovereign, Perfect in Ability.",
      "hausa": "A cikin mazaunin gaskiya, wurin Mai ikon yi, Mai iya zartaswa."
    }
  ]
}