{
  "surah": 74,
  "hasBasmallah": false,
  "basmallah": "",
  "verses": [
    {
      "ayah": 1,
      "arabic": "يَـٰٓأَيُّهَا ٱلْمُدَّثِّرُ",
      "english": "O you who covers himself [with a garment],",
      "hausa": "Yã wanda ya lulluɓa da mayãfi."
    },
    {
      "ayah": 2,
      "arabic": "قُمْ فَأَنذِرْ",
      "english": "Arise and warn",
      "hausa": "Ka tãshi dõmin ka yi gargaɗi"
    },
    {
      "ayah": 3,
      "arabic": "وَرَبَّكَ فَكَبِّرْ",
      "english": "And your Lord glorify",
      "hausa": "Kuma Ubangijinka, sai ka girmama Shi,"
    },
    {
      "ayah": 4,
      "arabic": "وَثِيَابَكَ فَطَهِّرْ",
      "english": "And your clothing purify",
      "hausa": "Kuma tutãfinka, sai ka tsarkake su,"
    },
    {
      "ayah": 5,
      "arabic": "وَٱلرُّجْزَ فَٱهْجُرْ",
      "english": "And uncleanliness avoid",
      "hausa": "Kuma gumãka, sai ka ƙaurace musu."
    },
    {
      "ayah": 6,
      "arabic": "وَلَا تَمْنُن تَسْتَكْثِرُ",
      "english": "And do not confer favor to acquire more",
      "hausa": "Kada ka yi kyauta kana nẽman ƙãri"
    },
    {
      "ayah": 7,
      "arabic": "وَلِرَبِّكَ فَٱصْبِرْ",
      "english": "But for your Lord be patient.",
      "hausa": "Kuma sabõda Ubangijinka? Sai ka yi haƙure"
    },
    {
      "ayah": 8,
      "arabic": "فَإِذَا نُقِرَ فِى ٱلنَّاقُورِ",
      "english": "And when the trumpet is blown,",
      "hausa": "To, idan aka yi bũsa a cikin ƙaho."
    },
    {
      "ayah": 9,
      "arabic": "فَذَٰلِكَ يَوْمَئِذٍ يَوْمٌ عَسِيرٌ",
      "english": "That Day will be a difficult day",
      "hausa": "To, wannan, a rãnar nan, yini ne mai wuya"
    },
    {
      "ayah": 10,
      "arabic": "عَلَى ٱلْكَـٰفِرِينَ غَيْرُ يَسِيرٍ",
      "english": "For the disbelievers - not easy.",
      "hausa": "A kan kãfirai, bã mai sauƙi ba ne."
    },
    {
      "ayah": 11,
      "arabic": "ذَرْنِى وَمَنْ خَلَقْتُ وَحِيدًا",
      "english": "Leave Me with the one I created alone",
      "hausa": "Ka bar Ni da wanda Na halitta, yana shi kaɗai,"
    },
    {
      "ayah": 12,
      "arabic": "وَجَعَلْتُ لَهُۥ مَالًا مَّمْدُودًا",
      "english": "And to whom I granted extensive wealth",
      "hausa": "Kuma Na sanya masa dũkiya shimfiɗaɗɗiya"
    },
    {
      "ayah": 13,
      "arabic": "وَبَنِينَ شُهُودًا",
      "english": "And children present [with him]",
      "hausa": "Da ɗiyã halartattu,"
    },
    {
      "ayah": 14,
      "arabic": "وَمَهَّدتُّ لَهُۥ تَمْهِيدًا",
      "english": "And spread [everything] before him, easing [his life].",
      "hausa": "Kuma Na shimfiɗa? masa kõme shimfiɗãwa."
    },
    {
      "ayah": 15,
      "arabic": "ثُمَّ يَطْمَعُ أَنْ أَزِيدَ",
      "english": "Then he desires that I should add more.",
      "hausa": "Sa'an nan, yanã kwaɗayin in yi masa ƙãri!"
    },
    {
      "ayah": 16,
      "arabic": "كَلَّآ ۖ إِنَّهُۥ كَانَ لِـَٔايَـٰتِنَا عَنِيدًا",
      "english": "No! Indeed, he has been toward Our verses obstinate.",
      "hausa": "Faufau! Lalle ne, shĩ yã kasance, ga ãyõyinMu, mai tsaurin kai."
    },
    {
      "ayah": 17,
      "arabic": "سَأُرْهِقُهُۥ صَعُودًا",
      "english": "I will cover him with arduous torment.",
      "hausa": "Zã Ni kallafa masa wahala mai hauhawa."
    },
    {
      "ayah": 18,
      "arabic": "إِنَّهُۥ فَكَّرَ وَقَدَّرَ",
      "english": "Indeed, he thought and deliberated.",
      "hausa": "Lalle ne, Shi, yã yi tunãni, kuma yã ƙaddara (abin da zai faɗã game da Alƙur'ãni)"
    },
    {
      "ayah": 19,
      "arabic": "فَقُتِلَ كَيْفَ قَدَّرَ",
      "english": "So may he be destroyed [for] how he deliberated.",
      "hausa": "Sabõda haka, aka la'ane shi, kamar yadda ya ƙaddara."
    },
    {
      "ayah": 20,
      "arabic": "ثُمَّ قُتِلَ كَيْفَ قَدَّرَ",
      "english": "Then may he be destroyed [for] how he deliberated.",
      "hausa": "Sa'an nan, aka la'ane shi kamar yadda ya ƙaddara."
    },
    {
      "ayah": 21,
      "arabic": "ثُمَّ نَظَرَ",
      "english": "Then he considered [again];",
      "hausa": "Sa'an nan, ya yi tunãni"
    },
    {
      "ayah": 22,
      "arabic": "ثُمَّ عَبَسَ وَبَسَرَ",
      "english": "Then he frowned and scowled;",
      "hausa": "Sa'an nan, ya gintse huska? kuma ya yi murtuk."
    },
    {
      "ayah": 23,
      "arabic": "ثُمَّ أَدْبَرَ وَٱسْتَكْبَرَ",
      "english": "Then he turned back and was arrogant",
      "hausa": "Sa'an nan, ya jũya bãya, kuma ya bunƙãsa,"
    },
    {
      "ayah": 24,
      "arabic": "فَقَالَ إِنْ هَـٰذَآ إِلَّا سِحْرٌ يُؤْثَرُ",
      "english": "And said, \"This is not but magic imitated [from others].",
      "hausa": "Sai ya ce: \"Wannan abu dai bã kõme ba ne fãce wani sihiri, wanda aka ruwaito.\""
    },
    {
      "ayah": 25,
      "arabic": "إِنْ هَـٰذَآ إِلَّا قَوْلُ ٱلْبَشَرِ",
      "english": "This is not but the word of a human being.\"",
      "hausa": "\"Wannan maganar mutum dai ce.\""
    },
    {
      "ayah": 26,
      "arabic": "سَأُصْلِيهِ سَقَرَ",
      "english": "I will drive him into Saqar.",
      "hausa": "Zã Ni ƙõna shi da Saƙar."
    },
    {
      "ayah": 27,
      "arabic": "وَمَآ أَدْرَىٰكَ مَا سَقَرُ",
      "english": "And what can make you know what is Saqar?",
      "hausa": "Kuma mẽ ya sanar da kai abin da akẽ cẽwa Saƙar!"
    },
    {
      "ayah": 28,
      "arabic": "لَا تُبْقِى وَلَا تَذَرُ",
      "english": "It lets nothing remain and leaves nothing [unburned],",
      "hausa": "Bã ta ragẽwa, kuma bã ta bari."
    },
    {
      "ayah": 29,
      "arabic": "لَوَّاحَةٌ لِّلْبَشَرِ",
      "english": "Blackening the skins.",
      "hausa": "Mai nãcẽwa ga jiki ce (da (ƙũna)."
    },
    {
      "ayah": 30,
      "arabic": "عَلَيْهَا تِسْعَةَ عَشَرَ",
      "english": "Over it are nineteen [angels].",
      "hausa": "A kanta akwai (matsara) gõma shã tara."
    },
    {
      "ayah": 31,
      "arabic": "وَمَا جَعَلْنَآ أَصْحَـٰبَ ٱلنَّارِ إِلَّا مَلَـٰٓئِكَةً ۙ وَمَا جَعَلْنَا عِدَّتَهُمْ إِلَّا فِتْنَةً لِّلَّذِينَ كَفَرُوا۟ لِيَسْتَيْقِنَ ٱلَّذِينَ أُوتُوا۟ ٱلْكِتَـٰبَ وَيَزْدَادَ ٱلَّذِينَ ءَامَنُوٓا۟ إِيمَـٰنًا ۙ وَلَا يَرْتَابَ ٱلَّذِينَ أُوتُوا۟ ٱلْكِتَـٰبَ وَٱلْمُؤْمِنُونَ ۙ وَلِيَقُولَ ٱلَّذِينَ فِى قُلُوبِهِم مَّرَضٌ وَٱلْكَـٰفِرُونَ مَاذَآ أَرَادَ ٱللَّهُ بِهَـٰذَا مَثَلًا ۚ كَذَٰلِكَ يُضِلُّ ٱللَّهُ مَن يَشَآءُ وَيَهْدِى مَن يَشَآءُ ۚ وَمَا يَعْلَمُ جُنُودَ رَبِّكَ إِلَّا هُوَ ۚ وَمَا هِىَ إِلَّا ذِكْرَىٰ لِلْبَشَرِ",
      "english": "And We have not made the keepers of the Fire except angels. And We have not made their number except as a trial for those who disbelieve - that those who were given the Scripture will be convinced and those who have believed will increase in faith and those who were given the Scripture and the believers will not doubt and that those in whose hearts is hypocrisy and the disbelievers will say, \"What does Allah intend by this as an example?\" Thus does Allah leave astray whom He wills and guides whom He wills. And none knows the soldiers of your Lord except Him. And mention of the Fire is not but a reminder to humanity.",
      "hausa": "Kuma ba Mu sanya ma'abũta wutã (wãto matsaranta) ba, fãce malã'iku, kuma ba Mu sanya adadinsu (gõma sha tara) ba, fãce dõmin fitina ga waɗanda suka kãfirta domin waɗanda aka bai wa littãfi su sãmi yaƙĩni kuma waɗanda suka yi ĩmãni su ƙãra ĩmãni, kuma waɗanda aka bai wa littãfi da mũminai bã zã su yi shakka ba, kuma domin wa ɗanda a cikin zukatansu akwai wata cuta da kãfirai su ce: \"Mẽ Allah Yake nufi da wannan, ya kasance misãli?\" Haka dai Allah ke ɓatar da wanda Ya so, kuma Ya shiryar da wanda ya so. Kuma bãbu wanda ya san mayãƙan Ubangijinka fãce Shi, kuma ita (wutar) ba ta kasance ba fãce wata tunãtarwa ce ga mutum."
    },
    {
      "ayah": 32,
      "arabic": "كَلَّا وَٱلْقَمَرِ",
      "english": "No! By the moon",
      "hausa": "A'aha! Ina rantsuwa da watã."
    },
    {
      "ayah": 33,
      "arabic": "وَٱلَّيْلِ إِذْ أَدْبَرَ",
      "english": "And [by] the night when it departs",
      "hausa": "Da dare a lõkacin da ya jũyar da baya."
    },
    {
      "ayah": 34,
      "arabic": "وَٱلصُّبْحِ إِذَآ أَسْفَرَ",
      "english": "And [by] the morning when it brightens,",
      "hausa": "Da sãfiya idan ta wãye."
    },
    {
      "ayah": 35,
      "arabic": "إِنَّهَا لَإِحْدَى ٱلْكُبَرِ",
      "english": "Indeed, the Fire is of the greatest [afflictions]",
      "hausa": "Ita (wutar) ɗayan manyan masĩfũ? ce."
    },
    {
      "ayah": 36,
      "arabic": "نَذِيرًا لِّلْبَشَرِ",
      "english": "As a warning to humanity -",
      "hausa": "Mai gargaɗĩ ce ga mutum."
    },
    {
      "ayah": 37,
      "arabic": "لِمَن شَآءَ مِنكُمْ أَن يَتَقَدَّمَ أَوْ يَتَأَخَّرَ",
      "english": "To whoever wills among you to proceed or stay behind.",
      "hausa": "Ga wanda ya so, daga cikinku, ya gabãta ko ya jinkirta."
    },
    {
      "ayah": 38,
      "arabic": "كُلُّ نَفْسٍۭ بِمَا كَسَبَتْ رَهِينَةٌ",
      "english": "Every soul, for what it has earned, will be retained",
      "hausa": "Kõwane rai ga abin da ya aikata jingina ce."
    },
    {
      "ayah": 39,
      "arabic": "إِلَّآ أَصْحَـٰبَ ٱلْيَمِينِ",
      "english": "Except the companions of the right,",
      "hausa": "Fãce mutãnen dãma."
    },
    {
      "ayah": 40,
      "arabic": "فِى جَنَّـٰتٍ يَتَسَآءَلُونَ",
      "english": "[Who will be] in gardens, questioning each other",
      "hausa": "A cikin Aljanna suna tambayar jũna."
    },
    {
      "ayah": 41,
      "arabic": "عَنِ ٱلْمُجْرِمِينَ",
      "english": "About the criminals,",
      "hausa": "Game da mãsu laifi."
    },
    {
      "ayah": 42,
      "arabic": "مَا سَلَكَكُمْ فِى سَقَرَ",
      "english": "[And asking them], \"What put you into Saqar?\"",
      "hausa": "(Su ce musu) \"Me ya shigar da ku a cikin Saƙar?\""
    },
    {
      "ayah": 43,
      "arabic": "قَالُوا۟ لَمْ نَكُ مِنَ ٱلْمُصَلِّينَ",
      "english": "They will say, \"We were not of those who prayed,",
      "hausa": "Suka ce: \"Ba mu kasance munã a cikin mãsu salla ba.\""
    },
    {
      "ayah": 44,
      "arabic": "وَلَمْ نَكُ نُطْعِمُ ٱلْمِسْكِينَ",
      "english": "Nor did we used to feed the poor.",
      "hausa": "\"Kuma ba mu kasance muna ciyar da matalautã ba.\""
    },
    {
      "ayah": 45,
      "arabic": "وَكُنَّا نَخُوضُ مَعَ ٱلْخَآئِضِينَ",
      "english": "And we used to enter into vain discourse with those who engaged [in it],",
      "hausa": "\"Kuma mun kasance muna kũtsãwa tãre da mãsu kũtsãwa.\""
    },
    {
      "ayah": 46,
      "arabic": "وَكُنَّا نُكَذِّبُ بِيَوْمِ ٱلدِّينِ",
      "english": "And we used to deny the Day of Recompense",
      "hausa": "\"Mun kasance munã ƙaryata rãnar sãkamako.\""
    },
    {
      "ayah": 47,
      "arabic": "حَتَّىٰٓ أَتَىٰنَا ٱلْيَقِينُ",
      "english": "Until there came to us the certainty.\"",
      "hausa": "\"Har gaskiya (wãto mutuwa) ta zo mana.\""
    },
    {
      "ayah": 48,
      "arabic": "فَمَا تَنفَعُهُمْ شَفَـٰعَةُ ٱلشَّـٰفِعِينَ",
      "english": "So there will not benefit them the intercession of [any] intercessors.",
      "hausa": "Sabõda haka cẽton mãsu cẽto bã zai amfãne su ba."
    },
    {
      "ayah": 49,
      "arabic": "فَمَا لَهُمْ عَنِ ٱلتَّذْكِرَةِ مُعْرِضِينَ",
      "english": "Then what is [the matter] with them that they are, from the reminder, turning away",
      "hausa": "Haba! Me ya same su, suka zama mãsu bijirewa daga wa'azin gaskiya."
    },
    {
      "ayah": 50,
      "arabic": "كَأَنَّهُمْ حُمُرٌ مُّسْتَنفِرَةٌ",
      "english": "As if they were alarmed donkeys",
      "hausa": "Kamar dai sũ, jãkuna firgitattu ne."
    },
    {
      "ayah": 51,
      "arabic": "فَرَّتْ مِن قَسْوَرَةٍۭ",
      "english": "Fleeing from a lion?",
      "hausa": "Sun gudu daga zãki."
    },
    {
      "ayah": 52,
      "arabic": "بَلْ يُرِيدُ كُلُّ ٱمْرِئٍ مِّنْهُمْ أَن يُؤْتَىٰ صُحُفًا مُّنَشَّرَةً",
      "english": "Rather, every person among them desires that he would be given scriptures spread about.",
      "hausa": "A'aha! Kõwãne mutum daga cikinsu yanã son a zo masa da takardu (da sũnansa) ana wãtsãwa"
    },
    {
      "ayah": 53,
      "arabic": "كَلَّا ۖ بَل لَّا يَخَافُونَ ٱلْـَٔاخِرَةَ",
      "english": "No! But they do not fear the Hereafter.",
      "hausa": "A'aha! Kai dai, bã su jin tsõron Lãhira."
    },
    {
      "ayah": 54,
      "arabic": "كَلَّآ إِنَّهُۥ تَذْكِرَةٌ",
      "english": "No! Indeed, the Qur'an is a reminder",
      "hausa": "A'aha! Lalle ne, shi (Alƙur'ãni) tunãtarwa ce."
    },
    {
      "ayah": 55,
      "arabic": "فَمَن شَآءَ ذَكَرَهُۥ",
      "english": "Then whoever wills will remember it.",
      "hausa": "Dõmin wanda ya so, ya tuna."
    },
    {
      "ayah": 56,
      "arabic": "وَمَا يَذْكُرُونَ إِلَّآ أَن يَشَآءَ ٱللَّهُ ۚ هُوَ أَهْلُ ٱلتَّقْوَىٰ وَأَهْلُ ٱلْمَغْفِرَةِ",
      "english": "And they will not remember except that Allah wills. He is worthy of fear and adequate for [granting] forgiveness.",
      "hausa": "Kuma bã zã su tuna ba fãce idan Allah Ya so, Shi ne Ya cancanta a bi Shi da taƙawa kuma Ya cancanta ga Ya yi gãfara."
    }
  ]
}