{
  "surah": 48,
  "hasBasmallah": false,
  "basmallah": "",
  "verses": [
    {
      "ayah": 1,
      "arabic": "إِنَّا فَتَحْنَا لَكَ فَتْحًا مُّبِينًا",
      "english": "Indeed, We have given you, [O Muhammad], a clear conquest",
      "hausa": "Lalle Mũ, Mun yi maka rinjãye (a kan maƙiyanka), rinjaye bayyananne."
    },
    {
      "ayah": 2,
      "arabic": "لِّيَغْفِرَ لَكَ ٱللَّهُ مَا تَقَدَّمَ مِن ذَنۢبِكَ وَمَا تَأَخَّرَ وَيُتِمَّ نِعْمَتَهُۥ عَلَيْكَ وَيَهْدِيَكَ صِرَٰطًا مُّسْتَقِيمًا",
      "english": "That Allah may forgive for you what preceded of your sin and what will follow and complete His favor upon you and guide you to a straight path",
      "hausa": "Dõmin Allah Ya shãfe abin da ya gabãta na laifinka da abin da ya jinkirta, kuma Ya cika ni'imarSa a kanka, kuma Ya shiryar da kai ga hanya madaidaiciya."
    },
    {
      "ayah": 3,
      "arabic": "وَيَنصُرَكَ ٱللَّهُ نَصْرًا عَزِيزًا",
      "english": "And [that] Allah may aid you with a mighty victory.",
      "hausa": "Kuma Allah Ya taimake ka, taimako mabuwãyi."
    },
    {
      "ayah": 4,
      "arabic": "هُوَ ٱلَّذِىٓ أَنزَلَ ٱلسَّكِينَةَ فِى قُلُوبِ ٱلْمُؤْمِنِينَ لِيَزْدَادُوٓا۟ إِيمَـٰنًا مَّعَ إِيمَـٰنِهِمْ ۗ وَلِلَّهِ جُنُودُ ٱلسَّمَـٰوَٰتِ وَٱلْأَرْضِ ۚ وَكَانَ ٱللَّهُ عَلِيمًا حَكِيمًا",
      "english": "It is He who sent down tranquillity into the hearts of the believers that they would increase in faith along with their [present] faith. And to Allah belong the soldiers of the heavens and the earth, and ever is Allah Knowing and Wise.",
      "hausa": "Shĩ ne wanda Ya saukar da natsuwa a cikin zukãtan mũminai dõmin su ƙãra wani ĩmãni tãre da imãninsu, alhãli kuwa rundunõnin sammai da ƙasa, na Allah kawai ne, kuma Allah Ya kasance Masani, Mai hikima."
    },
    {
      "ayah": 5,
      "arabic": "لِّيُدْخِلَ ٱلْمُؤْمِنِينَ وَٱلْمُؤْمِنَـٰتِ جَنَّـٰتٍ تَجْرِى مِن تَحْتِهَا ٱلْأَنْهَـٰرُ خَـٰلِدِينَ فِيهَا وَيُكَفِّرَ عَنْهُمْ سَيِّـَٔاتِهِمْ ۚ وَكَانَ ذَٰلِكَ عِندَ ٱللَّهِ فَوْزًا عَظِيمًا",
      "english": "[And] that He may admit the believing men and the believing women to gardens beneath which rivers flow to abide therein eternally and remove from them their misdeeds - and ever is that, in the sight of Allah, a great attainment -",
      "hausa": "Dõmin Ya shigar da mũminai maza da mũminai mãtã gidãjen Aljanna, kõgunan ruwa na gudãna daga ƙarƙashin gidãjen, sunã madawwama a cikinsu kuma Ya kankare musu mũnãnan ayyukansu. wannan abu ya kasance a wurin Allah babban rabo, mai gimia."
    },
    {
      "ayah": 6,
      "arabic": "وَيُعَذِّبَ ٱلْمُنَـٰفِقِينَ وَٱلْمُنَـٰفِقَـٰتِ وَٱلْمُشْرِكِينَ وَٱلْمُشْرِكَـٰتِ ٱلظَّآنِّينَ بِٱللَّهِ ظَنَّ ٱلسَّوْءِ ۚ عَلَيْهِمْ دَآئِرَةُ ٱلسَّوْءِ ۖ وَغَضِبَ ٱللَّهُ عَلَيْهِمْ وَلَعَنَهُمْ وَأَعَدَّ لَهُمْ جَهَنَّمَ ۖ وَسَآءَتْ مَصِيرًا",
      "english": "And [that] He may punish the hypocrite men and hypocrite women, and the polytheist men and polytheist women - those who assume about Allah an assumption of evil nature. Upon them is a misfortune of evil nature; and Allah has become angry with them and has cursed them and prepared for them Hell, and evil it is as a destination.",
      "hausa": "Kuma Ya yi azãba ga munãfikai maza da munãfikai mãtã da mushirikai maza da musbirikai mãtã, mãsu zaton mugun zato game da Allah, mugunyar masĩfa mai kẽwayẽwa ta tabbata a kansu, kuma Allah Ya yi hushi da su, kuma Ya la'ane su, kuma Ya yi musu tattlain Jahannama kuma ta mũnana ta zama makõma (gare su)."
    },
    {
      "ayah": 7,
      "arabic": "وَلِلَّهِ جُنُودُ ٱلسَّمَـٰوَٰتِ وَٱلْأَرْضِ ۚ وَكَانَ ٱللَّهُ عَزِيزًا حَكِيمًا",
      "english": "And to Allah belong the soldiers of the heavens and the earth. And ever is Allah Exalted in Might and Wise.",
      "hausa": "Rundunõnin sammai da ƙasã na Allah kawai ne, kuma Allah Ya kasance Mabuwãyi, Mai hikima."
    },
    {
      "ayah": 8,
      "arabic": "إِنَّآ أَرْسَلْنَـٰكَ شَـٰهِدًا وَمُبَشِّرًا وَنَذِيرًا",
      "english": "Indeed, We have sent you as a witness and a bringer of good tidings and a warner",
      "hausa": "Lalle Mũ Mun aike ka, kanã mai shaida, kuma mai bãyar da bushãra kuma mai gargaɗi."
    },
    {
      "ayah": 9,
      "arabic": "لِّتُؤْمِنُوا۟ بِٱللَّهِ وَرَسُولِهِۦ وَتُعَزِّرُوهُ وَتُوَقِّرُوهُ وَتُسَبِّحُوهُ بُكْرَةً وَأَصِيلًا",
      "english": "That you [people] may believe in Allah and His Messenger and honor him and respect the Prophet and exalt Allah morning and afternoon.",
      "hausa": "Dõmin ku yi ĩmani da Allah da ManzonSa, kuma ku ƙarfafa shi, kuma ku girmama Shi, kuma ku tsarkake Shi (Allah) sãfiya da maraice."
    },
    {
      "ayah": 10,
      "arabic": "إِنَّ ٱلَّذِينَ يُبَايِعُونَكَ إِنَّمَا يُبَايِعُونَ ٱللَّهَ يَدُ ٱللَّهِ فَوْقَ أَيْدِيهِمْ ۚ فَمَن نَّكَثَ فَإِنَّمَا يَنكُثُ عَلَىٰ نَفْسِهِۦ ۖ وَمَنْ أَوْفَىٰ بِمَا عَـٰهَدَ عَلَيْهُ ٱللَّهَ فَسَيُؤْتِيهِ أَجْرًا عَظِيمًا",
      "english": "Indeed, those who pledge allegiance to you, [O Muhammad] - they are actually pledging allegiance to Allah. The hand of Allah is over their hands. So he who breaks his word only breaks it to the detriment of himself. And he who fulfills that which he has promised Allah - He will give him a great reward.",
      "hausa": "Lalle waɗanda ke yi maka mubãya'a, Allah kawai ne suke yi wa mubãya'a, Hannun Allah nã bisa hannayensu, sabõda haka wanda ya warware, to, yanã warwarẽwa ne a kan kansa kawai, kuma wanda ya cika ga alkawarin da ya yi wa Allah a kansa, to, (Allah) zai kãwo masa ijãra mai girma."
    },
    {
      "ayah": 11,
      "arabic": "سَيَقُولُ لَكَ ٱلْمُخَلَّفُونَ مِنَ ٱلْأَعْرَابِ شَغَلَتْنَآ أَمْوَٰلُنَا وَأَهْلُونَا فَٱسْتَغْفِرْ لَنَا ۚ يَقُولُونَ بِأَلْسِنَتِهِم مَّا لَيْسَ فِى قُلُوبِهِمْ ۚ قُلْ فَمَن يَمْلِكُ لَكُم مِّنَ ٱللَّهِ شَيْـًٔا إِنْ أَرَادَ بِكُمْ ضَرًّا أَوْ أَرَادَ بِكُمْ نَفْعًۢا ۚ بَلْ كَانَ ٱللَّهُ بِمَا تَعْمَلُونَ خَبِيرًۢا",
      "english": "Those who remained behind of the bedouins will say to you, \"Our properties and our families occupied us, so ask forgiveness for us.\" They say with their tongues what is not within their hearts. Say, \"Then who could prevent Allah at all if He intended for you harm or intended for you benefit? Rather, ever is Allah, with what you do, Acquainted.",
      "hausa": "Waɗanda aka bari daga ƙauyãwa zã su ce maka, \"Dũkiyõyinmu da iyãlanmu sun shagaltar da mu, sai ka nẽma mana gãfara.\" Sunã faɗã, da harsunansu, abin da bã shĩ ne a cikin zukãtansu ba. Kace: \"To, wãne ne ke mallakar wani abu daga Allah sabõda kũ, idan Yã yi nufin wata cũta agare ku kõ kuma (idan) Ya yi nufin wani amfãni a gare ku? Ã'a, Allah Ya kasance Mai labartawa ne ga abin da kuke aikatãwa.\""
    },
    {
      "ayah": 12,
      "arabic": "بَلْ ظَنَنتُمْ أَن لَّن يَنقَلِبَ ٱلرَّسُولُ وَٱلْمُؤْمِنُونَ إِلَىٰٓ أَهْلِيهِمْ أَبَدًا وَزُيِّنَ ذَٰلِكَ فِى قُلُوبِكُمْ وَظَنَنتُمْ ظَنَّ ٱلسَّوْءِ وَكُنتُمْ قَوْمًۢا بُورًا",
      "english": "But you thought that the Messenger and the believers would never return to their families, ever, and that was made pleasing in your hearts. And you assumed an assumption of evil and became a people ruined.\"",
      "hausa": "Ã'a kun yi zaton Annabi da mũminai, bã za su kõmo zuwa ga iyãlansu ba, har abada. Kuma an ƙawãta wannan (tunãni) a cikin zukãtanku, kuma kun yi zato, zaton mugunta, kuma kun kasance mutãne halakakku."
    },
    {
      "ayah": 13,
      "arabic": "وَمَن لَّمْ يُؤْمِنۢ بِٱللَّهِ وَرَسُولِهِۦ فَإِنَّآ أَعْتَدْنَا لِلْكَـٰفِرِينَ سَعِيرًا",
      "english": "And whoever has not believed in Allah and His Messenger - then indeed, We have prepared for the disbelievers a Blaze.",
      "hausa": "Kuma wanda bai yi ĩmãni da Allah da kuma Manzonsa ba, to, lalle Mũ, Mun yi tattalin wutã mai tsananin ƙũna, dõmin kafirai."
    },
    {
      "ayah": 14,
      "arabic": "وَلِلَّهِ مُلْكُ ٱلسَّمَـٰوَٰتِ وَٱلْأَرْضِ ۚ يَغْفِرُ لِمَن يَشَآءُ وَيُعَذِّبُ مَن يَشَآءُ ۚ وَكَانَ ٱللَّهُ غَفُورًا رَّحِيمًا",
      "english": "And to Allah belongs the dominion of the heavens and the earth. He forgives whom He wills and punishes whom He wills. And ever is Allah Forgiving and Merciful.",
      "hausa": "Mulkin sammai da ƙasã na Allah kawai ne, Yanã gãfartawa ga wanda Yake so, kuma Yanã azabta wanda Yake so alhãli kuwa Allah Ya kasance Mai gãfara ne, Mai jin ƙai."
    },
    {
      "ayah": 15,
      "arabic": "سَيَقُولُ ٱلْمُخَلَّفُونَ إِذَا ٱنطَلَقْتُمْ إِلَىٰ مَغَانِمَ لِتَأْخُذُوهَا ذَرُونَا نَتَّبِعْكُمْ ۖ يُرِيدُونَ أَن يُبَدِّلُوا۟ كَلَـٰمَ ٱللَّهِ ۚ قُل لَّن تَتَّبِعُونَا كَذَٰلِكُمْ قَالَ ٱللَّهُ مِن قَبْلُ ۖ فَسَيَقُولُونَ بَلْ تَحْسُدُونَنَا ۚ بَلْ كَانُوا۟ لَا يَفْقَهُونَ إِلَّا قَلِيلًا",
      "english": "Those who remained behind will say when you set out toward the war booty to take it, \"Let us follow you.\" They wish to change the words of Allah. Say, \"Never will you follow us. Thus did Allah say before.\" So they will say, \"Rather, you envy us.\" But [in fact] they were not understanding except a little.",
      "hausa": "Waɗanda aka bari zã su ce idan kun tafi zuwa ga waɗansu ganĩmõmi dõmin ku karɓo su, \"Ku bar mu, mu bĩ ku.\" Sunã son su musanya maganar Allah ne. Ka ce: \"Bã zã ku bĩ mu ba. Kamar wannan ne Allah Ya ce, a gabãnin haka.\" Sa'an nan zã su ce: \"Ã'a, kunã dai hãssadar mu ne.\" Ã'a, sun kasance bã su fahimtar (abũbuwa) sai kaɗan."
    },
    {
      "ayah": 16,
      "arabic": "قُل لِّلْمُخَلَّفِينَ مِنَ ٱلْأَعْرَابِ سَتُدْعَوْنَ إِلَىٰ قَوْمٍ أُو۟لِى بَأْسٍ شَدِيدٍ تُقَـٰتِلُونَهُمْ أَوْ يُسْلِمُونَ ۖ فَإِن تُطِيعُوا۟ يُؤْتِكُمُ ٱللَّهُ أَجْرًا حَسَنًا ۖ وَإِن تَتَوَلَّوْا۟ كَمَا تَوَلَّيْتُم مِّن قَبْلُ يُعَذِّبْكُمْ عَذَابًا أَلِيمًا",
      "english": "Say to those who remained behind of the bedouins, \"You will be called to [face] a people of great military might; you may fight them, or they will submit. So if you obey, Allah will give you a good reward; but if you turn away as you turned away before, He will punish you with a painful punishment.\"",
      "hausa": "Ka ce wa waɗanda aka bari daga ƙauyãwa: \"Za a kira ku zuwa ga waɗansu mutãne mãsu tsananin yãƙi (dõmin) ku yãƙe su kõ kuwa su musulunta. To, idan kun yi ɗã'a, Allah zai kãwo muku wata ijãra mai kyau, kuma idan kuka jũya bãya kamar yadda kuka jũya a gabãnin wancan, zai azãbtã ku, azãba mai raɗadi.\""
    },
    {
      "ayah": 17,
      "arabic": "لَّيْسَ عَلَى ٱلْأَعْمَىٰ حَرَجٌ وَلَا عَلَى ٱلْأَعْرَجِ حَرَجٌ وَلَا عَلَى ٱلْمَرِيضِ حَرَجٌ ۗ وَمَن يُطِعِ ٱللَّهَ وَرَسُولَهُۥ يُدْخِلْهُ جَنَّـٰتٍ تَجْرِى مِن تَحْتِهَا ٱلْأَنْهَـٰرُ ۖ وَمَن يَتَوَلَّ يُعَذِّبْهُ عَذَابًا أَلِيمًا",
      "english": "There is not upon the blind any guilt or upon the lame any guilt or upon the ill any guilt [for remaining behind]. And whoever obeys Allah and His Messenger - He will admit him to gardens beneath which rivers flow; but whoever turns away - He will punish him with a painful punishment.",
      "hausa": "Bãbu laifi a kan makãho, kuma bãbu laifi a kan gurgu, kuma bãbu laifi a kan majiyyaci. Kuma wanda ya yi ɗã'a ga Allah da ManzonSa, (Allah) zai shigar da shi a gidãjen Aljanna, kõguna na gudãna daga ƙarƙashinsu. Kuma wanda ya jũya bãya, (Allah) zai azabtãshi, azãba mai raɗãɗi."
    },
    {
      "ayah": 18,
      "arabic": "لَّقَدْ رَضِىَ ٱللَّهُ عَنِ ٱلْمُؤْمِنِينَ إِذْ يُبَايِعُونَكَ تَحْتَ ٱلشَّجَرَةِ فَعَلِمَ مَا فِى قُلُوبِهِمْ فَأَنزَلَ ٱلسَّكِينَةَ عَلَيْهِمْ وَأَثَـٰبَهُمْ فَتْحًا قَرِيبًا",
      "english": "Certainly was Allah pleased with the believers when they pledged allegiance to you, [O Muhammad], under the tree, and He knew what was in their hearts, so He sent down tranquillity upon them and rewarded them with an imminent conquest",
      "hausa": "Lalle ne haƙĩƙa, Allah Ya yarda da muminai a lõkacin da suke yi maka mubãya, a a ƙarƙashin itãciyar nan dõmin Yã san abin da ke cikin zukãtansu sai Yã saukar da natsuwa a kansu, kuma Ya sãka musu da wani cin nasara makusanci."
    },
    {
      "ayah": 19,
      "arabic": "وَمَغَانِمَ كَثِيرَةً يَأْخُذُونَهَا ۗ وَكَانَ ٱللَّهُ عَزِيزًا حَكِيمًا",
      "english": "And much war booty which they will take. And ever is Allah Exalted in Might and Wise.",
      "hausa": "Da waɗansu ganĩmõmi mãsu yawa da zã su karɓo su. Kuma Allah Yã kasance Mabuwayi, Mai hikima."
    },
    {
      "ayah": 20,
      "arabic": "وَعَدَكُمُ ٱللَّهُ مَغَانِمَ كَثِيرَةً تَأْخُذُونَهَا فَعَجَّلَ لَكُمْ هَـٰذِهِۦ وَكَفَّ أَيْدِىَ ٱلنَّاسِ عَنكُمْ وَلِتَكُونَ ءَايَةً لِّلْمُؤْمِنِينَ وَيَهْدِيَكُمْ صِرَٰطًا مُّسْتَقِيمًا",
      "english": "Allah has promised you much booty that you will take [in the future] and has hastened for you this [victory] and withheld the hands of people from you - that it may be a sign for the believers and [that] He may guide you to a straight path.",
      "hausa": "Kuma Allah Yã yi muku wa'adin waɗansu ganĩmõmi mãsu yawa, waɗanda zã ku karɓo su, kuma Ya gaggauta muku wannan. Kuma Ya kange hannãyen mutãne daga gare ku, kuma dõmin ta kasance wata ãyã ce ga mũminai, kuma Yã shiryar da ku ga hanya madaidaiciya."
    },
    {
      "ayah": 21,
      "arabic": "وَأُخْرَىٰ لَمْ تَقْدِرُوا۟ عَلَيْهَا قَدْ أَحَاطَ ٱللَّهُ بِهَا ۚ وَكَانَ ٱللَّهُ عَلَىٰ كُلِّ شَىْءٍ قَدِيرًا",
      "english": "And [He promises] other [victories] that you were [so far] unable to [realize] which Allah has already encompassed. And ever is Allah, over all things, competent.",
      "hausa": "Da waɗansu (ganĩmõmin) da bã ku da ĩko a kansu lalle Allah Ya kẽwaye su da saninSa, kuma Allah Ya kasance Mai ikon yi ne a kan dukan kõme."
    },
    {
      "ayah": 22,
      "arabic": "وَلَوْ قَـٰتَلَكُمُ ٱلَّذِينَ كَفَرُوا۟ لَوَلَّوُا۟ ٱلْأَدْبَـٰرَ ثُمَّ لَا يَجِدُونَ وَلِيًّا وَلَا نَصِيرًا",
      "english": "And if those [Makkans] who disbelieve had fought you, they would have turned their backs [in flight]. Then they would not find a protector or a helper.",
      "hausa": "Kuma dã waɗanda suka kãfirta sun yãke ku, dã sun jũyar da ɗuwaiwai (dõmin gudu) sa'an nan bã zã su sãmi majiɓinci ba, kuma bã zã su sãmi mataimaki ba."
    },
    {
      "ayah": 23,
      "arabic": "سُنَّةَ ٱللَّهِ ٱلَّتِى قَدْ خَلَتْ مِن قَبْلُ ۖ وَلَن تَجِدَ لِسُنَّةِ ٱللَّهِ تَبْدِيلًا",
      "english": "[This is] the established way of Allah which has occurred before. And never will you find in the way of Allah any change.",
      "hausa": "Hanyar Allah wadda ta shũɗe daga gabãnin wannan, kuma bã zã ka sãmi musanya ba ga hanyar Allah (ta taimakon mũminai akan mai zãluntarsu)."
    },
    {
      "ayah": 24,
      "arabic": "وَهُوَ ٱلَّذِى كَفَّ أَيْدِيَهُمْ عَنكُمْ وَأَيْدِيَكُمْ عَنْهُم بِبَطْنِ مَكَّةَ مِنۢ بَعْدِ أَنْ أَظْفَرَكُمْ عَلَيْهِمْ ۚ وَكَانَ ٱللَّهُ بِمَا تَعْمَلُونَ بَصِيرًا",
      "english": "And it is He who withheld their hands from you and your hands from them within [the area of] Makkah after He caused you to overcome them. And ever is Allah of what you do, Seeing.",
      "hausa": "Kuma Shĩ ne Ya kange hannayensu daga gare ku, kuma da hannayenku daga gare su, a cikin Makka, bãyan Ya rinjãyar da ku a kansu. Kuma Allah Ya kasance Mai gani ga abin da kuke aikatãwa."
    },
    {
      "ayah": 25,
      "arabic": "هُمُ ٱلَّذِينَ كَفَرُوا۟ وَصَدُّوكُمْ عَنِ ٱلْمَسْجِدِ ٱلْحَرَامِ وَٱلْهَدْىَ مَعْكُوفًا أَن يَبْلُغَ مَحِلَّهُۥ ۚ وَلَوْلَا رِجَالٌ مُّؤْمِنُونَ وَنِسَآءٌ مُّؤْمِنَـٰتٌ لَّمْ تَعْلَمُوهُمْ أَن تَطَـُٔوهُمْ فَتُصِيبَكُم مِّنْهُم مَّعَرَّةٌۢ بِغَيْرِ عِلْمٍ ۖ لِّيُدْخِلَ ٱللَّهُ فِى رَحْمَتِهِۦ مَن يَشَآءُ ۚ لَوْ تَزَيَّلُوا۟ لَعَذَّبْنَا ٱلَّذِينَ كَفَرُوا۟ مِنْهُمْ عَذَابًا أَلِيمًا",
      "english": "They are the ones who disbelieved and obstructed you from al-Masjid al-Haram while the offering was prevented from reaching its place of sacrifice. And if not for believing men and believing women whom you did not know - that you might trample them and there would befall you because of them dishonor without [your] knowledge - [you would have been permitted to enter Makkah]. [This was so] that Allah might admit to His mercy whom He willed. If they had been apart [from them], We would have punished those who disbelieved among them with painful punishment",
      "hausa": "Sũ ne waɗanda suka kãfirta kuma suka kange ku daga Masallacin Harami, da hadaya tanã tsare (sun hana ta) ta isa ga wurinta. Kuma bã dõmin waɗansu maza mũminai da waɗansu mãtã mũminai ba ba ku sansu ba ku tãkã su har wani aibi ya sãme ku daga gare su, bã da sani ba, (dã Allah Yã yi muku iznin yãƙi), dõmin Allah Ya shigar da wanda Yake so a cikin rahamarSa. Da (mũminai) sun tsabbace dã Mun azabtar da waɗanda suka kãfirta daga gare su da azãba mai raɗiɗi."
    },
    {
      "ayah": 26,
      "arabic": "إِذْ جَعَلَ ٱلَّذِينَ كَفَرُوا۟ فِى قُلُوبِهِمُ ٱلْحَمِيَّةَ حَمِيَّةَ ٱلْجَـٰهِلِيَّةِ فَأَنزَلَ ٱللَّهُ سَكِينَتَهُۥ عَلَىٰ رَسُولِهِۦ وَعَلَى ٱلْمُؤْمِنِينَ وَأَلْزَمَهُمْ كَلِمَةَ ٱلتَّقْوَىٰ وَكَانُوٓا۟ أَحَقَّ بِهَا وَأَهْلَهَا ۚ وَكَانَ ٱللَّهُ بِكُلِّ شَىْءٍ عَلِيمًا",
      "english": "When those who disbelieved had put into their hearts chauvinism - the chauvinism of the time of ignorance. But Allah sent down His tranquillity upon His Messenger and upon the believers and imposed upon them the word of righteousness, and they were more deserving of it and worthy of it. And ever is Allah, of all things, Knowing.",
      "hausa": "A lõkacin da waɗanda suka kãfirta suka sanya hanãnar ƙabĩ lanci a cikin zukãtansu hanãnar ƙabĩlanci irin na Jãhiliyya sai Allah Ya saukar da natsuwarSa a kan ManzonSa, kuma da a kan mũminai kuma Ya lazimta musu kalmar taƙawa alhãli kuwa sun kasance mafi dãcẽwa da ita kuma ma'abutanta. Kuma Allah ya kasance Masani game da dukan kõme."
    },
    {
      "ayah": 27,
      "arabic": "لَّقَدْ صَدَقَ ٱللَّهُ رَسُولَهُ ٱلرُّءْيَا بِٱلْحَقِّ ۖ لَتَدْخُلُنَّ ٱلْمَسْجِدَ ٱلْحَرَامَ إِن شَآءَ ٱللَّهُ ءَامِنِينَ مُحَلِّقِينَ رُءُوسَكُمْ وَمُقَصِّرِينَ لَا تَخَافُونَ ۖ فَعَلِمَ مَا لَمْ تَعْلَمُوا۟ فَجَعَلَ مِن دُونِ ذَٰلِكَ فَتْحًا قَرِيبًا",
      "english": "Certainly has Allah showed to His Messenger the vision in truth. You will surely enter al-Masjid al-Haram, if Allah wills, in safety, with your heads shaved and [hair] shortened, not fearing [anyone]. He knew what you did not know and has arranged before that a conquest near [at hand].",
      "hausa": "Lalle ne haƙĩƙa Allah Ya gaskata wa ManzonSa mafarkinsa da gaskiya: Lalle zã ku shiga Masallacin Harami, in Allah Ya so, kunã mãsu natsuwa, mãsu aske kawunanku da mãsu suisuye, bã ku jin tsõro, dõmin (Allah) Ya san abin da ba ku sani ba, sa'an nan Ya sanya wani cin nasara makusanci a bãyan wannan."
    },
    {
      "ayah": 28,
      "arabic": "هُوَ ٱلَّذِىٓ أَرْسَلَ رَسُولَهُۥ بِٱلْهُدَىٰ وَدِينِ ٱلْحَقِّ لِيُظْهِرَهُۥ عَلَى ٱلدِّينِ كُلِّهِۦ ۚ وَكَفَىٰ بِٱللَّهِ شَهِيدًا",
      "english": "It is He who sent His Messenger with guidance and the religion of truth to manifest it over all religion. And sufficient is Allah as Witness.",
      "hausa": "Shĩ ne wanda Ya aiki ManzonSa da shiriya da addinin gaskiya dõmin Ya rinjãyar da shi a kan addinai dukansu. Kuma Allah Ya isa Ya zama Mai shaida."
    },
    {
      "ayah": 29,
      "arabic": "مُّحَمَّدٌ رَّسُولُ ٱللَّهِ ۚ وَٱلَّذِينَ مَعَهُۥٓ أَشِدَّآءُ عَلَى ٱلْكُفَّارِ رُحَمَآءُ بَيْنَهُمْ ۖ تَرَىٰهُمْ رُكَّعًا سُجَّدًا يَبْتَغُونَ فَضْلًا مِّنَ ٱللَّهِ وَرِضْوَٰنًا ۖ سِيمَاهُمْ فِى وُجُوهِهِم مِّنْ أَثَرِ ٱلسُّجُودِ ۚ ذَٰلِكَ مَثَلُهُمْ فِى ٱلتَّوْرَىٰةِ ۚ وَمَثَلُهُمْ فِى ٱلْإِنجِيلِ كَزَرْعٍ أَخْرَجَ شَطْـَٔهُۥ فَـَٔازَرَهُۥ فَٱسْتَغْلَظَ فَٱسْتَوَىٰ عَلَىٰ سُوقِهِۦ يُعْجِبُ ٱلزُّرَّاعَ لِيَغِيظَ بِهِمُ ٱلْكُفَّارَ ۗ وَعَدَ ٱللَّهُ ٱلَّذِينَ ءَامَنُوا۟ وَعَمِلُوا۟ ٱلصَّـٰلِحَـٰتِ مِنْهُم مَّغْفِرَةً وَأَجْرًا عَظِيمًۢا",
      "english": "Muhammad is the Messenger of Allah; and those with him are forceful against the disbelievers, merciful among themselves. You see them bowing and prostrating [in prayer], seeking bounty from Allah and [His] pleasure. Their mark is on their faces from the trace of prostration. That is their description in the Torah. And their description in the Gospel is as a plant which produces its offshoots and strengthens them so they grow firm and stand upon their stalks, delighting the sowers - so that Allah may enrage by them the disbelievers. Allah has promised those who believe and do righteous deeds among them forgiveness and a great reward.",
      "hausa": "Muhammadu Manron Allah ne. Kuma waɗannan da ke tãre da shi mãsu tsanani ne a kan kãfirai, mãsu rahama ne a tsakãninsu, kanã ganin su sunã mãsu rukũ'i mãsu sujada, sunã nẽman falala daga Ubangijinsu, da yardarSa. Alãmarsu tanã a cikin fuskõkinsu, daga kufan sujuda. Wannan shĩ ne siffarsu a cikin Attaura. Kuma siffarsu, a cikin Injĩla ita ce kamar tsiron shũka wanda ya fitar da rẽshensa, sa'an nan ya ƙarfafa shi, ya yi kauri, sa'an nan ya daidaita a kan ƙafãfunsa, yanã bãyar da sha'awa ga mãsu shũkar' dõmin (Allah) Ya fusãtar da kãfirai game da su. Kuma Allah Ya yi wa'adi ga waɗanda suka yi ĩmãni, kuma suka aikata ayyukan ƙwarai, daga cikinsu, da gãfara da ijãra mai girma."
    }
  ]
}