{
  "surah": 33,
  "hasBasmallah": false,
  "basmallah": "",
  "verses": [
    {
      "ayah": 1,
      "arabic": "يَـٰٓأَيُّهَا ٱلنَّبِىُّ ٱتَّقِ ٱللَّهَ وَلَا تُطِعِ ٱلْكَـٰفِرِينَ وَٱلْمُنَـٰفِقِينَ ۗ إِنَّ ٱللَّهَ كَانَ عَلِيمًا حَكِيمًا",
      "english": "O Prophet, fear Allah and do not obey the disbelievers and the hypocrites. Indeed, Allah is ever Knowing and Wise.",
      "hausa": "Yã kai Annabi! Ka bi Allah da taƙawa, kuma kada ka yi ɗã'ã ga kãfirai da munãfukai. Lalle, Allah Ya kasance Mai ilmi, Mai hikima."
    },
    {
      "ayah": 2,
      "arabic": "وَٱتَّبِعْ مَا يُوحَىٰٓ إِلَيْكَ مِن رَّبِّكَ ۚ إِنَّ ٱللَّهَ كَانَ بِمَا تَعْمَلُونَ خَبِيرًا",
      "english": "And follow that which is revealed to you from your Lord. Indeed Allah is ever, with what you do, Acquainted.",
      "hausa": "Kuma ka bi abin da aka yi wahayi da shi zuwa gare ka daga Ubangijinka. Lalle, Allah Ya kasance Mai labartawa ga abin da kuke aikatawa."
    },
    {
      "ayah": 3,
      "arabic": "وَتَوَكَّلْ عَلَى ٱللَّهِ ۚ وَكَفَىٰ بِٱللَّهِ وَكِيلًا",
      "english": "And rely upon Allah; and sufficient is Allah as Disposer of affairs.",
      "hausa": "Ka dõgara ga Allah. Kuma Allah Ya isa Ya zama wakĩli."
    },
    {
      "ayah": 4,
      "arabic": "مَّا جَعَلَ ٱللَّهُ لِرَجُلٍ مِّن قَلْبَيْنِ فِى جَوْفِهِۦ ۚ وَمَا جَعَلَ أَزْوَٰجَكُمُ ٱلَّـٰٓـِٔى تُظَـٰهِرُونَ مِنْهُنَّ أُمَّهَـٰتِكُمْ ۚ وَمَا جَعَلَ أَدْعِيَآءَكُمْ أَبْنَآءَكُمْ ۚ ذَٰلِكُمْ قَوْلُكُم بِأَفْوَٰهِكُمْ ۖ وَٱللَّهُ يَقُولُ ٱلْحَقَّ وَهُوَ يَهْدِى ٱلسَّبِيلَ",
      "english": "Allah has not made for a man two hearts in his interior. And He has not made your wives whom you declare unlawful your mothers. And he has not made your adopted sons your [true] sons. That is [merely] your saying by your mouths, but Allah says the truth, and He guides to the [right] way.",
      "hausa": "Allah bai sanya zũciya biyu ba ga wani namiji a cikinsa, kuma bai sanya mãtanku waɗanda kuke yin zihãri daga gare su, su zama uwãyenku ba, kuma bai sanya ɗiyan hankãkarku su zama ɗiyanku ba. wannan abu nãku, maganarku ce da bãkunanku alhãli kuwa Allah na faɗar gaskiya, kuma Shĩ ne ke shiryarwa ga hanyar ƙwarai."
    },
    {
      "ayah": 5,
      "arabic": "ٱدْعُوهُمْ لِـَٔابَآئِهِمْ هُوَ أَقْسَطُ عِندَ ٱللَّهِ ۚ فَإِن لَّمْ تَعْلَمُوٓا۟ ءَابَآءَهُمْ فَإِخْوَٰنُكُمْ فِى ٱلدِّينِ وَمَوَٰلِيكُمْ ۚ وَلَيْسَ عَلَيْكُمْ جُنَاحٌ فِيمَآ أَخْطَأْتُم بِهِۦ وَلَـٰكِن مَّا تَعَمَّدَتْ قُلُوبُكُمْ ۚ وَكَانَ ٱللَّهُ غَفُورًا رَّحِيمًا",
      "english": "Call them by [the names of] their fathers; it is more just in the sight of Allah. But if you do not know their fathers - then they are [still] your brothers in religion and those entrusted to you. And there is no blame upon you for that in which you have erred but [only for] what your hearts intended. And ever is Allah Forgiving and Merciful.",
      "hausa": "Ku kira su ga ubanninsu, shi ne mafi ãdalci a wurin Allah. To, idan ba ku san ubanninsu ba, to, 'yan'uwanku ga addini da dĩmajojinku. Kuma bãbu laifi a gare ku ga abin da kuka yi kuskure da shi, kuma amma (akwai laifi) ga abin da zukãtanku suka ganganta, kuma Allah Ya kasance Mai gãfara, Mai jin ƙai."
    },
    {
      "ayah": 6,
      "arabic": "ٱلنَّبِىُّ أَوْلَىٰ بِٱلْمُؤْمِنِينَ مِنْ أَنفُسِهِمْ ۖ وَأَزْوَٰجُهُۥٓ أُمَّهَـٰتُهُمْ ۗ وَأُو۟لُوا۟ ٱلْأَرْحَامِ بَعْضُهُمْ أَوْلَىٰ بِبَعْضٍ فِى كِتَـٰبِ ٱللَّهِ مِنَ ٱلْمُؤْمِنِينَ وَٱلْمُهَـٰجِرِينَ إِلَّآ أَن تَفْعَلُوٓا۟ إِلَىٰٓ أَوْلِيَآئِكُم مَّعْرُوفًا ۚ كَانَ ذَٰلِكَ فِى ٱلْكِتَـٰبِ مَسْطُورًا",
      "english": "The Prophet is more worthy of the believers than themselves, and his wives are [in the position of] their mothers. And those of [blood] relationship are more entitled [to inheritance] in the decree of Allah than the [other] believers and the emigrants, except that you may do to your close associates a kindness [through bequest]. That was in the Book inscribed.",
      "hausa": "Annabi ne mafi cancanta ga mũminai bisa ga su kansu, kuma mãtansa uwãyensu ne. Kuma ma'abuta zumunta waɗansunsu sun fi waɗansu a cikin Littãfin Allah bisa ga mũminai da Muhãjirai, fãce fa idan kun aikata wani alhẽri zuwa ga majiɓintanku. Wancan yã kasance a cikin Littafi, rubũtacce."
    },
    {
      "ayah": 7,
      "arabic": "وَإِذْ أَخَذْنَا مِنَ ٱلنَّبِيِّـۧنَ مِيثَـٰقَهُمْ وَمِنكَ وَمِن نُّوحٍ وَإِبْرَٰهِيمَ وَمُوسَىٰ وَعِيسَى ٱبْنِ مَرْيَمَ ۖ وَأَخَذْنَا مِنْهُم مِّيثَـٰقًا غَلِيظًا",
      "english": "And [mention, O Muhammad], when We took from the prophets their covenant and from you and from Noah and Abraham and Moses and Jesus, the son of Mary; and We took from them a solemn covenant.",
      "hausa": "Kuma a lõkacin da Muka riƙi alkawarin Annabawa daga gare su, kuma daga gare ka, kuma daga Nũhu da Ibrãhĩm da Mũsa da kuma Ĩsã ɗan Maryama, kuma Muka riƙi wani alkawari mai kauri daga gare su."
    },
    {
      "ayah": 8,
      "arabic": "لِّيَسْـَٔلَ ٱلصَّـٰدِقِينَ عَن صِدْقِهِمْ ۚ وَأَعَدَّ لِلْكَـٰفِرِينَ عَذَابًا أَلِيمًا",
      "english": "That He may question the truthful about their truth. And He has prepared for the disbelievers a painful punishment.",
      "hausa": "Dõmin Ya tambayi mãsu gaskiya a kan gaskiyarsu, kuma Yã yi tattalin wata azãba mai raɗaɗi ga kãfirai."
    },
    {
      "ayah": 9,
      "arabic": "يَـٰٓأَيُّهَا ٱلَّذِينَ ءَامَنُوا۟ ٱذْكُرُوا۟ نِعْمَةَ ٱللَّهِ عَلَيْكُمْ إِذْ جَآءَتْكُمْ جُنُودٌ فَأَرْسَلْنَا عَلَيْهِمْ رِيحًا وَجُنُودًا لَّمْ تَرَوْهَا ۚ وَكَانَ ٱللَّهُ بِمَا تَعْمَلُونَ بَصِيرًا",
      "english": "O you who have believed, remember the favor of Allah upon you when armies came to [attack] you and We sent upon them a wind and armies [of angels] you did not see. And ever is Allah, of what you do, Seeing.",
      "hausa": "Yã ku waɗanda suka yi ĩmãni! Ku tuna ni'imar Allah a kanku a lõkacin da waɗansu rundunõni suka zo muku, sai Muka aika wata iskã a kansu da waɗansu rundunõni waɗanda ba ku gani ba, Kuma Allah Yã kasance Mai gani ga abin da kuke aikatãwa."
    },
    {
      "ayah": 10,
      "arabic": "إِذْ جَآءُوكُم مِّن فَوْقِكُمْ وَمِنْ أَسْفَلَ مِنكُمْ وَإِذْ زَاغَتِ ٱلْأَبْصَـٰرُ وَبَلَغَتِ ٱلْقُلُوبُ ٱلْحَنَاجِرَ وَتَظُنُّونَ بِٱللَّهِ ٱلظُّنُونَا۠",
      "english": "[Remember] when they came at you from above you and from below you, and when eyes shifted [in fear], and hearts reached the throats and you assumed about Allah [various] assumptions.",
      "hausa": "A lõkacin da suka zo muku daga samanku da kuma ƙasa daga gare ku, kuma a lõkacin da gannai suka karkata kuma zukãta suka kai ga maƙõsai, kuma kuka yi zaton zace-zace, game da Allah."
    },
    {
      "ayah": 11,
      "arabic": "هُنَالِكَ ٱبْتُلِىَ ٱلْمُؤْمِنُونَ وَزُلْزِلُوا۟ زِلْزَالًا شَدِيدًا",
      "english": "There the believers were tested and shaken with a severe shaking.",
      "hausa": "A can aka jarrabi mũminai, kuma aka yi girgiza da su, girgiza mai tsanani."
    },
    {
      "ayah": 12,
      "arabic": "وَإِذْ يَقُولُ ٱلْمُنَـٰفِقُونَ وَٱلَّذِينَ فِى قُلُوبِهِم مَّرَضٌ مَّا وَعَدَنَا ٱللَّهُ وَرَسُولُهُۥٓ إِلَّا غُرُورًا",
      "english": "And [remember] when the hypocrites and those in whose hearts is disease said, \"Allah and His Messenger did not promise us except delusion,\"",
      "hausa": "Kuma a lõkacin da munafukai da waɗanda akwai cũta a cikin zukãtansu ke cẽwa, Allah da ManzonSa, \"Ba su yi mana wa'adin kõme ba, fãce rũɗi.\""
    },
    {
      "ayah": 13,
      "arabic": "وَإِذْ قَالَت طَّآئِفَةٌ مِّنْهُمْ يَـٰٓأَهْلَ يَثْرِبَ لَا مُقَامَ لَكُمْ فَٱرْجِعُوا۟ ۚ وَيَسْتَـْٔذِنُ فَرِيقٌ مِّنْهُمُ ٱلنَّبِىَّ يَقُولُونَ إِنَّ بُيُوتَنَا عَوْرَةٌ وَمَا هِىَ بِعَوْرَةٍ ۖ إِن يُرِيدُونَ إِلَّا فِرَارًا",
      "english": "And when a faction of them said, \"O people of Yathrib, there is no stability for you [here], so return [home].\" And a party of them asked permission of the Prophet, saying, \"Indeed, our houses are unprotected,\" while they were not exposed. They did not intend except to flee.",
      "hausa": "Kuma a lõkacin da wata ƙungiya daga gare su, ta ce, \"Ya mutãnen Yasriba! Bã ku da wani matsayi, sabõda haka ku kõma.\" Kuma wata ƙungiya daga gare su na nẽman izni ga Annabi sunãcẽwa, \"Lalle gidãjenmu kuranye suke,\" alhãli kuwa bã kuranye suke ba, bã su da nufin kome fãce gudu."
    },
    {
      "ayah": 14,
      "arabic": "وَلَوْ دُخِلَتْ عَلَيْهِم مِّنْ أَقْطَارِهَا ثُمَّ سُئِلُوا۟ ٱلْفِتْنَةَ لَـَٔاتَوْهَا وَمَا تَلَبَّثُوا۟ بِهَآ إِلَّا يَسِيرًا",
      "english": "And if they had been entered upon from all its [surrounding] regions and fitnah had been demanded of them, they would have done it and not hesitated over it except briefly.",
      "hausa": "Kuma dã an shige ta (Madĩna) a kansu, daga sasanninta, sa'an nan aka tambaye su fitina (kãfirci), lalle dã sun jẽ mata, kuma dã ba su zauna a cikinta (Madĩna) ba fãce kaɗan."
    },
    {
      "ayah": 15,
      "arabic": "وَلَقَدْ كَانُوا۟ عَـٰهَدُوا۟ ٱللَّهَ مِن قَبْلُ لَا يُوَلُّونَ ٱلْأَدْبَـٰرَ ۚ وَكَانَ عَهْدُ ٱللَّهِ مَسْـُٔولًا",
      "english": "And they had already promised Allah before not to turn their backs and flee. And ever is the promise to Allah [that about which one will be] questioned.",
      "hausa": "Kuma lalle haƙĩƙa, sun kasance sunã yi wa Allah alkawari, a gabãnin wannan; Bã zã su jũya dõmin gudu ba, kuma alkawarin Allah ya kasance abin tambaya."
    },
    {
      "ayah": 16,
      "arabic": "قُل لَّن يَنفَعَكُمُ ٱلْفِرَارُ إِن فَرَرْتُم مِّنَ ٱلْمَوْتِ أَوِ ٱلْقَتْلِ وَإِذًا لَّا تُمَتَّعُونَ إِلَّا قَلِيلًا",
      "english": "Say, [O Muhammad], \"Never will fleeing benefit you if you should flee from death or killing; and then [if you did], you would not be given enjoyment [of life] except for a little.\"",
      "hausa": "Ka ce: \"Gudun nan bã zai amfãne ku ba daga mutuwa ko kisa. Kuma har in kun gudu, bã zã a jĩshe ku dãɗĩ ba fãce kaɗan.\""
    },
    {
      "ayah": 17,
      "arabic": "قُلْ مَن ذَا ٱلَّذِى يَعْصِمُكُم مِّنَ ٱللَّهِ إِنْ أَرَادَ بِكُمْ سُوٓءًا أَوْ أَرَادَ بِكُمْ رَحْمَةً ۚ وَلَا يَجِدُونَ لَهُم مِّن دُونِ ٱللَّهِ وَلِيًّا وَلَا نَصِيرًا",
      "english": "Say, \"Who is it that can protect you from Allah if He intends for you an ill or intends for you a mercy?\" And they will not find for themselves besides Allah any protector or any helper.",
      "hausa": "Ka ce: \"Wãne ne wanda yake tsare ku daga Allah, idan Yã yi nufin wata cũta game da ku?\" Kuma bã zã su sãmar wa kansu wani majiɓinci ba, banda Allah, kuma bã zã su sãmar wa kansu wani mataimaki ba."
    },
    {
      "ayah": 18,
      "arabic": "قَدْ يَعْلَمُ ٱللَّهُ ٱلْمُعَوِّقِينَ مِنكُمْ وَٱلْقَآئِلِينَ لِإِخْوَٰنِهِمْ هَلُمَّ إِلَيْنَا ۖ وَلَا يَأْتُونَ ٱلْبَأْسَ إِلَّا قَلِيلًا",
      "english": "Already Allah knows the hinderers among you and those [hypocrites] who say to their brothers, \"Come to us,\" and do not go to battle, except for a few,",
      "hausa": "Lalle Allah Ya san mãsu hana mutãne fita daga cikinku, da mãsu cẽwa ga 'yan'uwansu,\"Ku zo nan a wurinmu.\" Kuma bã zã su shiga yãƙi ba fãce kaɗan."
    },
    {
      "ayah": 19,
      "arabic": "أَشِحَّةً عَلَيْكُمْ ۖ فَإِذَا جَآءَ ٱلْخَوْفُ رَأَيْتَهُمْ يَنظُرُونَ إِلَيْكَ تَدُورُ أَعْيُنُهُمْ كَٱلَّذِى يُغْشَىٰ عَلَيْهِ مِنَ ٱلْمَوْتِ ۖ فَإِذَا ذَهَبَ ٱلْخَوْفُ سَلَقُوكُم بِأَلْسِنَةٍ حِدَادٍ أَشِحَّةً عَلَى ٱلْخَيْرِ ۚ أُو۟لَـٰٓئِكَ لَمْ يُؤْمِنُوا۟ فَأَحْبَطَ ٱللَّهُ أَعْمَـٰلَهُمْ ۚ وَكَانَ ذَٰلِكَ عَلَى ٱللَّهِ يَسِيرًا",
      "english": "Indisposed toward you. And when fear comes, you see them looking at you, their eyes revolving like one being overcome by death. But when fear departs, they lash you with sharp tongues, indisposed toward [any] good. Those have not believed, so Allah has rendered their deeds worthless, and ever is that, for Allah, easy.",
      "hausa": "Suna mãsu rõwa gare ku, sa'an nan idan tsõro ya zo, sai ka gan su sunã kallo zuwa gare ka, idãnunsu sunã kẽwaya, kamar wanda ake rufe hankalinsa sabõda mutuwa. Sa'an nan idan tsõron ya tafi, sai su yi muku miyãgun maganganu da harussa mãsu kaifi, sunã mãsu rõwa a kan dũkiya. Waɗannan, ba su yi ĩmani ba, sabõda hakaAllah Ya ɓãta ayyukansu. Kuma wannan ya kasance mai sauƙi ga Allah."
    },
    {
      "ayah": 20,
      "arabic": "يَحْسَبُونَ ٱلْأَحْزَابَ لَمْ يَذْهَبُوا۟ ۖ وَإِن يَأْتِ ٱلْأَحْزَابُ يَوَدُّوا۟ لَوْ أَنَّهُم بَادُونَ فِى ٱلْأَعْرَابِ يَسْـَٔلُونَ عَنْ أَنۢبَآئِكُمْ ۖ وَلَوْ كَانُوا۟ فِيكُم مَّا قَـٰتَلُوٓا۟ إِلَّا قَلِيلًا",
      "english": "They think the companies have not [yet] withdrawn. And if the companies should come [again], they would wish they were in the desert among the bedouins, inquiring [from afar] about your news. And if they should be among you, they would not fight except for a little.",
      "hausa": "Sunã zaton ƙungiyõyin kãfirai ba su tafi ba. Kuma idan ƙungiyõyin kãfirai sun zo, sunã gũrin da dai sun zama a karkara a cikin ƙauyãwa, sunã tambayar lãbãranku. Kuma kõ dã sun kasance a cikinku, bã zã su yi yãƙi ba, fãce kaɗan."
    },
    {
      "ayah": 21,
      "arabic": "لَّقَدْ كَانَ لَكُمْ فِى رَسُولِ ٱللَّهِ أُسْوَةٌ حَسَنَةٌ لِّمَن كَانَ يَرْجُوا۟ ٱللَّهَ وَٱلْيَوْمَ ٱلْـَٔاخِرَ وَذَكَرَ ٱللَّهَ كَثِيرًا",
      "english": "There has certainly been for you in the Messenger of Allah an excellent pattern for anyone whose hope is in Allah and the Last Day and [who] remembers Allah often.",
      "hausa": "Lalle, abin kõyi mai kyau ya kasance gare ku daga Manzon Allah, ga wanda ya kasanee yanã fãtan rahamar Allah da Rãnar Lãhira, kuma ya ambaci Allah da yawa."
    },
    {
      "ayah": 22,
      "arabic": "وَلَمَّا رَءَا ٱلْمُؤْمِنُونَ ٱلْأَحْزَابَ قَالُوا۟ هَـٰذَا مَا وَعَدَنَا ٱللَّهُ وَرَسُولُهُۥ وَصَدَقَ ٱللَّهُ وَرَسُولُهُۥ ۚ وَمَا زَادَهُمْ إِلَّآ إِيمَـٰنًا وَتَسْلِيمًا",
      "english": "And when the believers saw the companies, they said, \"This is what Allah and His Messenger had promised us, and Allah and His Messenger spoke the truth.\" And it increased them only in faith and acceptance.",
      "hausa": "Kuma a lõkacin da mũminai suka ga ƙungiyõyin kãfirai, sai suka ce, \"Wannan ne abin da Allah da ManzonSa suka yi mana wa'adi, Allah da ManzonSa sunyi gaskiya.\" Kuma wannan bai ƙãra musu kõme ba fãce ĩmãni da sallamãwa."
    },
    {
      "ayah": 23,
      "arabic": "مِّنَ ٱلْمُؤْمِنِينَ رِجَالٌ صَدَقُوا۟ مَا عَـٰهَدُوا۟ ٱللَّهَ عَلَيْهِ ۖ فَمِنْهُم مَّن قَضَىٰ نَحْبَهُۥ وَمِنْهُم مَّن يَنتَظِرُ ۖ وَمَا بَدَّلُوا۟ تَبْدِيلًا",
      "english": "Among the believers are men true to what they promised Allah. Among them is he who has fulfilled his vow [to the death], and among them is he who awaits [his chance]. And they did not alter [the terms of their commitment] by any alteration -",
      "hausa": "Daga mũminai akwai waɗansu mazãje da suka gaskata abin da suka yi wa Allah alkwari a kansa, sa'an nan a cikinsu, akwai wanda ya biya bukãtarsa, kuma daga cikinsu akwai wanda ke jira. Kuma ba su musanya ba, musanyawa."
    },
    {
      "ayah": 24,
      "arabic": "لِّيَجْزِىَ ٱللَّهُ ٱلصَّـٰدِقِينَ بِصِدْقِهِمْ وَيُعَذِّبَ ٱلْمُنَـٰفِقِينَ إِن شَآءَ أَوْ يَتُوبَ عَلَيْهِمْ ۚ إِنَّ ٱللَّهَ كَانَ غَفُورًا رَّحِيمًا",
      "english": "That Allah may reward the truthful for their truth and punish the hypocrites if He wills or accept their repentance. Indeed, Allah is ever Forgiving and Merciful.",
      "hausa": "Dõmin Allah Ya sãka wa masu gaskiya da gakiyarsu, kuma Ya azabtar da munafukai idan Ya so, ko Ya karɓi tũba a kansu. Lalle, Allah Ya kasance Mai gãfara, Mai jin ƙai."
    },
    {
      "ayah": 25,
      "arabic": "وَرَدَّ ٱللَّهُ ٱلَّذِينَ كَفَرُوا۟ بِغَيْظِهِمْ لَمْ يَنَالُوا۟ خَيْرًا ۚ وَكَفَى ٱللَّهُ ٱلْمُؤْمِنِينَ ٱلْقِتَالَ ۚ وَكَانَ ٱللَّهُ قَوِيًّا عَزِيزًا",
      "english": "And Allah repelled those who disbelieved, in their rage, not having obtained any good. And sufficient was Allah for the believers in battle, and ever is Allah Powerful and Exalted in Might.",
      "hausa": "Kuma Allah Yã mayar da waɗanda suka kãfirta da fushinsu, ba su sãmi wani alhẽri ba. Allah Ya isar wa mũminai daga barin yãƙi. Kuma Allah Ya kasance Mai ƙarfi, Mabuwãyi."
    },
    {
      "ayah": 26,
      "arabic": "وَأَنزَلَ ٱلَّذِينَ ظَـٰهَرُوهُم مِّنْ أَهْلِ ٱلْكِتَـٰبِ مِن صَيَاصِيهِمْ وَقَذَفَ فِى قُلُوبِهِمُ ٱلرُّعْبَ فَرِيقًا تَقْتُلُونَ وَتَأْسِرُونَ فَرِيقًا",
      "english": "And He brought down those who supported them among the People of the Scripture from their fortresses and cast terror into their hearts [so that] a party you killed, and you took captive a party.",
      "hausa": "Kuma Ya saukar da waɗannan da suka taimake su daga mazõwa Littãfi, daga birãnensu, kuma Ya jẽfa tsõro a cikin zukatansu; wata ƙungiya kunã kashẽwa, kuma kunã kãma wata ƙungiyar."
    },
    {
      "ayah": 27,
      "arabic": "وَأَوْرَثَكُمْ أَرْضَهُمْ وَدِيَـٰرَهُمْ وَأَمْوَٰلَهُمْ وَأَرْضًا لَّمْ تَطَـُٔوهَا ۚ وَكَانَ ٱللَّهُ عَلَىٰ كُلِّ شَىْءٍ قَدِيرًا",
      "english": "And He caused you to inherit their land and their homes and their properties and a land which you have not trodden. And ever is Allah, over all things, competent.",
      "hausa": "Kuma Ya gãdar da ku gõnakinsu da gidãjensu da dũkiyõyinsu, da wata ƙasa wadda ba ku taɓa tãkarta bã. Kuma Allah ya kasance Mai ĩkon yi ne a kan kõme."
    },
    {
      "ayah": 28,
      "arabic": "يَـٰٓأَيُّهَا ٱلنَّبِىُّ قُل لِّأَزْوَٰجِكَ إِن كُنتُنَّ تُرِدْنَ ٱلْحَيَوٰةَ ٱلدُّنْيَا وَزِينَتَهَا فَتَعَالَيْنَ أُمَتِّعْكُنَّ وَأُسَرِّحْكُنَّ سَرَاحًا جَمِيلًا",
      "english": "O Prophet, say to your wives, \"If you should desire the worldly life and its adornment, then come, I will provide for you and give you a gracious release.",
      "hausa": "Yã kai Annabi! Ka ce wa matanka, \"Idan kun kasance kunã nufin rãyuwar dũniya da ƙawarta, to, ku zo in yi muku kyautar ban kwãna kuma in sake ku, saki mai kyau.\""
    },
    {
      "ayah": 29,
      "arabic": "وَإِن كُنتُنَّ تُرِدْنَ ٱللَّهَ وَرَسُولَهُۥ وَٱلدَّارَ ٱلْـَٔاخِرَةَ فَإِنَّ ٱللَّهَ أَعَدَّ لِلْمُحْسِنَـٰتِ مِنكُنَّ أَجْرًا عَظِيمًا",
      "english": "But if you should desire Allah and His Messenger and the home of the Hereafter - then indeed, Allah has prepared for the doers of good among you a great reward.\"",
      "hausa": "\"Kuma idan kun kasance kunã nufin Allah da Manzonsa da gidan Lãhria, to, lalle, Allah Yã yi tattalin wani sakamako mai girma ga mãsu kyautatãwa daga gare ku.\""
    },
    {
      "ayah": 30,
      "arabic": "يَـٰنِسَآءَ ٱلنَّبِىِّ مَن يَأْتِ مِنكُنَّ بِفَـٰحِشَةٍ مُّبَيِّنَةٍ يُضَـٰعَفْ لَهَا ٱلْعَذَابُ ضِعْفَيْنِ ۚ وَكَانَ ذَٰلِكَ عَلَى ٱللَّهِ يَسِيرًا",
      "english": "O wives of the Prophet, whoever of you should commit a clear immorality - for her the punishment would be doubled two fold, and ever is that, for Allah, easy.",
      "hausa": "Yã mãtan Annabi! Wadda ta zo da alfãsha bayyananna daga cikinku zã a ninka mata azãba ninki biyu. Kuma wancan yã kasance mai sauƙi ga Allah."
    },
    {
      "ayah": 31,
      "arabic": "وَمَن يَقْنُتْ مِنكُنَّ لِلَّهِ وَرَسُولِهِۦ وَتَعْمَلْ صَـٰلِحًا نُّؤْتِهَآ أَجْرَهَا مَرَّتَيْنِ وَأَعْتَدْنَا لَهَا رِزْقًا كَرِيمًا",
      "english": "And whoever of you devoutly obeys Allah and His Messenger and does righteousness - We will give her her reward twice; and We have prepared for her a noble provision.",
      "hausa": "Kuma wadda ta yi tawãli'u daga cikinku ga Allah da ManzonSa, kuma ta aikata aiki na ƙwarai, zã Mu bã ta sakamakonta ninki biyu, kuma Mun yi mata tattalin arziki ma karimci."
    },
    {
      "ayah": 32,
      "arabic": "يَـٰنِسَآءَ ٱلنَّبِىِّ لَسْتُنَّ كَأَحَدٍ مِّنَ ٱلنِّسَآءِ ۚ إِنِ ٱتَّقَيْتُنَّ فَلَا تَخْضَعْنَ بِٱلْقَوْلِ فَيَطْمَعَ ٱلَّذِى فِى قَلْبِهِۦ مَرَضٌ وَقُلْنَ قَوْلًا مَّعْرُوفًا",
      "english": "O wives of the Prophet, you are not like anyone among women. If you fear Allah, then do not be soft in speech [to men], lest he in whose heart is disease should covet, but speak with appropriate speech.",
      "hausa": "Yã mãtan Annabĩ! Ba ku zama kamar kõwa ba daga mãtã, idan kun yi taƙawa, sabõda haka, kada ku sassautar da magana, har wanda ke da cũta a cikin zuciyarsa ya yi ɗammani, kuma ku faɗi magana ta alheri."
    },
    {
      "ayah": 33,
      "arabic": "وَقَرْنَ فِى بُيُوتِكُنَّ وَلَا تَبَرَّجْنَ تَبَرُّجَ ٱلْجَـٰهِلِيَّةِ ٱلْأُولَىٰ ۖ وَأَقِمْنَ ٱلصَّلَوٰةَ وَءَاتِينَ ٱلزَّكَوٰةَ وَأَطِعْنَ ٱللَّهَ وَرَسُولَهُۥٓ ۚ إِنَّمَا يُرِيدُ ٱللَّهُ لِيُذْهِبَ عَنكُمُ ٱلرِّجْسَ أَهْلَ ٱلْبَيْتِ وَيُطَهِّرَكُمْ تَطْهِيرًا",
      "english": "And abide in your houses and do not display yourselves as [was] the display of the former times of ignorance. And establish prayer and give zakah and obey Allah and His Messenger. Allah intends only to remove from you the impurity [of sin], O people of the [Prophet's] household, and to purify you with [extensive] purification.",
      "hausa": "Kuma ku tabbata a cikin gidãjenku, kuma kada ku yi fitar gãye-gãye irin fitar gãye-gãye ta jãhiliyyar farko. Kuma ku tsaĩ da salla, kuma ku bãyar da zakka, ku yi ɗã, ã ga Allah da ManzonSa. Allah na nufin Ya tafiyar da ƙazamta kawai daga gare ku, yã mutãnen Babban Gida! Kuma Ya tsarkake ku, tsarkakẽwa."
    },
    {
      "ayah": 34,
      "arabic": "وَٱذْكُرْنَ مَا يُتْلَىٰ فِى بُيُوتِكُنَّ مِنْ ءَايَـٰتِ ٱللَّهِ وَٱلْحِكْمَةِ ۚ إِنَّ ٱللَّهَ كَانَ لَطِيفًا خَبِيرًا",
      "english": "And remember what is recited in your houses of the verses of Allah and wisdom. Indeed, Allah is ever Subtle and Acquainted [with all things].",
      "hausa": "Kuma ku tuna abin da ake karantawa a cikin ɗãkunanku daga ãyõyin Allah da hukunci. Lalle Allah Yã kasance Mai tausasãwa Mai labartawa."
    },
    {
      "ayah": 35,
      "arabic": "إِنَّ ٱلْمُسْلِمِينَ وَٱلْمُسْلِمَـٰتِ وَٱلْمُؤْمِنِينَ وَٱلْمُؤْمِنَـٰتِ وَٱلْقَـٰنِتِينَ وَٱلْقَـٰنِتَـٰتِ وَٱلصَّـٰدِقِينَ وَٱلصَّـٰدِقَـٰتِ وَٱلصَّـٰبِرِينَ وَٱلصَّـٰبِرَٰتِ وَٱلْخَـٰشِعِينَ وَٱلْخَـٰشِعَـٰتِ وَٱلْمُتَصَدِّقِينَ وَٱلْمُتَصَدِّقَـٰتِ وَٱلصَّـٰٓئِمِينَ وَٱلصَّـٰٓئِمَـٰتِ وَٱلْحَـٰفِظِينَ فُرُوجَهُمْ وَٱلْحَـٰفِظَـٰتِ وَٱلذَّٰكِرِينَ ٱللَّهَ كَثِيرًا وَٱلذَّٰكِرَٰتِ أَعَدَّ ٱللَّهُ لَهُم مَّغْفِرَةً وَأَجْرًا عَظِيمًا",
      "english": "Indeed, the Muslim men and Muslim women, the believing men and believing women, the obedient men and obedient women, the truthful men and truthful women, the patient men and patient women, the humble men and humble women, the charitable men and charitable women, the fasting men and fasting women, the men who guard their private parts and the women who do so, and the men who remember Allah often and the women who do so - for them Allah has prepared forgiveness and a great reward.",
      "hausa": "Lalle, Musulmi maza da Musulmi mãtã da muminai maza da muminai mãtã, da mãsu tawãli'u maza da mãsu tawãlĩu mãtãda mãsu gaskiya maza da mãsu gaskiya mãtã, da mãsu haƙuri maza da mãsu haƙuri mãtã, da mãsu tsõron Allah maza da mãsu tsõron Allah mãtã, da mãsu sadaka maza da mãsu sadaka mãtã, da mãsu azumi maza da mãsu azumi mãtã da mãsu tsare farjõjinsu maza da mãsu tsare farjõjinsu mãtã, da mãsu ambaton Allah da yawa maza da mãsu ambatonsa mãtã, Allah Ya yi musu tattalin wata gãfara da wani sakamako mai girma."
    },
    {
      "ayah": 36,
      "arabic": "وَمَا كَانَ لِمُؤْمِنٍ وَلَا مُؤْمِنَةٍ إِذَا قَضَى ٱللَّهُ وَرَسُولُهُۥٓ أَمْرًا أَن يَكُونَ لَهُمُ ٱلْخِيَرَةُ مِنْ أَمْرِهِمْ ۗ وَمَن يَعْصِ ٱللَّهَ وَرَسُولَهُۥ فَقَدْ ضَلَّ ضَلَـٰلًا مُّبِينًا",
      "english": "It is not for a believing man or a believing woman, when Allah and His Messenger have decided a matter, that they should [thereafter] have any choice about their affair. And whoever disobeys Allah and His Messenger has certainly strayed into clear error.",
      "hausa": "Kuma ba ya halatta ga mũmini kuma haka ga mũmina, a lõkacin da Allah da Manzonsa Ya hukunta wani umurni, wani zãɓi daga al'amarinsu ya kasance a gare su. Kuma wanda ya sãɓã wa Allah da ManzonSa, to, yã ɓace, ɓacẽwa bayyananna."
    },
    {
      "ayah": 37,
      "arabic": "وَإِذْ تَقُولُ لِلَّذِىٓ أَنْعَمَ ٱللَّهُ عَلَيْهِ وَأَنْعَمْتَ عَلَيْهِ أَمْسِكْ عَلَيْكَ زَوْجَكَ وَٱتَّقِ ٱللَّهَ وَتُخْفِى فِى نَفْسِكَ مَا ٱللَّهُ مُبْدِيهِ وَتَخْشَى ٱلنَّاسَ وَٱللَّهُ أَحَقُّ أَن تَخْشَىٰهُ ۖ فَلَمَّا قَضَىٰ زَيْدٌ مِّنْهَا وَطَرًا زَوَّجْنَـٰكَهَا لِكَىْ لَا يَكُونَ عَلَى ٱلْمُؤْمِنِينَ حَرَجٌ فِىٓ أَزْوَٰجِ أَدْعِيَآئِهِمْ إِذَا قَضَوْا۟ مِنْهُنَّ وَطَرًا ۚ وَكَانَ أَمْرُ ٱللَّهِ مَفْعُولًا",
      "english": "And [remember, O Muhammad], when you said to the one on whom Allah bestowed favor and you bestowed favor, \"Keep your wife and fear Allah,\" while you concealed within yourself that which Allah is to disclose. And you feared the people, while Allah has more right that you fear Him. So when Zayd had no longer any need for her, We married her to you in order that there not be upon the believers any discomfort concerning the wives of their adopted sons when they no longer have need of them. And ever is the command of Allah accomplished.",
      "hausa": "Kuma a lõkacin da kake cẽwa ga wanda Allah Ya yi ni'ima a gare shi kai kuma ka yi ni'ima a gare shi, \"Ka riƙe mãtarka, kuma ka bi Allah da taƙawa,\" kuma kana ɓõyẽwa a cikin ranka abin da Allah zai bayyana shi, kanã tsõron mutãne, alhãli kuwa Allah ne Mafi cancantar ka ji tsõronSa. to a lõkacin da zaidu ya ƙãre bukãtarsa daga gare ta, Mun aurar da kai ita, dõmin kada wani ƙunci ya kasance a kan mũminai a cikin (auren mãtan) ɗiyan hankãkarsu, idan sun ƙãre bukãta daga gare su. Kuma umurnin Allah yã kasance abin aikatãwa."
    },
    {
      "ayah": 38,
      "arabic": "مَّا كَانَ عَلَى ٱلنَّبِىِّ مِنْ حَرَجٍ فِيمَا فَرَضَ ٱللَّهُ لَهُۥ ۖ سُنَّةَ ٱللَّهِ فِى ٱلَّذِينَ خَلَوْا۟ مِن قَبْلُ ۚ وَكَانَ أَمْرُ ٱللَّهِ قَدَرًا مَّقْدُورًا",
      "english": "There is not to be upon the Prophet any discomfort concerning that which Allah has imposed upon him. [This is] the established way of Allah with those [prophets] who have passed on before. And ever is the command of Allah a destiny decreed.",
      "hausa": "Wani ƙunci bai kasance a kan Annabi ba ga abin da Allah Ya faralta a kansa, a kan ƙã'idar, Allah a cikin (Annabãwa) waɗanda suka shige daga gabãninsa. Kuma umurnin Allah yã kasance abin ƙaddarãwa tabbatacce."
    },
    {
      "ayah": 39,
      "arabic": "ٱلَّذِينَ يُبَلِّغُونَ رِسَـٰلَـٰتِ ٱللَّهِ وَيَخْشَوْنَهُۥ وَلَا يَخْشَوْنَ أَحَدًا إِلَّا ٱللَّهَ ۗ وَكَفَىٰ بِٱللَّهِ حَسِيبًا",
      "english": "[Allah praises] those who convey the messages of Allah and fear Him and do not fear anyone but Allah. And sufficient is Allah as Accountant.",
      "hausa": "Waɗanda ke iyar da Manzancin Allah, kuma sunã tsõronSa, kuma bã su tsõron kõwa fãce Allah, Kuma Allah Ya isa Ya zama Mai hisabi."
    },
    {
      "ayah": 40,
      "arabic": "مَّا كَانَ مُحَمَّدٌ أَبَآ أَحَدٍ مِّن رِّجَالِكُمْ وَلَـٰكِن رَّسُولَ ٱللَّهِ وَخَاتَمَ ٱلنَّبِيِّـۧنَ ۗ وَكَانَ ٱللَّهُ بِكُلِّ شَىْءٍ عَلِيمًا",
      "english": "Muhammad is not the father of [any] one of your men, but [he is] the Messenger of Allah and last of the prophets. And ever is Allah, of all things, Knowing.",
      "hausa": "Muhammadu bai kasance uban kõwa ba daga mazanku, kuma amma shĩ yã kasance Manzon Allah kuma cikon Annabãwa. Kuma Allah Ya kasance Masani ga kõme."
    },
    {
      "ayah": 41,
      "arabic": "يَـٰٓأَيُّهَا ٱلَّذِينَ ءَامَنُوا۟ ٱذْكُرُوا۟ ٱللَّهَ ذِكْرًا كَثِيرًا",
      "english": "O you who have believed, remember Allah with much remembrance",
      "hausa": "Ya ku waɗanda suka yi ĩmãni! Ku ambaci Allah, ambata mai yawa."
    },
    {
      "ayah": 42,
      "arabic": "وَسَبِّحُوهُ بُكْرَةً وَأَصِيلًا",
      "english": "And exalt Him morning and afternoon.",
      "hausa": "Kuma ku tsarkake shi, a sãfiya da maraice."
    },
    {
      "ayah": 43,
      "arabic": "هُوَ ٱلَّذِى يُصَلِّى عَلَيْكُمْ وَمَلَـٰٓئِكَتُهُۥ لِيُخْرِجَكُم مِّنَ ٱلظُّلُمَـٰتِ إِلَى ٱلنُّورِ ۚ وَكَانَ بِٱلْمُؤْمِنِينَ رَحِيمًا",
      "english": "It is He who confers blessing upon you, and His angels [ask Him to do so] that He may bring you out from darknesses into the light. And ever is He, to the believers, Merciful.",
      "hausa": "(Allah) Shĩ ne Wanda ke tsarkake ku, da mala'ikunSa (sunã yi muku addu'a), dõmin Ya fitar da ku daga duffai zuwa ga haske. Kuma (Allah) Yã kasance Mai Jĩn ƙai ga mũminai."
    },
    {
      "ayah": 44,
      "arabic": "تَحِيَّتُهُمْ يَوْمَ يَلْقَوْنَهُۥ سَلَـٰمٌ ۚ وَأَعَدَّ لَهُمْ أَجْرًا كَرِيمًا",
      "english": "Their greeting the Day they meet Him will be, \"Peace.\" And He has prepared for them a noble reward.",
      "hausa": "Gaisuwarsu a rãnar da suke haɗuwa da shi \"Salãm\", kuma Yã yi musu tattalin wani sakamako na karimci."
    },
    {
      "ayah": 45,
      "arabic": "يَـٰٓأَيُّهَا ٱلنَّبِىُّ إِنَّآ أَرْسَلْنَـٰكَ شَـٰهِدًا وَمُبَشِّرًا وَنَذِيرًا",
      "english": "O Prophet, indeed We have sent you as a witness and a bringer of good tidings and a warner.",
      "hausa": "Yã kai Annabi! Lalle Mũ Mun aike ka kanã mai shaida, kuma mai bãyar da bushãra kuma mai gargaɗi."
    },
    {
      "ayah": 46,
      "arabic": "وَدَاعِيًا إِلَى ٱللَّهِ بِإِذْنِهِۦ وَسِرَاجًا مُّنِيرًا",
      "english": "And one who invites to Allah, by His permission, and an illuminating lamp.",
      "hausa": "Kuma mai kira zuwa ga Allah da izninSa, kuma fitila mai haskakãwa."
    },
    {
      "ayah": 47,
      "arabic": "وَبَشِّرِ ٱلْمُؤْمِنِينَ بِأَنَّ لَهُم مِّنَ ٱللَّهِ فَضْلًا كَبِيرًا",
      "english": "And give good tidings to the believers that they will have from Allah great bounty.",
      "hausa": "Kuma ka yi bushãra ga mũminai cẽwa, sũnã da falalamai girma daga Allah."
    },
    {
      "ayah": 48,
      "arabic": "وَلَا تُطِعِ ٱلْكَـٰفِرِينَ وَٱلْمُنَـٰفِقِينَ وَدَعْ أَذَىٰهُمْ وَتَوَكَّلْ عَلَى ٱللَّهِ ۚ وَكَفَىٰ بِٱللَّهِ وَكِيلًا",
      "english": "And do not obey the disbelievers and the hypocrites but do not harm them, and rely upon Allah. And sufficient is Allah as Disposer of affairs.",
      "hausa": "Kuma kada ka yi ɗã'a ga kãfirai da munãfukai, kuma ka ƙyã1e cũtarsu (gare ka), kuma ka dõgara ga Allah. Allah Yã isa zama wakĩli."
    },
    {
      "ayah": 49,
      "arabic": "يَـٰٓأَيُّهَا ٱلَّذِينَ ءَامَنُوٓا۟ إِذَا نَكَحْتُمُ ٱلْمُؤْمِنَـٰتِ ثُمَّ طَلَّقْتُمُوهُنَّ مِن قَبْلِ أَن تَمَسُّوهُنَّ فَمَا لَكُمْ عَلَيْهِنَّ مِنْ عِدَّةٍ تَعْتَدُّونَهَا ۖ فَمَتِّعُوهُنَّ وَسَرِّحُوهُنَّ سَرَاحًا جَمِيلًا",
      "english": "O You who have believed, when you marry believing women and then divorce them before you have touched them, then there is not for you any waiting period to count concerning them. So provide for them and give them a gracious release.",
      "hausa": "Yã ku waɗanda suka yi ĩmãni! idan kun auri mũminai mãtã, sa'an nan kuka sake su a gabãnin ku shãfe su, to, bã ku da wata idda da zã ku lissafa a kansu, kuma ku yi musu kyautar jin dãɗi kuma ku sake su saki mai kyau."
    },
    {
      "ayah": 50,
      "arabic": "يَـٰٓأَيُّهَا ٱلنَّبِىُّ إِنَّآ أَحْلَلْنَا لَكَ أَزْوَٰجَكَ ٱلَّـٰتِىٓ ءَاتَيْتَ أُجُورَهُنَّ وَمَا مَلَكَتْ يَمِينُكَ مِمَّآ أَفَآءَ ٱللَّهُ عَلَيْكَ وَبَنَاتِ عَمِّكَ وَبَنَاتِ عَمَّـٰتِكَ وَبَنَاتِ خَالِكَ وَبَنَاتِ خَـٰلَـٰتِكَ ٱلَّـٰتِى هَاجَرْنَ مَعَكَ وَٱمْرَأَةً مُّؤْمِنَةً إِن وَهَبَتْ نَفْسَهَا لِلنَّبِىِّ إِنْ أَرَادَ ٱلنَّبِىُّ أَن يَسْتَنكِحَهَا خَالِصَةً لَّكَ مِن دُونِ ٱلْمُؤْمِنِينَ ۗ قَدْ عَلِمْنَا مَا فَرَضْنَا عَلَيْهِمْ فِىٓ أَزْوَٰجِهِمْ وَمَا مَلَكَتْ أَيْمَـٰنُهُمْ لِكَيْلَا يَكُونَ عَلَيْكَ حَرَجٌ ۗ وَكَانَ ٱللَّهُ غَفُورًا رَّحِيمًا",
      "english": "O Prophet, indeed We have made lawful to you your wives to whom you have given their due compensation and those your right hand possesses from what Allah has returned to you [of captives] and the daughters of your paternal uncles and the daughters of your paternal aunts and the daughters of your maternal uncles and the daughters of your maternal aunts who emigrated with you and a believing woman if she gives herself to the Prophet [and] if the Prophet wishes to marry her, [this is] only for you, excluding the [other] believers. We certainly know what We have made obligatory upon them concerning their wives and those their right hands possess, [but this is for you] in order that there will be upon you no discomfort. And ever is Allah Forgiving and Merciful.",
      "hausa": "Yã kai Annabi! Lalle Mũ, Mun halatta maka mãtanka waɗanda ka bai wa sadãkõkinsu da abin da hannun dãmanka ya mallaka daga abin da Allah Ya bã ka na ganĩma, da 'yã'yan baffanka, da 'ya'yan goggonninka da 'yã'yan kãwunka da 'yã'yan innõninka waɗanda suka yi hijira tãre da kai, da wata mace mũmina idan ta bãyar da kanta ga Annabi, idan shi Annabi yanã nufin ya aure ta (hãlin wannan hukunci) kẽɓe yake gare ka, banda gamũminai. Lalle Mun san abin da Muka faralta a kansu (smũminai) game da mãtansuda abin da hannayensu suka mallaka. Do min kada wani ƙunci ya kasance a kanka, kuma Allah Yã kasance Mai gãfara, Mai jin ƙai."
    },
    {
      "ayah": 51,
      "arabic": "تُرْجِى مَن تَشَآءُ مِنْهُنَّ وَتُـْٔوِىٓ إِلَيْكَ مَن تَشَآءُ ۖ وَمَنِ ٱبْتَغَيْتَ مِمَّنْ عَزَلْتَ فَلَا جُنَاحَ عَلَيْكَ ۚ ذَٰلِكَ أَدْنَىٰٓ أَن تَقَرَّ أَعْيُنُهُنَّ وَلَا يَحْزَنَّ وَيَرْضَيْنَ بِمَآ ءَاتَيْتَهُنَّ كُلُّهُنَّ ۚ وَٱللَّهُ يَعْلَمُ مَا فِى قُلُوبِكُمْ ۚ وَكَانَ ٱللَّهُ عَلِيمًا حَلِيمًا",
      "english": "You, [O Muhammad], may put aside whom you will of them or take to yourself whom you will. And any that you desire of those [wives] from whom you had [temporarily] separated - there is no blame upon you [in returning her]. That is more suitable that they should be content and not grieve and that they should be satisfied with what you have given them - all of them. And Allah knows what is in your hearts. And ever is Allah Knowing and Forbearing.",
      "hausa": "Kanã iya jinkirtar da wadda ka ga dãmã daga gare su, kuma kanã tãro wadda kake so zuwa gare ka. Kuma wadda ka nẽma daga waɗanda ka nĩsantar, to, bãbu laifi agare ka. Wannan yã fi kusantar da sanyaya idãnunsu, kuma bã zã su yi baƙin ciki ba, kuma su yarda da abin da ka bã su, sũ duka. Kuma Allah Yanã sane da abin da yake a cikin zukãtanku. Kuma Allah Ya kasance Masani, Mai haƙuri."
    },
    {
      "ayah": 52,
      "arabic": "لَّا يَحِلُّ لَكَ ٱلنِّسَآءُ مِنۢ بَعْدُ وَلَآ أَن تَبَدَّلَ بِهِنَّ مِنْ أَزْوَٰجٍ وَلَوْ أَعْجَبَكَ حُسْنُهُنَّ إِلَّا مَا مَلَكَتْ يَمِينُكَ ۗ وَكَانَ ٱللَّهُ عَلَىٰ كُلِّ شَىْءٍ رَّقِيبًا",
      "english": "Not lawful to you, [O Muhammad], are [any additional] women after [this], nor [is it] for you to exchange them for [other] wives, even if their beauty were to please you, except what your right hand possesses. And ever is Allah, over all things, an Observer.",
      "hausa": "Waɗansu mãtã bã su halatta a gare ka a bãyan haka, kuma ba zã ka musanya su da mãtan aure ba, kuma kõ kyaunsu yã bã ka sha'awa, fãce dai abin da hannun dãmanka ya mallaka. Kuma Allah Yã kasance Mai tsaro ga dukan kõme."
    },
    {
      "ayah": 53,
      "arabic": "يَـٰٓأَيُّهَا ٱلَّذِينَ ءَامَنُوا۟ لَا تَدْخُلُوا۟ بُيُوتَ ٱلنَّبِىِّ إِلَّآ أَن يُؤْذَنَ لَكُمْ إِلَىٰ طَعَامٍ غَيْرَ نَـٰظِرِينَ إِنَىٰهُ وَلَـٰكِنْ إِذَا دُعِيتُمْ فَٱدْخُلُوا۟ فَإِذَا طَعِمْتُمْ فَٱنتَشِرُوا۟ وَلَا مُسْتَـْٔنِسِينَ لِحَدِيثٍ ۚ إِنَّ ذَٰلِكُمْ كَانَ يُؤْذِى ٱلنَّبِىَّ فَيَسْتَحْىِۦ مِنكُمْ ۖ وَٱللَّهُ لَا يَسْتَحْىِۦ مِنَ ٱلْحَقِّ ۚ وَإِذَا سَأَلْتُمُوهُنَّ مَتَـٰعًا فَسْـَٔلُوهُنَّ مِن وَرَآءِ حِجَابٍ ۚ ذَٰلِكُمْ أَطْهَرُ لِقُلُوبِكُمْ وَقُلُوبِهِنَّ ۚ وَمَا كَانَ لَكُمْ أَن تُؤْذُوا۟ رَسُولَ ٱللَّهِ وَلَآ أَن تَنكِحُوٓا۟ أَزْوَٰجَهُۥ مِنۢ بَعْدِهِۦٓ أَبَدًا ۚ إِنَّ ذَٰلِكُمْ كَانَ عِندَ ٱللَّهِ عَظِيمًا",
      "english": "O you who have believed, do not enter the houses of the Prophet except when you are permitted for a meal, without awaiting its readiness. But when you are invited, then enter; and when you have eaten, disperse without seeking to remain for conversation. Indeed, that [behavior] was troubling the Prophet, and he is shy of [dismissing] you. But Allah is not shy of the truth. And when you ask [his wives] for something, ask them from behind a partition. That is purer for your hearts and their hearts. And it is not [conceivable or lawful] for you to harm the Messenger of Allah or to marry his wives after him, ever. Indeed, that would be in the sight of Allah an enormity.",
      "hausa": "Yã kũ waɗanda suka yi ĩmãni! Kada kũ shiga gidãjen Annabi, fãce fa idan an yi izni a gare ku zuwa ga wani abinci, bã da kun tsaya jiran nunarsa ba, kuma amma idan an kira ku, to, ku shiga, sa'an nan idan kun ci, to ku wãtse, kuma bã da kun tsaya kunã masu hĩra da wani Iãbãri ba. Lalle wannan yanã cũtar da Annabi, to, yanã jin kunyarku, alhãli kuwa Allah bã Ya jin kunya daga gaskiya. Kuma idan zã ku tambaye su waɗansu kãyã, to, ku tambaye su daga bãyan shãmaki. Wannan ya fi muku tsarki ga zukãtanku da zukãtansu. Kuma bã ya halatta a gare ku, ku cũci Manzon Allah, kuma bã ya halatta ku auri mãtansa a bãyansa har abada. lalle wannan a gare ku yã kasance babban abu a wurin Allah."
    },
    {
      "ayah": 54,
      "arabic": "إِن تُبْدُوا۟ شَيْـًٔا أَوْ تُخْفُوهُ فَإِنَّ ٱللَّهَ كَانَ بِكُلِّ شَىْءٍ عَلِيمًا",
      "english": "Whether you reveal a thing or conceal it, indeed Allah is ever, of all things, Knowing.",
      "hausa": "Idan kun bayyana wani abu, kõ kuma kuka ɓõye shi, to, lalle Allah Ya kasance Masani ga kõme."
    },
    {
      "ayah": 55,
      "arabic": "لَّا جُنَاحَ عَلَيْهِنَّ فِىٓ ءَابَآئِهِنَّ وَلَآ أَبْنَآئِهِنَّ وَلَآ إِخْوَٰنِهِنَّ وَلَآ أَبْنَآءِ إِخْوَٰنِهِنَّ وَلَآ أَبْنَآءِ أَخَوَٰتِهِنَّ وَلَا نِسَآئِهِنَّ وَلَا مَا مَلَكَتْ أَيْمَـٰنُهُنَّ ۗ وَٱتَّقِينَ ٱللَّهَ ۚ إِنَّ ٱللَّهَ كَانَ عَلَىٰ كُلِّ شَىْءٍ شَهِيدًا",
      "english": "There is no blame upon women concerning their fathers or their sons or their brothers or their brothers' sons or their sisters' sons or their women or those their right hands possess. And fear Allah. Indeed Allah is ever, over all things, Witness.",
      "hausa": "Bãbu laifi a kansu game da ubanninsu, kuma bãbu game da ɗiyansu, kuma bãbu game da 'yan'uwansu maza, kuma bãbu game da ɗiyan 'yan'uwansu maza, kuma bãbu game da ɗiyan 'yan'uwansu mãtã, kuma bãbu game da mãtan mũminai, kuma bãbu game da abin da hannãyensu suka mallaka, kuma ku bi Allah da taƙawa. Lalle Allah Yã kasance Mahalarci a kan kõme."
    },
    {
      "ayah": 56,
      "arabic": "إِنَّ ٱللَّهَ وَمَلَـٰٓئِكَتَهُۥ يُصَلُّونَ عَلَى ٱلنَّبِىِّ ۚ يَـٰٓأَيُّهَا ٱلَّذِينَ ءَامَنُوا۟ صَلُّوا۟ عَلَيْهِ وَسَلِّمُوا۟ تَسْلِيمًا",
      "english": "Indeed, Allah confers blessing upon the Prophet, and His angels [ask Him to do so]. O you who have believed, ask [Allah to confer] blessing upon him and ask [Allah to grant him] peace.",
      "hausa": "Lalle, Allah da malã'ikunSa sunã salati ga Annabi. Yã kũ waɗanda suka yi ĩmãni! Ku yi salãti a gare shi, kuma ku yi sallama dõmin amintarwa a gare shi."
    },
    {
      "ayah": 57,
      "arabic": "إِنَّ ٱلَّذِينَ يُؤْذُونَ ٱللَّهَ وَرَسُولَهُۥ لَعَنَهُمُ ٱللَّهُ فِى ٱلدُّنْيَا وَٱلْـَٔاخِرَةِ وَأَعَدَّ لَهُمْ عَذَابًا مُّهِينًا",
      "english": "Indeed, those who abuse Allah and His Messenger - Allah has cursed them in this world and the Hereafter and prepared for them a humiliating punishment.",
      "hausa": "Lalle waɗanda ke cũtar Allah da MauzonSa Allah Yã la'ane su, a cikin dũniya da Lãhira, kuma Yã yi musu tattalin azãba mai wulãkantarwa."
    },
    {
      "ayah": 58,
      "arabic": "وَٱلَّذِينَ يُؤْذُونَ ٱلْمُؤْمِنِينَ وَٱلْمُؤْمِنَـٰتِ بِغَيْرِ مَا ٱكْتَسَبُوا۟ فَقَدِ ٱحْتَمَلُوا۟ بُهْتَـٰنًا وَإِثْمًا مُّبِينًا",
      "english": "And those who harm believing men and believing women for [something] other than what they have earned have certainly born upon themselves a slander and manifest sin.",
      "hausa": "Kuma waɗanda suke cũtar mũminai maza dã muminai mãtã, bã da wani abu da suka aikata ba to, lalle sun ɗauki ƙiren ƙarya da zunubi bayyananne."
    },
    {
      "ayah": 59,
      "arabic": "يَـٰٓأَيُّهَا ٱلنَّبِىُّ قُل لِّأَزْوَٰجِكَ وَبَنَاتِكَ وَنِسَآءِ ٱلْمُؤْمِنِينَ يُدْنِينَ عَلَيْهِنَّ مِن جَلَـٰبِيبِهِنَّ ۚ ذَٰلِكَ أَدْنَىٰٓ أَن يُعْرَفْنَ فَلَا يُؤْذَيْنَ ۗ وَكَانَ ٱللَّهُ غَفُورًا رَّحِيمًا",
      "english": "O Prophet, tell your wives and your daughters and the women of the believers to bring down over themselves [part] of their outer garments. That is more suitable that they will be known and not be abused. And ever is Allah Forgiving and Merciful.",
      "hausa": "Yã kai Annabi! Ka ce wa mãtan aurenka da 'yã'yanka da mãtan mũminai su kusantar da ƙasã daga manyan tufãfin da ke a kansu. Wancan ya fi sauƙi ga a gane su dõmin kada a cũce su. Kuma Allah Yã kasance Mai gãfara, Mai Jin ƙai."
    },
    {
      "ayah": 60,
      "arabic": "لَّئِن لَّمْ يَنتَهِ ٱلْمُنَـٰفِقُونَ وَٱلَّذِينَ فِى قُلُوبِهِم مَّرَضٌ وَٱلْمُرْجِفُونَ فِى ٱلْمَدِينَةِ لَنُغْرِيَنَّكَ بِهِمْ ثُمَّ لَا يُجَاوِرُونَكَ فِيهَآ إِلَّا قَلِيلًا",
      "english": "If the hypocrites and those in whose hearts is disease and those who spread rumors in al-Madinah do not cease, We will surely incite you against them; then they will not remain your neighbors therein except for a little.",
      "hausa": "Lalle, idan munãfukai da waɗanda yake akwai wata cuta a cikin zukãtansu, da mãsu tsẽgumi a cikin Madĩna, ba su hanu ba (daga hãlãyensu), lalle, zã Mu shũshũta ka a gare su, sa'an nan bã zã su yi maƙwabtaka da kai ba, a cikinta, fãce kaɗan."
    },
    {
      "ayah": 61,
      "arabic": "مَّلْعُونِينَ ۖ أَيْنَمَا ثُقِفُوٓا۟ أُخِذُوا۟ وَقُتِّلُوا۟ تَقْتِيلًا",
      "english": "Accursed wherever they are found, [being] seized and massacred completely.",
      "hausa": "Sunã la'anannu, inda duka aka sãme su a kãmã su, kuma a karkashe su karkashẽwa."
    },
    {
      "ayah": 62,
      "arabic": "سُنَّةَ ٱللَّهِ فِى ٱلَّذِينَ خَلَوْا۟ مِن قَبْلُ ۖ وَلَن تَجِدَ لِسُنَّةِ ٱللَّهِ تَبْدِيلًا",
      "english": "[This is] the established way of Allah with those who passed on before; and you will not find in the way of Allah any change.",
      "hausa": "A kan hanyar Allah (ta gyaran jama'a) a cikin waɗanda suka shũɗe gabãninka, kuma bã zã ka sãmi musanyãwa ba ga hanyar Allah."
    },
    {
      "ayah": 63,
      "arabic": "يَسْـَٔلُكَ ٱلنَّاسُ عَنِ ٱلسَّاعَةِ ۖ قُلْ إِنَّمَا عِلْمُهَا عِندَ ٱللَّهِ ۚ وَمَا يُدْرِيكَ لَعَلَّ ٱلسَّاعَةَ تَكُونُ قَرِيبًا",
      "english": "People ask you concerning the Hour. Say,\" Knowledge of it is only with Allah. And what may make you perceive? Perhaps the Hour is near.\"",
      "hausa": "Sunã tambayar ka ga Sã'a. Ka ce: \"Saninta yanã wurin Allah kawai.\" Kuma me yã sanar da kai cẽwa anã tsammãnin sa'a ta kasance kusa?"
    },
    {
      "ayah": 64,
      "arabic": "إِنَّ ٱللَّهَ لَعَنَ ٱلْكَـٰفِرِينَ وَأَعَدَّ لَهُمْ سَعِيرًا",
      "english": "Indeed, Allah has cursed the disbelievers and prepared for them a Blaze.",
      "hausa": "Lalle Allah Yã la'ani kãfirai, kuma Yã yi musu tattalin wata wuta mai ƙũna."
    },
    {
      "ayah": 65,
      "arabic": "خَـٰلِدِينَ فِيهَآ أَبَدًا ۖ لَّا يَجِدُونَ وَلِيًّا وَلَا نَصِيرًا",
      "english": "Abiding therein forever, they will not find a protector or a helper.",
      "hausa": "Sunã madawwama a cikinta har abada, bã su sãmun majiɓinci, kuma bã su sãmun mataimaki."
    },
    {
      "ayah": 66,
      "arabic": "يَوْمَ تُقَلَّبُ وُجُوهُهُمْ فِى ٱلنَّارِ يَقُولُونَ يَـٰلَيْتَنَآ أَطَعْنَا ٱللَّهَ وَأَطَعْنَا ٱلرَّسُولَا۠",
      "english": "The Day their faces will be turned about in the Fire, they will say, \"How we wish we had obeyed Allah and obeyed the Messenger.\"",
      "hausa": "Rãnar da ake jũya fuskõkinsu a cikin wuta sunã cẽwa, \"Kaitonmu, sabõda, rashin biyarmu ga Allah da rashin biyarmu ga Manzo!\""
    },
    {
      "ayah": 67,
      "arabic": "وَقَالُوا۟ رَبَّنَآ إِنَّآ أَطَعْنَا سَادَتَنَا وَكُبَرَآءَنَا فَأَضَلُّونَا ٱلسَّبِيلَا۠",
      "english": "And they will say, \"Our Lord, indeed we obeyed our masters and our dignitaries, and they led us astray from the [right] way.",
      "hausa": "Kuma suka ce: \"Yã Ubangijinmu! Lalle mũ mun bi shugabanninmu da manyanmu! Sai suka ɓatar da mu daga hanya!"
    },
    {
      "ayah": 68,
      "arabic": "رَبَّنَآ ءَاتِهِمْ ضِعْفَيْنِ مِنَ ٱلْعَذَابِ وَٱلْعَنْهُمْ لَعْنًا كَبِيرًا",
      "english": "Our Lord, give them double the punishment and curse them with a great curse.\"",
      "hausa": "\"Yã Ubangijinmu! Ka ba su ninki biyu na azãba, kuma ka la'ane su, la'ana mai girma.\""
    },
    {
      "ayah": 69,
      "arabic": "يَـٰٓأَيُّهَا ٱلَّذِينَ ءَامَنُوا۟ لَا تَكُونُوا۟ كَٱلَّذِينَ ءَاذَوْا۟ مُوسَىٰ فَبَرَّأَهُ ٱللَّهُ مِمَّا قَالُوا۟ ۚ وَكَانَ عِندَ ٱللَّهِ وَجِيهًا",
      "english": "O you who have believed, be not like those who abused Moses; then Allah cleared him of what they said. And he, in the sight of Allah, was distinguished.",
      "hausa": "Yã kũ waɗanda suka yi ĩmãni! Kada ku kasance kamar waɗanda suka cũci Mũsã sa'an nan Allah Ya barrantar da shi daga abin da suka ce. Kuma ya kasance mai daraja a wurin Allah."
    },
    {
      "ayah": 70,
      "arabic": "يَـٰٓأَيُّهَا ٱلَّذِينَ ءَامَنُوا۟ ٱتَّقُوا۟ ٱللَّهَ وَقُولُوا۟ قَوْلًا سَدِيدًا",
      "english": "O you who have believed, fear Allah and speak words of appropriate justice.",
      "hausa": "Yã kũ waɗanda suka yi ĩmãni! Ku bi Allah da taƙawa kuma ku faɗi magana madaidaiciya."
    },
    {
      "ayah": 71,
      "arabic": "يُصْلِحْ لَكُمْ أَعْمَـٰلَكُمْ وَيَغْفِرْ لَكُمْ ذُنُوبَكُمْ ۗ وَمَن يُطِعِ ٱللَّهَ وَرَسُولَهُۥ فَقَدْ فَازَ فَوْزًا عَظِيمًا",
      "english": "He will [then] amend for you your deeds and forgive you your sins. And whoever obeys Allah and His Messenger has certainly attained a great attainment.",
      "hausa": "Ya kyautata muku ayyukanku, kuma Ya gãfarta zunubanku. Kuma wanda ya yi ɗã'a ga Allah da ManzonSa, to, lalle, yã rabbanta, babban rabo mai girma."
    },
    {
      "ayah": 72,
      "arabic": "إِنَّا عَرَضْنَا ٱلْأَمَانَةَ عَلَى ٱلسَّمَـٰوَٰتِ وَٱلْأَرْضِ وَٱلْجِبَالِ فَأَبَيْنَ أَن يَحْمِلْنَهَا وَأَشْفَقْنَ مِنْهَا وَحَمَلَهَا ٱلْإِنسَـٰنُ ۖ إِنَّهُۥ كَانَ ظَلُومًا جَهُولًا",
      "english": "Indeed, we offered the Trust to the heavens and the earth and the mountains, and they declined to bear it and feared it; but man [undertook to] bear it. Indeed, he was unjust and ignorant.",
      "hausa": "Lalle Mũ, Mun gitta amãna ga sammai da ƙasã da duwãtsu, sai suka ƙi ɗaukarta kuma sukaji tsõro daga gare ta, kuma mutum ya ɗauke ta, lalle shĩ (mutum) ya kasance mai yawan zãlunci, mai yawan jãhilci."
    },
    {
      "ayah": 73,
      "arabic": "لِّيُعَذِّبَ ٱللَّهُ ٱلْمُنَـٰفِقِينَ وَٱلْمُنَـٰفِقَـٰتِ وَٱلْمُشْرِكِينَ وَٱلْمُشْرِكَـٰتِ وَيَتُوبَ ٱللَّهُ عَلَى ٱلْمُؤْمِنِينَ وَٱلْمُؤْمِنَـٰتِ ۗ وَكَانَ ٱللَّهُ غَفُورًا رَّحِيمًۢا",
      "english": "[It was] so that Allah may punish the hypocrite men and hypocrite women and the men and women who associate others with Him and that Allah may accept repentance from the believing men and believing women. And ever is Allah Forgiving and Merciful.",
      "hausa": "Dõmin Allah Ya azabta munãfukai maza da munãfukai mãtã, da mushirikai maza da mushirikai mãtã, kuma Allah Yã karɓi tũba ga mũminai maza da mũminai mãtã. Kuma Allah Yã kasance Mai gãfara, Mai jin ƙai."
    }
  ]
}