{
  "surah": 46,
  "hasBasmallah": false,
  "basmallah": "",
  "verses": [
    {
      "ayah": 1,
      "arabic": "حمٓ",
      "english": "Ha, Meem.",
      "hausa": "Ḥ. M̃."
    },
    {
      "ayah": 2,
      "arabic": "تَنزِيلُ ٱلْكِتَـٰبِ مِنَ ٱللَّهِ ٱلْعَزِيزِ ٱلْحَكِيمِ",
      "english": "The revelation of the Book is from Allah, the Exalted in Might, the Wise.",
      "hausa": "Saukar da littafi daga Allah, Mabuwãyi, Mai hikima yake."
    },
    {
      "ayah": 3,
      "arabic": "مَا خَلَقْنَا ٱلسَّمَـٰوَٰتِ وَٱلْأَرْضَ وَمَا بَيْنَهُمَآ إِلَّا بِٱلْحَقِّ وَأَجَلٍ مُّسَمًّى ۚ وَٱلَّذِينَ كَفَرُوا۟ عَمَّآ أُنذِرُوا۟ مُعْرِضُونَ",
      "english": "We did not create the heavens and earth and what is between them except in truth and [for] a specified term. But those who disbelieve, from that of which they are warned, are turning away.",
      "hausa": "Ba Mu halitta sammai da ƙasa ba, da abin da ke tsakãninsu, fãce da gaskiya da wani ajali ambatacce, kuma waɗanda suka kãfirta, mãsu bijirẽwa ne daga abin da aka yi musu gargaɗi (da shi)."
    },
    {
      "ayah": 4,
      "arabic": "قُلْ أَرَءَيْتُم مَّا تَدْعُونَ مِن دُونِ ٱللَّهِ أَرُونِى مَاذَا خَلَقُوا۟ مِنَ ٱلْأَرْضِ أَمْ لَهُمْ شِرْكٌ فِى ٱلسَّمَـٰوَٰتِ ۖ ٱئْتُونِى بِكِتَـٰبٍ مِّن قَبْلِ هَـٰذَآ أَوْ أَثَـٰرَةٍ مِّنْ عِلْمٍ إِن كُنتُمْ صَـٰدِقِينَ",
      "english": "Say, [O Muhammad], \"Have you considered that which you invoke besides Allah? Show me what they have created of the earth; or did they have partnership in [creation of] the heavens? Bring me a scripture [revealed] before this or a [remaining] trace of knowledge, if you should be truthful.\"",
      "hausa": "Ka ce: \"Shin, kun gani, abin da kuke kira, wanda yake baicin Allah? Ku nũna mini, menene suka halitta daga ƙasa? Kõ kuwa sunã da tãrayya a cikin sammai? Ku zo mini da wani littãfi na gabãnin wannan (Alƙur'ãni) kõ wata alãma daga wani ilmi, idan kun kasance mãsu gaskiya.\""
    },
    {
      "ayah": 5,
      "arabic": "وَمَنْ أَضَلُّ مِمَّن يَدْعُوا۟ مِن دُونِ ٱللَّهِ مَن لَّا يَسْتَجِيبُ لَهُۥٓ إِلَىٰ يَوْمِ ٱلْقِيَـٰمَةِ وَهُمْ عَن دُعَآئِهِمْ غَـٰفِلُونَ",
      "english": "And who is more astray than he who invokes besides Allah those who will not respond to him until the Day of Resurrection, and they, of their invocation, are unaware.",
      "hausa": "Kuma wãne ne mafi ɓata daga wanda ke kiran wanin Allah wanda da bã zai karɓa masa ba, bar Rãnar Kyama, alhãli sũ (waɗanda ake kiran) shagaltattu ne daga kiransu?"
    },
    {
      "ayah": 6,
      "arabic": "وَإِذَا حُشِرَ ٱلنَّاسُ كَانُوا۟ لَهُمْ أَعْدَآءً وَكَانُوا۟ بِعِبَادَتِهِمْ كَـٰفِرِينَ",
      "english": "And when the people are gathered [that Day], they [who were invoked] will be enemies to them, and they will be deniers of their worship.",
      "hausa": "Kuma idan aka tãra mutãne sai su kasance maƙiya a gare su, alhãli sun kasance mãsu ƙi ga ibãdarsu."
    },
    {
      "ayah": 7,
      "arabic": "وَإِذَا تُتْلَىٰ عَلَيْهِمْ ءَايَـٰتُنَا بَيِّنَـٰتٍ قَالَ ٱلَّذِينَ كَفَرُوا۟ لِلْحَقِّ لَمَّا جَآءَهُمْ هَـٰذَا سِحْرٌ مُّبِينٌ",
      "english": "And when Our verses are recited to them as clear evidences, those who disbelieve say of the truth when it has come to them, \"This is obvious magic.\"",
      "hausa": "Kuma idan anã karãtun ãyõòyinMu bayyanannu a kansu, sai waɗanda suka kãfirta ga gaskiya a lõkacin da ta jẽ musu, su ce, \"Wannan sihiri ne bayyananne.\""
    },
    {
      "ayah": 8,
      "arabic": "أَمْ يَقُولُونَ ٱفْتَرَىٰهُ ۖ قُلْ إِنِ ٱفْتَرَيْتُهُۥ فَلَا تَمْلِكُونَ لِى مِنَ ٱللَّهِ شَيْـًٔا ۖ هُوَ أَعْلَمُ بِمَا تُفِيضُونَ فِيهِ ۖ كَفَىٰ بِهِۦ شَهِيدًۢا بَيْنِى وَبَيْنَكُمْ ۖ وَهُوَ ٱلْغَفُورُ ٱلرَّحِيمُ",
      "english": "Or do they say, \"He has invented it?\" Say, \"If I have invented it, you will not possess for me [the power of protection] from Allah at all. He is most knowing of that in which you are involved. Sufficient is He as Witness between me and you, and He is the Forgiving the Merciful.\"",
      "hausa": "Kõkuwã sunã cẽwa: \"Yã ƙirƙira shi (Alƙur'ãni) ne?\" Ka ce: \"Idan na ƙirƙira shi ne, to bã ku mallaka mini kõme daga Allah. Shĩ ne Mafi sani ga abin da kuke kũtsãwa a cikinsa na magana. (Allah) Yã isa Ya zama shaida a tsakãnĩnada tsakãninku. Kuma shĩ ne Mai gãfara, Mai jin ƙai.\""
    },
    {
      "ayah": 9,
      "arabic": "قُلْ مَا كُنتُ بِدْعًا مِّنَ ٱلرُّسُلِ وَمَآ أَدْرِى مَا يُفْعَلُ بِى وَلَا بِكُمْ ۖ إِنْ أَتَّبِعُ إِلَّا مَا يُوحَىٰٓ إِلَىَّ وَمَآ أَنَا۠ إِلَّا نَذِيرٌ مُّبِينٌ",
      "english": "Say, \"I am not something original among the messengers, nor do I know what will be done with me or with you. I only follow that which is revealed to me, and I am not but a clear warner.\"",
      "hausa": "Ka ce: \"Ban kasance fãrau ba daga Manzanni, kuma ban san abin da zã a yi game da ni kõ game da ku (na gaibi) ba, bã ni bin kõme fãce abin da ake yin wahayi zuwa gare ni, kuma ban zama ba, fãce mai gargaɗi mai bayyanãwa.\""
    },
    {
      "ayah": 10,
      "arabic": "قُلْ أَرَءَيْتُمْ إِن كَانَ مِنْ عِندِ ٱللَّهِ وَكَفَرْتُم بِهِۦ وَشَهِدَ شَاهِدٌ مِّنۢ بَنِىٓ إِسْرَٰٓءِيلَ عَلَىٰ مِثْلِهِۦ فَـَٔامَنَ وَٱسْتَكْبَرْتُمْ ۖ إِنَّ ٱللَّهَ لَا يَهْدِى ٱلْقَوْمَ ٱلظَّـٰلِمِينَ",
      "english": "Say, \"Have you considered: if the Qur'an was from Allah, and you disbelieved in it while a witness from the Children of Israel has testified to something similar and believed while you were arrogant...?\" Indeed, Allah does not guide the wrongdoing people.",
      "hausa": "Ka ce: \"Shin, kun gani, idan (Alƙur'ãni) ya kasance daga wurin Allah yake, kuma kuka kãfirta da shi, kuma wani mai shaida daga Banĩ Isrã'ĩla ya bãyar da shaida a kan kwatankwacinsa, sa'an nan ya yi ĩmãni, kuma kuka kangare? Lalle Allah bã Ya shiryar da mutãne azzãlumai.\""
    },
    {
      "ayah": 11,
      "arabic": "وَقَالَ ٱلَّذِينَ كَفَرُوا۟ لِلَّذِينَ ءَامَنُوا۟ لَوْ كَانَ خَيْرًا مَّا سَبَقُونَآ إِلَيْهِ ۚ وَإِذْ لَمْ يَهْتَدُوا۟ بِهِۦ فَسَيَقُولُونَ هَـٰذَآ إِفْكٌ قَدِيمٌ",
      "english": "And those who disbelieve say of those who believe, \"If it had [truly] been good, they would not have preceded us to it.\" And when they are not guided by it, they will say, \"This is an ancient falsehood.\"",
      "hausa": "Kuma waɗanda suka kãfirta suka ce wa waɗanda suka yi ĩmãni: \"Da (Alƙur'ãni) ya kasance, wani alhẽri ne,\" dã ba su riga muzuwa gare shi ba. Kuma tun da ba su shiryu game da shĩ ba, to, zã su ce, \"Wannan ƙiren ƙarya ne daɗaɗɗe.\""
    },
    {
      "ayah": 12,
      "arabic": "وَمِن قَبْلِهِۦ كِتَـٰبُ مُوسَىٰٓ إِمَامًا وَرَحْمَةً ۚ وَهَـٰذَا كِتَـٰبٌ مُّصَدِّقٌ لِّسَانًا عَرَبِيًّا لِّيُنذِرَ ٱلَّذِينَ ظَلَمُوا۟ وَبُشْرَىٰ لِلْمُحْسِنِينَ",
      "english": "And before it was the scripture of Moses to lead and as a mercy. And this is a confirming Book in an Arabic tongue to warn those who have wronged and as good tidings to the doers of good.",
      "hausa": "Alhãli kuwa a gabãninsa akwai littãfin Mũsã, wanda ya kasance abin kõyi, kuma rahama. Kuma wannan (Alƙur'ãni) littafi ne mai gaskatãwa (ga littafin Mũsã), a harshe na Larabci dõmin ya gargaɗi waɗanda suka yi zãlunci, kuma ya zama bushãra ga mãsu kyautatãwa."
    },
    {
      "ayah": 13,
      "arabic": "إِنَّ ٱلَّذِينَ قَالُوا۟ رَبُّنَا ٱللَّهُ ثُمَّ ٱسْتَقَـٰمُوا۟ فَلَا خَوْفٌ عَلَيْهِمْ وَلَا هُمْ يَحْزَنُونَ",
      "english": "Indeed, those who have said, \"Our Lord is Allah,\" and then remained on a right course - there will be no fear concerning them, nor will they grieve.",
      "hausa": "Lalle ne waɗanda suka ce: \"Ubangijinmu Allah ne,\" sa'an nan suka daidaitu, to, bãbu wani tsõro a kansu, kuma bã zã su yi baƙin ciki ba."
    },
    {
      "ayah": 14,
      "arabic": "أُو۟لَـٰٓئِكَ أَصْحَـٰبُ ٱلْجَنَّةِ خَـٰلِدِينَ فِيهَا جَزَآءًۢ بِمَا كَانُوا۟ يَعْمَلُونَ",
      "english": "Those are the companions of Paradise, abiding eternally therein as reward for what they used to do.",
      "hausa": "Waɗannan 'yan Aljanna ne, sunã madawwama a cikinta, a kan sakamako ga abin da suka kasance sunã aikatãwa."
    },
    {
      "ayah": 15,
      "arabic": "وَوَصَّيْنَا ٱلْإِنسَـٰنَ بِوَٰلِدَيْهِ إِحْسَـٰنًا ۖ حَمَلَتْهُ أُمُّهُۥ كُرْهًا وَوَضَعَتْهُ كُرْهًا ۖ وَحَمْلُهُۥ وَفِصَـٰلُهُۥ ثَلَـٰثُونَ شَهْرًا ۚ حَتَّىٰٓ إِذَا بَلَغَ أَشُدَّهُۥ وَبَلَغَ أَرْبَعِينَ سَنَةً قَالَ رَبِّ أَوْزِعْنِىٓ أَنْ أَشْكُرَ نِعْمَتَكَ ٱلَّتِىٓ أَنْعَمْتَ عَلَىَّ وَعَلَىٰ وَٰلِدَىَّ وَأَنْ أَعْمَلَ صَـٰلِحًا تَرْضَىٰهُ وَأَصْلِحْ لِى فِى ذُرِّيَّتِىٓ ۖ إِنِّى تُبْتُ إِلَيْكَ وَإِنِّى مِنَ ٱلْمُسْلِمِينَ",
      "english": "And We have enjoined upon man, to his parents, good treatment. His mother carried him with hardship and gave birth to him with hardship, and his gestation and weaning [period] is thirty months. [He grows] until, when he reaches maturity and reaches [the age of] forty years, he says, \"My Lord, enable me to be grateful for Your favor which You have bestowed upon me and upon my parents and to work righteousness of which You will approve and make righteous for me my offspring. Indeed, I have repented to You, and indeed, I am of the Muslims.\"",
      "hausa": "Kuma Mun yi wasiyya ga mutum game da mahaifansa biyu da kyautatãwa, uwarsa tã yi cikinsa wahala, kuma ta haife shi wahala. cikinsa da yãyensa watã talãtin. Har a lõkacin da ya kai ga mafi ƙarfinsa, kuma ya kai shẽkara arba'in, ya ce: \"Ya Ubangijĩna! Ka kange nidõmin in gõde wa ni'imarKa, wadda Ka ni'imta a kaina da kuma a kan mahaifãna biyu, kuma dõmin in aikata aikin ƙwarai wanda Kake yarda da shi, kuma Ka kyautata mini a cikin zuriyata. Lalle nĩ, nã tũba zuwa gare Ka, kuma lalle ni, inã daga mãsu sallamãwa (ga umurninKa).\""
    },
    {
      "ayah": 16,
      "arabic": "أُو۟لَـٰٓئِكَ ٱلَّذِينَ نَتَقَبَّلُ عَنْهُمْ أَحْسَنَ مَا عَمِلُوا۟ وَنَتَجَاوَزُ عَن سَيِّـَٔاتِهِمْ فِىٓ أَصْحَـٰبِ ٱلْجَنَّةِ ۖ وَعْدَ ٱلصِّدْقِ ٱلَّذِى كَانُوا۟ يُوعَدُونَ",
      "english": "Those are the ones from whom We will accept the best of what they did and overlook their misdeeds, [their being] among the companions of Paradise. [That is] the promise of truth which they had been promised.",
      "hausa": "Waɗancan ne waɗanda Muke karɓa, daga gare su, mafi kyaun abin da suka aikata, kuma Muke gãfarta mafi mũnanan ayyukansum (sunã) a cikin 'yan Aljanna, a kan wa'adin gaskiya wanda suka kasance anã yi musu alkawari (da shi)."
    },
    {
      "ayah": 17,
      "arabic": "وَٱلَّذِى قَالَ لِوَٰلِدَيْهِ أُفٍّ لَّكُمَآ أَتَعِدَانِنِىٓ أَنْ أُخْرَجَ وَقَدْ خَلَتِ ٱلْقُرُونُ مِن قَبْلِى وَهُمَا يَسْتَغِيثَانِ ٱللَّهَ وَيْلَكَ ءَامِنْ إِنَّ وَعْدَ ٱللَّهِ حَقٌّ فَيَقُولُ مَا هَـٰذَآ إِلَّآ أَسَـٰطِيرُ ٱلْأَوَّلِينَ",
      "english": "But one who says to his parents, \"Uff to you; do you promise me that I will be brought forth [from the earth] when generations before me have already passed on [into oblivion]?\" while they call to Allah for help [and to their son], \"Woe to you! Believe! Indeed, the promise of Allah is truth.\" But he says, \"This is not but legends of the former people\" -",
      "hausa": "Kuma wanda ya ce wa mahaifansa biyu: \"Tir gare ku! shin, kunã tsõratar da ni cẽwa zã a fitar da ni daga (kabari) ne, alhãli kuwa ƙarnõni na mutãne da yawa sun shũɗe a gabãnĩna (ba su kõmo ba)?\" Kuma sũ (mahaifan) sunã nẽman Allah taimako (sunãce masa) \"Kaitonka! Ka yi ĩmãni, lalle wa'adin Allah gaskiya ne.\" Sai shi kuma ya ce. \"Wannan bã kõme ba ne fãce tãtsũniyõyin mutãnen farko.\""
    },
    {
      "ayah": 18,
      "arabic": "أُو۟لَـٰٓئِكَ ٱلَّذِينَ حَقَّ عَلَيْهِمُ ٱلْقَوْلُ فِىٓ أُمَمٍ قَدْ خَلَتْ مِن قَبْلِهِم مِّنَ ٱلْجِنِّ وَٱلْإِنسِ ۖ إِنَّهُمْ كَانُوا۟ خَـٰسِرِينَ",
      "english": "Those are the ones upon whom the word has come into effect, [who will be] among nations which had passed on before them of jinn and men. Indeed, they [all] were losers.",
      "hausa": "Waɗancan ne waɗanda kalmar azãba ta wajaba a kansu, a cikin al'ummõmi waɗanda suka shũɗe, (bã da daɗẽwa ba), a gabãninsu, daga aljannu da mutãne. Lalle sũ, sun kasance mãsu hasãra."
    },
    {
      "ayah": 19,
      "arabic": "وَلِكُلٍّ دَرَجَـٰتٌ مِّمَّا عَمِلُوا۟ ۖ وَلِيُوَفِّيَهُمْ أَعْمَـٰلَهُمْ وَهُمْ لَا يُظْلَمُونَ",
      "english": "And for all there are degrees [of reward and punishment] for what they have done, and [it is] so that He may fully compensate them for their deeds, and they will not be wronged.",
      "hausa": "Kuma ga kõwane nau'i, yanã da darajõji daga abinda suka aikata. Kuma dõmin (Allah) Ya cika musu (sakamakon) ayyukansu, alhãli kuwa sũ, bã zã a zãlunce su ba."
    },
    {
      "ayah": 20,
      "arabic": "وَيَوْمَ يُعْرَضُ ٱلَّذِينَ كَفَرُوا۟ عَلَى ٱلنَّارِ أَذْهَبْتُمْ طَيِّبَـٰتِكُمْ فِى حَيَاتِكُمُ ٱلدُّنْيَا وَٱسْتَمْتَعْتُم بِهَا فَٱلْيَوْمَ تُجْزَوْنَ عَذَابَ ٱلْهُونِ بِمَا كُنتُمْ تَسْتَكْبِرُونَ فِى ٱلْأَرْضِ بِغَيْرِ ٱلْحَقِّ وَبِمَا كُنتُمْ تَفْسُقُونَ",
      "english": "And the Day those who disbelieved are exposed to the Fire [it will be said], \"You exhausted your pleasures during your worldly life and enjoyed them, so this Day you will be awarded the punishment of [extreme] humiliation because you were arrogant upon the earth without right and because you were defiantly disobedient.\"",
      "hausa": "Kuma rãnar da ake gitta waɗanda suka kãflrta a kan wutã (a ce musu): \"Kun tafiyar da abũbuwanku na jin dãɗi a cikin rayuwarku ta dũniya, kuma kun nẽmi jin dãdi da su, to, ayau anã sãka muka da azãbar wulãkanci, dõmin abin da kuka kasance kanã yi na gmian kai a cikin ƙasa, bã da wani hakki ba, kuma dõmin abin da kuka kasance kuna yi na fãsiƙansi.\""
    },
    {
      "ayah": 21,
      "arabic": "وَٱذْكُرْ أَخَا عَادٍ إِذْ أَنذَرَ قَوْمَهُۥ بِٱلْأَحْقَافِ وَقَدْ خَلَتِ ٱلنُّذُرُ مِنۢ بَيْنِ يَدَيْهِ وَمِنْ خَلْفِهِۦٓ أَلَّا تَعْبُدُوٓا۟ إِلَّا ٱللَّهَ إِنِّىٓ أَخَافُ عَلَيْكُمْ عَذَابَ يَوْمٍ عَظِيمٍ",
      "english": "And mention, [O Muhammad], the brother of 'Aad, when he warned his people in the [region of] al-Ahqaf - and warners had already passed on before him and after him - [saying], \"Do not worship except Allah. Indeed, I fear for you the punishment of a terrible day.\"",
      "hausa": "Kuma ka ambaci ɗan'uwan Ãdãwa a lõkacin da ya yi gargaɗi ga mutãnensa, a Tuddan Rairayi, alhãli kuwa waɗansu mãsu gargaɗi sun shũɗe agaba gare shi da bãya gare shi (da cẽwa) \"Kada ku bauta wa kõwa fãce Allah. Lalle nĩ inã tsõrata muku azãbar yini mai girma.\""
    },
    {
      "ayah": 22,
      "arabic": "قَالُوٓا۟ أَجِئْتَنَا لِتَأْفِكَنَا عَنْ ءَالِهَتِنَا فَأْتِنَا بِمَا تَعِدُنَآ إِن كُنتَ مِنَ ٱلصَّـٰدِقِينَ",
      "english": "They said, \"Have you come to delude us away from our gods? Then bring us what you promise us, if you should be of the truthful.\"",
      "hausa": "Suka ce: \"Shin, kã zo mana ne dõmin ka karkatar da mu daga gumãkaumu? To, ka zo mana da abin da kake yi mana wa'adin, idan kã kasance daga mãsu gaskiya.\""
    },
    {
      "ayah": 23,
      "arabic": "قَالَ إِنَّمَا ٱلْعِلْمُ عِندَ ٱللَّهِ وَأُبَلِّغُكُم مَّآ أُرْسِلْتُ بِهِۦ وَلَـٰكِنِّىٓ أَرَىٰكُمْ قَوْمًا تَجْهَلُونَ",
      "english": "He said, \"Knowledge [of its time] is only with Allah, and I convey to you that with which I was sent; but I see you [to be] a people behaving ignorantly.\"",
      "hausa": "Ya ce: \"Ilimi a wurin Allah kawai yake, kuma inã iyar maku abin da aka aiko ni da shi, kuma amma inã ganin, kũ, wasu mutãne ne, kunã jãhiltar gaskiya.\""
    },
    {
      "ayah": 24,
      "arabic": "فَلَمَّا رَأَوْهُ عَارِضًا مُّسْتَقْبِلَ أَوْدِيَتِهِمْ قَالُوا۟ هَـٰذَا عَارِضٌ مُّمْطِرُنَا ۚ بَلْ هُوَ مَا ٱسْتَعْجَلْتُم بِهِۦ ۖ رِيحٌ فِيهَا عَذَابٌ أَلِيمٌ",
      "english": "And when they saw it as a cloud approaching their valleys, they said, \"This is a cloud bringing us rain!\" Rather, it is that for which you were impatient: a wind, within it a painful punishment,",
      "hausa": "To, a lõkacin da suka ga azãbar, kumar hadari mai fuskantar rãfukansu, suka ce: \"Wannan hadari ne mai yi mana ruwa. Ã'a, shĩ na abin da kuke nẽman gaggawar saukarsa; Iska ce, a cikinta akwai wata azaba mai raɗaɗi."
    },
    {
      "ayah": 25,
      "arabic": "تُدَمِّرُ كُلَّ شَىْءٍۭ بِأَمْرِ رَبِّهَا فَأَصْبَحُوا۟ لَا يُرَىٰٓ إِلَّا مَسَـٰكِنُهُمْ ۚ كَذَٰلِكَ نَجْزِى ٱلْقَوْمَ ٱلْمُجْرِمِينَ",
      "english": "Destroying everything by command of its Lord. And they became so that nothing was seen [of them] except their dwellings. Thus do We recompense the criminal people.",
      "hausa": "Tanã darkake kõwane abu da umurnin Ubangijinta. Sai suka wãyi gari, bã a ganin kõme fãce gidãjensu. Kamar wannan ne Muke sãka wa mutãne mãsu laifi."
    },
    {
      "ayah": 26,
      "arabic": "وَلَقَدْ مَكَّنَّـٰهُمْ فِيمَآ إِن مَّكَّنَّـٰكُمْ فِيهِ وَجَعَلْنَا لَهُمْ سَمْعًا وَأَبْصَـٰرًا وَأَفْـِٔدَةً فَمَآ أَغْنَىٰ عَنْهُمْ سَمْعُهُمْ وَلَآ أَبْصَـٰرُهُمْ وَلَآ أَفْـِٔدَتُهُم مِّن شَىْءٍ إِذْ كَانُوا۟ يَجْحَدُونَ بِـَٔايَـٰتِ ٱللَّهِ وَحَاقَ بِهِم مَّا كَانُوا۟ بِهِۦ يَسْتَهْزِءُونَ",
      "english": "And We had certainly established them in such as We have not established you, and We made for them hearing and vision and hearts. But their hearing and vision and hearts availed them not from anything [of the punishment] when they were [continually] rejecting the signs of Allah; and they were enveloped by what they used to ridicule.",
      "hausa": "Kuma lalle ne, haƙĩƙa, Mun ba su ĩko ga abin da ba Mubã ku ĩko gare shi ba, kuma Muka sanya musu wani irin jĩ da gani dazukãta. Sai dai jnsu bai amfãne su ba, kuma zukãtansu ba su amfãne su ba ga kõme, dõmin sun kasance sunã musu game da ãyõyin Allah, kuma abin da suka kasance sunã aikatãwa na izgili game da shi ya wajaba a gare su."
    },
    {
      "ayah": 27,
      "arabic": "وَلَقَدْ أَهْلَكْنَا مَا حَوْلَكُم مِّنَ ٱلْقُرَىٰ وَصَرَّفْنَا ٱلْـَٔايَـٰتِ لَعَلَّهُمْ يَرْجِعُونَ",
      "english": "And We have already destroyed what surrounds you of [those] cities, and We have diversified the signs [or verses] that perhaps they might return [from disbelief].",
      "hausa": "Kuma ne, lalle haƙĩƙa, Mun halakar da abin da yake kẽwayenku na alƙaryu kuma Muka jujjũya ãyõyi, tsammãninsu zã su kõmo."
    },
    {
      "ayah": 28,
      "arabic": "فَلَوْلَا نَصَرَهُمُ ٱلَّذِينَ ٱتَّخَذُوا۟ مِن دُونِ ٱللَّهِ قُرْبَانًا ءَالِهَةًۢ ۖ بَلْ ضَلُّوا۟ عَنْهُمْ ۚ وَذَٰلِكَ إِفْكُهُمْ وَمَا كَانُوا۟ يَفْتَرُونَ",
      "english": "Then why did those they took besides Allah as deities by which to approach [Him] not aid them? But they had strayed from them. And that was their falsehood and what they were inventing.",
      "hausa": "To, don mẽne ne waɗanda suka riƙa, baicin Allah, abũbuwan yi. wa baiko, gumaka, ba su taimake su ba? Ã'a, sun ɓace musu Kuma wannan shi ne ƙiren ƙaryarsu da abin da suka kasance sunã ƙirƙirãwa."
    },
    {
      "ayah": 29,
      "arabic": "وَإِذْ صَرَفْنَآ إِلَيْكَ نَفَرًا مِّنَ ٱلْجِنِّ يَسْتَمِعُونَ ٱلْقُرْءَانَ فَلَمَّا حَضَرُوهُ قَالُوٓا۟ أَنصِتُوا۟ ۖ فَلَمَّا قُضِىَ وَلَّوْا۟ إِلَىٰ قَوْمِهِم مُّنذِرِينَ",
      "english": "And [mention, O Muhammad], when We directed to you a few of the jinn, listening to the Qur'an. And when they attended it, they said, \"Listen quietly.\" And when it was concluded, they went back to their people as warners.",
      "hausa": "Kuma a lõkcin da Muka jũya waɗansu jama'a na aljamiu zuwa gare ka sunã saurãren Alƙur'ãni. To, alõkacin da suka halarce shi suka ce: \"Ku yi shiru.\" Sa'an nan da aka ƙãre, suka jũya zuwa ga jama'arsu sunã mãsu gargaɗi."
    },
    {
      "ayah": 30,
      "arabic": "قَالُوا۟ يَـٰقَوْمَنَآ إِنَّا سَمِعْنَا كِتَـٰبًا أُنزِلَ مِنۢ بَعْدِ مُوسَىٰ مُصَدِّقًا لِّمَا بَيْنَ يَدَيْهِ يَهْدِىٓ إِلَى ٱلْحَقِّ وَإِلَىٰ طَرِيقٍ مُّسْتَقِيمٍ",
      "english": "They said, \"O our people, indeed we have heard a [recited] Book revealed after Moses confirming what was before it which guides to the truth and to a straight path.",
      "hausa": "Suka ce: \"Ya mutãnenmu! Lalle mũ, mun ji wani littãfi an saukar da shi a bãyãn Mũsã, mai gaskatãwa ga abin da ke a gaba da shi, yanã shiryarwa ga gaskiya da kuma zuwa ga hanya madaidaiciya."
    },
    {
      "ayah": 31,
      "arabic": "يَـٰقَوْمَنَآ أَجِيبُوا۟ دَاعِىَ ٱللَّهِ وَءَامِنُوا۟ بِهِۦ يَغْفِرْ لَكُم مِّن ذُنُوبِكُمْ وَيُجِرْكُم مِّنْ عَذَابٍ أَلِيمٍ",
      "english": "O our people, respond to the Messenger of Allah and believe in him; Allah will forgive for you your sins and protect you from a painful punishment.",
      "hausa": "\"Yã mutãnenmu! Ku karɓa wa mai kiran Allah, kuma ku yi ĩmãni da Shi, Ya gãfarta muku daga zunubanku, kuma ya tserar da ku daga azãba mai raɗaɗi."
    },
    {
      "ayah": 32,
      "arabic": "وَمَن لَّا يُجِبْ دَاعِىَ ٱللَّهِ فَلَيْسَ بِمُعْجِزٍ فِى ٱلْأَرْضِ وَلَيْسَ لَهُۥ مِن دُونِهِۦٓ أَوْلِيَآءُ ۚ أُو۟لَـٰٓئِكَ فِى ضَلَـٰلٍ مُّبِينٍ",
      "english": "But he who does not respond to the Caller of Allah will not cause failure [to Him] upon earth, and he will not have besides Him any protectors. Those are in manifest error.\"",
      "hausa": "\"Kuma wanda bai karɓa wa mai kiran Allah ba to bai zama mai buwãya a cikin ƙasa ba, kuma ba ya da waɗansu majiɓinta, baicin Shi. Waɗannnan sunã a cikin ɓata bayyananna.\""
    },
    {
      "ayah": 33,
      "arabic": "أَوَلَمْ يَرَوْا۟ أَنَّ ٱللَّهَ ٱلَّذِى خَلَقَ ٱلسَّمَـٰوَٰتِ وَٱلْأَرْضَ وَلَمْ يَعْىَ بِخَلْقِهِنَّ بِقَـٰدِرٍ عَلَىٰٓ أَن يُحْـِۧىَ ٱلْمَوْتَىٰ ۚ بَلَىٰٓ إِنَّهُۥ عَلَىٰ كُلِّ شَىْءٍ قَدِيرٌ",
      "english": "Do they not see that Allah, who created the heavens and earth and did not fail in their creation, is able to give life to the dead? Yes. Indeed, He is over all things competent.",
      "hausa": "Shin, kuma ba su gani ba cẽwa: \"Lalle Allah, Wanda Yã halitta sammai da ƙasa kuma bai kãsa ga halittarsu ba, Mai ĩkon yi ne a kan rãyar da matattu?\" Na'am, lalle Shi, Mai ĩkon yi ne a kan kõme."
    },
    {
      "ayah": 34,
      "arabic": "وَيَوْمَ يُعْرَضُ ٱلَّذِينَ كَفَرُوا۟ عَلَى ٱلنَّارِ أَلَيْسَ هَـٰذَا بِٱلْحَقِّ ۖ قَالُوا۟ بَلَىٰ وَرَبِّنَا ۚ قَالَ فَذُوقُوا۟ ٱلْعَذَابَ بِمَا كُنتُمْ تَكْفُرُونَ",
      "english": "And the Day those who disbelieved are exposed to the Fire [it will be said], \"Is this not the truth?\" They will say, \"Yes, by our Lord.\" He will say, \"Then taste the punishment because you used to disbelieve.\"",
      "hausa": "Kuma rãnar da ake gittar da waɗanda suka kãfirta a kan wutã, (a ce musu) \"Ashe, wannan bã gaskiya ba ne?\" Su ce: \"Na'am, gaskiya ne, mun rantse da Ubangijinmu!\" Sai Ya ce, \"To, ku ɗanɗani azãbar sabõda abin da kuka kasance kunã yi na kãfirci.\""
    },
    {
      "ayah": 35,
      "arabic": "فَٱصْبِرْ كَمَا صَبَرَ أُو۟لُوا۟ ٱلْعَزْمِ مِنَ ٱلرُّسُلِ وَلَا تَسْتَعْجِل لَّهُمْ ۚ كَأَنَّهُمْ يَوْمَ يَرَوْنَ مَا يُوعَدُونَ لَمْ يَلْبَثُوٓا۟ إِلَّا سَاعَةً مِّن نَّهَارٍۭ ۚ بَلَـٰغٌ ۚ فَهَلْ يُهْلَكُ إِلَّا ٱلْقَوْمُ ٱلْفَـٰسِقُونَ",
      "english": "So be patient, [O Muhammad], as were those of determination among the messengers and do not be impatient for them. It will be - on the Day they see that which they are promised - as though they had not remained [in the world] except an hour of a day. [This is] notification. And will [any] be destroyed except the defiantly disobedient people?",
      "hausa": "Sabõda haka, ka yi haƙuri kamar yadda mãsu ƙarfin niyya daga Manzanni suka yi haƙuri. Kuma kada ka yi musu gaggãwa. Kamar dai sũ, a rãnar da suke ganin (sakamako) abin da ake yi musu wa'adi ba su zauna ba, fãce sa'a guda daga yini. Iyarwa dai da Manzanci). Shin, akwai wanda za a halakar? (Bãbu), fãce mutãne fasiƙai."
    }
  ]
}