{
  "surah": 8,
  "hasBasmallah": false,
  "basmallah": "",
  "verses": [
    {
      "ayah": 1,
      "arabic": "يَسْـَٔلُونَكَ عَنِ ٱلْأَنفَالِ ۖ قُلِ ٱلْأَنفَالُ لِلَّهِ وَٱلرَّسُولِ ۖ فَٱتَّقُوا۟ ٱللَّهَ وَأَصْلِحُوا۟ ذَاتَ بَيْنِكُمْ ۖ وَأَطِيعُوا۟ ٱللَّهَ وَرَسُولَهُۥٓ إِن كُنتُم مُّؤْمِنِينَ",
      "english": "They ask you, [O Muhammad], about the bounties [of war]. Say, \"The [decision concerning] bounties is for Allah and the Messenger.\" So fear Allah and amend that which is between you and obey Allah and His Messenger, if you should be believers.",
      "hausa": "Suna tambayar ka ga ganĩma. ka ce: \"Ganĩma ta Allah daManzonSa ce. Sai ku bi Allah da taƙawa, kuma ku gyãra abin da yake a tsakãninku, kuma ku yi ɗã'a ga Allah da ManzonSa, idan kun kasance mũminai.\""
    },
    {
      "ayah": 2,
      "arabic": "إِنَّمَا ٱلْمُؤْمِنُونَ ٱلَّذِينَ إِذَا ذُكِرَ ٱللَّهُ وَجِلَتْ قُلُوبُهُمْ وَإِذَا تُلِيَتْ عَلَيْهِمْ ءَايَـٰتُهُۥ زَادَتْهُمْ إِيمَـٰنًا وَعَلَىٰ رَبِّهِمْ يَتَوَكَّلُونَ",
      "english": "The believers are only those who, when Allah is mentioned, their hearts become fearful, and when His verses are recited to them, it increases them in faith; and upon their Lord they rely -",
      "hausa": "Abin sani kawai, nũminai sũ ne waɗanda suke idan an ambaci, Allah, zukãtansu su firgita, kuma idan an karanta ãyõyinSa a kansu, su ƙãrã musu wani ĩmãni, kuma ga Ubangijinsu suke dõgara."
    },
    {
      "ayah": 3,
      "arabic": "ٱلَّذِينَ يُقِيمُونَ ٱلصَّلَوٰةَ وَمِمَّا رَزَقْنَـٰهُمْ يُنفِقُونَ",
      "english": "The ones who establish prayer, and from what We have provided them, they spend.",
      "hausa": "Waɗanda suke tsayar da salla, kuma daga abin da Muka azũrtã su sunã ciyarwa."
    },
    {
      "ayah": 4,
      "arabic": "أُو۟لَـٰٓئِكَ هُمُ ٱلْمُؤْمِنُونَ حَقًّا ۚ لَّهُمْ دَرَجَـٰتٌ عِندَ رَبِّهِمْ وَمَغْفِرَةٌ وَرِزْقٌ كَرِيمٌ",
      "english": "Those are the believers, truly. For them are degrees [of high position] with their Lord and forgiveness and noble provision.",
      "hausa": "Waɗannan sũ ne mũminai da gaskiya. Sunã da darajõji a wurin Ubangijinsu, da wata gãfara da arziki na karimci."
    },
    {
      "ayah": 5,
      "arabic": "كَمَآ أَخْرَجَكَ رَبُّكَ مِنۢ بَيْتِكَ بِٱلْحَقِّ وَإِنَّ فَرِيقًا مِّنَ ٱلْمُؤْمِنِينَ لَكَـٰرِهُونَ",
      "english": "[It is] just as when your Lord brought you out of your home [for the battle of Badr] in truth, while indeed, a party among the believers were unwilling,",
      "hausa": "Kamar yadda Ubangijinka Ya fitar da kai daga gidanka da gaskiya, alhãli kuwa lalle wani ɓangare na mũminai, haƙĩƙa, sunã ƙyãma."
    },
    {
      "ayah": 6,
      "arabic": "يُجَـٰدِلُونَكَ فِى ٱلْحَقِّ بَعْدَ مَا تَبَيَّنَ كَأَنَّمَا يُسَاقُونَ إِلَى ٱلْمَوْتِ وَهُمْ يَنظُرُونَ",
      "english": "Arguing with you concerning the truth after it had become clear, as if they were being driven toward death while they were looking on.",
      "hausa": "Sunã jãyayya da kai a cikin (sha'anin) gaskiya a bãyan tã bayYanã, kamar dai lalle anã kõra su zuwa ga mutuwa ne alhãli kuwa sunã kallo."
    },
    {
      "ayah": 7,
      "arabic": "وَإِذْ يَعِدُكُمُ ٱللَّهُ إِحْدَى ٱلطَّآئِفَتَيْنِ أَنَّهَا لَكُمْ وَتَوَدُّونَ أَنَّ غَيْرَ ذَاتِ ٱلشَّوْكَةِ تَكُونُ لَكُمْ وَيُرِيدُ ٱللَّهُ أَن يُحِقَّ ٱلْحَقَّ بِكَلِمَـٰتِهِۦ وَيَقْطَعَ دَابِرَ ٱلْكَـٰفِرِينَ",
      "english": "[Remember, O believers], when Allah promised you one of the two groups - that it would be yours - and you wished that the unarmed one would be yours. But Allah intended to establish the truth by His words and to eliminate the disbelievers",
      "hausa": "Kuma a lõkacin da Allah Yake yi muku alkawari da ɗayan ƙungiya biyu, cẽwa lalle ita tãku ce: kuma kunã gũrin cẽwa lalle ƙungiya wadda bã ta da ƙaya ta kasance gare ku, kuma Allah Yanã nufin Ya tabbatar da gaskiya da kalmõminSa, kuma Ya kãtse ƙarshen kãfirai;"
    },
    {
      "ayah": 8,
      "arabic": "لِيُحِقَّ ٱلْحَقَّ وَيُبْطِلَ ٱلْبَـٰطِلَ وَلَوْ كَرِهَ ٱلْمُجْرِمُونَ",
      "english": "That He should establish the truth and abolish falsehood, even if the criminals disliked it.",
      "hausa": "Dõmin Ya tabbatar da gaskiya, kuma Ya ɓãta ƙarya, kuma kõdã mãsu laifi sun ƙi."
    },
    {
      "ayah": 9,
      "arabic": "إِذْ تَسْتَغِيثُونَ رَبَّكُمْ فَٱسْتَجَابَ لَكُمْ أَنِّى مُمِدُّكُم بِأَلْفٍ مِّنَ ٱلْمَلَـٰٓئِكَةِ مُرْدِفِينَ",
      "english": "[Remember] when you asked help of your Lord, and He answered you, \"Indeed, I will reinforce you with a thousand from the angels, following one another.\"",
      "hausa": "A lõkacin da kuke nẽman Ubangijinku tairnako, sai Ya karɓa muku cẽwa: \"Lalle ne Nĩ, Mai taimakon ku ne da dubu daga malã'iku, jẽre.\""
    },
    {
      "ayah": 10,
      "arabic": "وَمَا جَعَلَهُ ٱللَّهُ إِلَّا بُشْرَىٰ وَلِتَطْمَئِنَّ بِهِۦ قُلُوبُكُمْ ۚ وَمَا ٱلنَّصْرُ إِلَّا مِنْ عِندِ ٱللَّهِ ۚ إِنَّ ٱللَّهَ عَزِيزٌ حَكِيمٌ",
      "english": "And Allah made it not but good tidings and so that your hearts would be assured thereby. And victory is not but from Allah. Indeed, Allah is Exalted in Might and Wise.",
      "hausa": "Kuma Allah bai sanya shi ba fãce Dõmin bishãra, kuma dõmin zukãtanku su natsu da shi, kuma taimakon, bai zama ba fãce daga wurin Allah; Lalle ne Allah Mabuwãyi ne, Mai hikima."
    },
    {
      "ayah": 11,
      "arabic": "إِذْ يُغَشِّيكُمُ ٱلنُّعَاسَ أَمَنَةً مِّنْهُ وَيُنَزِّلُ عَلَيْكُم مِّنَ ٱلسَّمَآءِ مَآءً لِّيُطَهِّرَكُم بِهِۦ وَيُذْهِبَ عَنكُمْ رِجْزَ ٱلشَّيْطَـٰنِ وَلِيَرْبِطَ عَلَىٰ قُلُوبِكُمْ وَيُثَبِّتَ بِهِ ٱلْأَقْدَامَ",
      "english": "[Remember] when He overwhelmed you with drowsiness [giving] security from Him and sent down upon you from the sky, rain by which to purify you and remove from you the evil [suggestions] of Satan and to make steadfast your hearts and plant firmly thereby your feet.",
      "hausa": "A lõkacin da (Allah) Yake rufe ku da gyangyaɗi, ɗõmin aminci daga gare Shi, kuma Yanã saukar da ruwa daga sama, a kanku, dõmin Ya tsarkake ku da shi, kuma Ya tafiyar da ƙazantar Shaiɗan daga barinku, kuma dõmin Ya ɗaure a kan zukãtanku, kuma Ya tabbatar da ƙafãfu da shi."
    },
    {
      "ayah": 12,
      "arabic": "إِذْ يُوحِى رَبُّكَ إِلَى ٱلْمَلَـٰٓئِكَةِ أَنِّى مَعَكُمْ فَثَبِّتُوا۟ ٱلَّذِينَ ءَامَنُوا۟ ۚ سَأُلْقِى فِى قُلُوبِ ٱلَّذِينَ كَفَرُوا۟ ٱلرُّعْبَ فَٱضْرِبُوا۟ فَوْقَ ٱلْأَعْنَاقِ وَٱضْرِبُوا۟ مِنْهُمْ كُلَّ بَنَانٍ",
      "english": "[Remember] when your Lord inspired to the angels, \"I am with you, so strengthen those who have believed. I will cast terror into the hearts of those who disbelieved, so strike [them] upon the necks and strike from them every fingertip.\"",
      "hausa": "A lõkacin da Ubangijinka Yake yin wahayi zuwa ga Malã'iku cẽwa: \"Lalle ne Ni, Inã tãre da ku, sai ku tabbatar da waɗanda suka yi ĩmãni: Zã Ni jẽfa tsõro a cikin zukãtan waɗanda suka kãfirta, sai ku yi dũka bisa ga wuyõyi kuma ku yi dũka daga gare su ga dukkan yãtsu."
    },
    {
      "ayah": 13,
      "arabic": "ذَٰلِكَ بِأَنَّهُمْ شَآقُّوا۟ ٱللَّهَ وَرَسُولَهُۥ ۚ وَمَن يُشَاقِقِ ٱللَّهَ وَرَسُولَهُۥ فَإِنَّ ٱللَّهَ شَدِيدُ ٱلْعِقَابِ",
      "english": "That is because they opposed Allah and His Messenger. And whoever opposes Allah and His Messenger - indeed, Allah is severe in penalty.",
      "hausa": "Wancan ne, dõmin lalle ne sũ, sunã sãɓa wa Allah da ManzonSa. Kuma wanda ya sãɓa wa Allah da ManzonSa, to, lalle ne Allah Mai tsananin uƙũba ne."
    },
    {
      "ayah": 14,
      "arabic": "ذَٰلِكُمْ فَذُوقُوهُ وَأَنَّ لِلْكَـٰفِرِينَ عَذَابَ ٱلنَّارِ",
      "english": "\"That [is yours], so taste it.\" And indeed for the disbelievers is the punishment of the Fire.",
      "hausa": "Wancan ne: \"Ku ɗanɗane shi, kuma lalle ne akwai azãbar wuta ga kãfirai.\""
    },
    {
      "ayah": 15,
      "arabic": "يَـٰٓأَيُّهَا ٱلَّذِينَ ءَامَنُوٓا۟ إِذَا لَقِيتُمُ ٱلَّذِينَ كَفَرُوا۟ زَحْفًا فَلَا تُوَلُّوهُمُ ٱلْأَدْبَارَ",
      "english": "O you who have believed, when you meet those who disbelieve advancing [for battle], do not turn to them your backs [in flight].",
      "hausa": "Yã kũ wacɗanda suka yiĩmãni! Idan kun haɗu da waɗanda suka kãfirta ga yãƙi, to, kada ku jũya musu bãyayyakinku."
    },
    {
      "ayah": 16,
      "arabic": "وَمَن يُوَلِّهِمْ يَوْمَئِذٍ دُبُرَهُۥٓ إِلَّا مُتَحَرِّفًا لِّقِتَالٍ أَوْ مُتَحَيِّزًا إِلَىٰ فِئَةٍ فَقَدْ بَآءَ بِغَضَبٍ مِّنَ ٱللَّهِ وَمَأْوَىٰهُ جَهَنَّمُ ۖ وَبِئْسَ ٱلْمَصِيرُ",
      "english": "And whoever turns his back to them on such a day, unless swerving [as a strategy] for war or joining [another] company, has certainly returned with anger [upon him] from Allah, and his refuge is Hell - and wretched is the destination.",
      "hausa": "Kuma duka wanda ya jũya musu bãyansa a yinin nan, fãce wanda ya karkata dõmin kõɗayya, kõ kuwa wanda ya jẽ dõmin haɗuwa da wata ƙungiya, to, lalle ne ya kõma da fushi daga Allah, kuma matattararsa Jahannama, kuma tir da makõma ita!"
    },
    {
      "ayah": 17,
      "arabic": "فَلَمْ تَقْتُلُوهُمْ وَلَـٰكِنَّ ٱللَّهَ قَتَلَهُمْ ۚ وَمَا رَمَيْتَ إِذْ رَمَيْتَ وَلَـٰكِنَّ ٱللَّهَ رَمَىٰ ۚ وَلِيُبْلِىَ ٱلْمُؤْمِنِينَ مِنْهُ بَلَآءً حَسَنًا ۚ إِنَّ ٱللَّهَ سَمِيعٌ عَلِيمٌ",
      "english": "And you did not kill them, but it was Allah who killed them. And you threw not, [O Muhammad], when you threw, but it was Allah who threw that He might test the believers with a good test. Indeed, Allah is Hearing and Knowing.",
      "hausa": "To, bã kũ ne kuka kashe su ba; kuma amma Allah ne Ya kashe su: kuma ba ka yi jĩfa ba a lõkacin da ka yi jĩfa; kuma amma Allah ne Ya yi jĩfar. Kuma dõminYa jarraba Musulmi da jarrabãwa mai kyau daga gare shi. Kuma Allah Mai ji ne, Masani."
    },
    {
      "ayah": 18,
      "arabic": "ذَٰلِكُمْ وَأَنَّ ٱللَّهَ مُوهِنُ كَيْدِ ٱلْكَـٰفِرِينَ",
      "english": "That [is so], and [also] that Allah will weaken the plot of the disbelievers.",
      "hausa": "Wancan ne, kuma lalle ne, Allah Mai raunana kaidin kãfirai ne."
    },
    {
      "ayah": 19,
      "arabic": "إِن تَسْتَفْتِحُوا۟ فَقَدْ جَآءَكُمُ ٱلْفَتْحُ ۖ وَإِن تَنتَهُوا۟ فَهُوَ خَيْرٌ لَّكُمْ ۖ وَإِن تَعُودُوا۟ نَعُدْ وَلَن تُغْنِىَ عَنكُمْ فِئَتُكُمْ شَيْـًٔا وَلَوْ كَثُرَتْ وَأَنَّ ٱللَّهَ مَعَ ٱلْمُؤْمِنِينَ",
      "english": "If you [disbelievers] seek the victory - the defeat has come to you. And if you desist [from hostilities], it is best for you; but if you return [to war], We will return, and never will you be availed by your [large] company at all, even if it should increase; and [that is] because Allah is with the believers.",
      "hausa": "Idan kun yi alfãnun cin nasara to lalle nasarar tã je muku, kuma idan kun hanu, to Shi ne Mafi alhẽri a gare ku, kuma idan kun kõma zã Mu kõma, kuma jama'arku bã zã ta wadãtar muku da kõme ba, kõ dã tã yi yawa. Kuma lalle ne cẽwa Allah Yanã tãre da mũminai!"
    },
    {
      "ayah": 20,
      "arabic": "يَـٰٓأَيُّهَا ٱلَّذِينَ ءَامَنُوٓا۟ أَطِيعُوا۟ ٱللَّهَ وَرَسُولَهُۥ وَلَا تَوَلَّوْا۟ عَنْهُ وَأَنتُمْ تَسْمَعُونَ",
      "english": "O you who have believed, obey Allah and His Messenger and do not turn from him while you hear [his order].",
      "hausa": "Yã ku waɗanda suka yi ĩmãni! Ku yi ɗã'a ga Allah da ManzonSa, kuma kada ku jũya daga barinSa, alhãli kunã ji."
    },
    {
      "ayah": 21,
      "arabic": "وَلَا تَكُونُوا۟ كَٱلَّذِينَ قَالُوا۟ سَمِعْنَا وَهُمْ لَا يَسْمَعُونَ",
      "english": "And do not be like those who say, \"We have heard,\" while they do not hear.",
      "hausa": "Kuma kada ku kasance kamar waɗanda suka ce: \"Mun ji, alhãli kuwa sũ bã su ji.\""
    },
    {
      "ayah": 22,
      "arabic": "إِنَّ شَرَّ ٱلدَّوَآبِّ عِندَ ٱللَّهِ ٱلصُّمُّ ٱلْبُكْمُ ٱلَّذِينَ لَا يَعْقِلُونَ",
      "english": "Indeed, the worst of living creatures in the sight of Allah are the deaf and dumb who do not use reason.",
      "hausa": "Lalle ne, mafi sharrin dabbõbi a wurin Allah, sũ ne kurãme, bẽbãye, waɗanda bã, su yin hankali."
    },
    {
      "ayah": 23,
      "arabic": "وَلَوْ عَلِمَ ٱللَّهُ فِيهِمْ خَيْرًا لَّأَسْمَعَهُمْ ۖ وَلَوْ أَسْمَعَهُمْ لَتَوَلَّوا۟ وَّهُم مُّعْرِضُونَ",
      "english": "Had Allah known any good in them, He would have made them hear. And if He had made them hear, they would [still] have turned away, while they were refusing.",
      "hausa": "Dã Allah Yã san wani alhẽri a cikinsu, dã Yã jiyar da su, kuma kõ da Yãjiyar da su, haƙĩƙa, dã sun jũya, alhãli sũ, sunã mãsu hinjirẽwa."
    },
    {
      "ayah": 24,
      "arabic": "يَـٰٓأَيُّهَا ٱلَّذِينَ ءَامَنُوا۟ ٱسْتَجِيبُوا۟ لِلَّهِ وَلِلرَّسُولِ إِذَا دَعَاكُمْ لِمَا يُحْيِيكُمْ ۖ وَٱعْلَمُوٓا۟ أَنَّ ٱللَّهَ يَحُولُ بَيْنَ ٱلْمَرْءِ وَقَلْبِهِۦ وَأَنَّهُۥٓ إِلَيْهِ تُحْشَرُونَ",
      "english": "O you who have believed, respond to Allah and to the Messenger when he calls you to that which gives you life. And know that Allah intervenes between a man and his heart and that to Him you will be gathered.",
      "hausa": "Yã ku waɗanda suka yi ĩmãni! Ku karɓa wa Allah, kuma ku karɓa wa Manzo, idan Ya kirãye ku zuwa ga abin da Yake rãyar da ku; Kuma ku sani cẽwa Allah Yanã shãmakacẽwa a tsakãnin mutum da zũciyarsa, kuma lalle ne Shĩ, a zuwa gare Shi ake tãra ku."
    },
    {
      "ayah": 25,
      "arabic": "وَٱتَّقُوا۟ فِتْنَةً لَّا تُصِيبَنَّ ٱلَّذِينَ ظَلَمُوا۟ مِنكُمْ خَآصَّةً ۖ وَٱعْلَمُوٓا۟ أَنَّ ٱللَّهَ شَدِيدُ ٱلْعِقَابِ",
      "english": "And fear a trial which will not strike those who have wronged among you exclusively, and know that Allah is severe in penalty.",
      "hausa": "Kuma ku ji tsõron fitina wadda bã ta sãmun waɗanda suka yi zãlunci daga gare ku kẽɓe, kuma ku sani, lalle ne Allah Mai tsananin uƙũba ne."
    },
    {
      "ayah": 26,
      "arabic": "وَٱذْكُرُوٓا۟ إِذْ أَنتُمْ قَلِيلٌ مُّسْتَضْعَفُونَ فِى ٱلْأَرْضِ تَخَافُونَ أَن يَتَخَطَّفَكُمُ ٱلنَّاسُ فَـَٔاوَىٰكُمْ وَأَيَّدَكُم بِنَصْرِهِۦ وَرَزَقَكُم مِّنَ ٱلطَّيِّبَـٰتِ لَعَلَّكُمْ تَشْكُرُونَ",
      "english": "And remember when you were few and oppressed in the land, fearing that people might abduct you, but He sheltered you, supported you with His victory, and provided you with good things - that you might be grateful.",
      "hausa": "Ku tuna a lõkacin da kuke kaɗan, waɗanda ake raunanarwã a cikin ƙasa kunã tsõron mutãne su cafe ku, sai Ya tattara ku (a wurin natsuwa, Maɗina), kuma Ya ƙarfafã ku da taimakonSa kuma Ya azurtã ku daga abũbuwa mãsu dãɗi; Tsammãninku, kunã gõdẽwa."
    },
    {
      "ayah": 27,
      "arabic": "يَـٰٓأَيُّهَا ٱلَّذِينَ ءَامَنُوا۟ لَا تَخُونُوا۟ ٱللَّهَ وَٱلرَّسُولَ وَتَخُونُوٓا۟ أَمَـٰنَـٰتِكُمْ وَأَنتُمْ تَعْلَمُونَ",
      "english": "O you who have believed, do not betray Allah and the Messenger or betray your trusts while you know [the consequence].",
      "hausa": "Yã kũ waɗanda suka yi ĩmãni! Kada ku yaudari Allah da ManzonSa, kuma ku yaudari amãnõninku, alhãli kuwa kunã sane."
    },
    {
      "ayah": 28,
      "arabic": "وَٱعْلَمُوٓا۟ أَنَّمَآ أَمْوَٰلُكُمْ وَأَوْلَـٰدُكُمْ فِتْنَةٌ وَأَنَّ ٱللَّهَ عِندَهُۥٓ أَجْرٌ عَظِيمٌ",
      "english": "And know that your properties and your children are but a trial and that Allah has with Him a great reward.",
      "hausa": "Kuma ku sani cẽwa abin sani kawai, dũkiyõyinku da 'ya'yanku, wata fitina ce, kuma lalle ne Allah, a wurinSa, akwai ijãra mai girma."
    },
    {
      "ayah": 29,
      "arabic": "يَـٰٓأَيُّهَا ٱلَّذِينَ ءَامَنُوٓا۟ إِن تَتَّقُوا۟ ٱللَّهَ يَجْعَل لَّكُمْ فُرْقَانًا وَيُكَفِّرْ عَنكُمْ سَيِّـَٔاتِكُمْ وَيَغْفِرْ لَكُمْ ۗ وَٱللَّهُ ذُو ٱلْفَضْلِ ٱلْعَظِيمِ",
      "english": "O you who have believed, if you fear Allah, He will grant you a criterion and will remove from you your misdeeds and forgive you. And Allah is the possessor of great bounty.",
      "hausa": "Ya kũ waɗanda suka yi ĩmãni! Idan kun bi Allah da taƙawa, zai sanyã muku mararraba (da tsõro) kuma Ya kankare ƙanãnan zunubanku daga barinku. Kuma Ya gãfartã muku. Kuma Allah ne Ma'abũcin falalã Mai girma."
    },
    {
      "ayah": 30,
      "arabic": "وَإِذْ يَمْكُرُ بِكَ ٱلَّذِينَ كَفَرُوا۟ لِيُثْبِتُوكَ أَوْ يَقْتُلُوكَ أَوْ يُخْرِجُوكَ ۚ وَيَمْكُرُونَ وَيَمْكُرُ ٱللَّهُ ۖ وَٱللَّهُ خَيْرُ ٱلْمَـٰكِرِينَ",
      "english": "And [remember, O Muhammad], when those who disbelieved plotted against you to restrain you or kill you or evict you [from Makkah]. But they plan, and Allah plans. And Allah is the best of planners.",
      "hausa": "Kuma a lõkacin da waɗanda suka kãfirta sukẽ yin mãkirci game da kai, dõmin su tabbatar da kai, kõ kuwa su kashe ka, kõ kuwa su fitar da kai, sunã mãkirci kuma Allah Yanã mayar musa da mãkirci kuma Allah ne Mafificin mãsu mãkirci."
    },
    {
      "ayah": 31,
      "arabic": "وَإِذَا تُتْلَىٰ عَلَيْهِمْ ءَايَـٰتُنَا قَالُوا۟ قَدْ سَمِعْنَا لَوْ نَشَآءُ لَقُلْنَا مِثْلَ هَـٰذَآ ۙ إِنْ هَـٰذَآ إِلَّآ أَسَـٰطِيرُ ٱلْأَوَّلِينَ",
      "english": "And when Our verses are recited to them, they say, \"We have heard. If we willed, we could say [something] like this. This is not but legends of the former peoples.\"",
      "hausa": "Kuma idan aka karanta, ãyõyinMu a kansu, sukan ce: \"Lalle ne mun ji dã muna so, haƙĩƙa, da mun faɗi irin wannan; wannan bai zama ba fãce tãtsunãyõyin mutãnen farko.\""
    },
    {
      "ayah": 32,
      "arabic": "وَإِذْ قَالُوا۟ ٱللَّهُمَّ إِن كَانَ هَـٰذَا هُوَ ٱلْحَقَّ مِنْ عِندِكَ فَأَمْطِرْ عَلَيْنَا حِجَارَةً مِّنَ ٱلسَّمَآءِ أَوِ ٱئْتِنَا بِعَذَابٍ أَلِيمٍ",
      "english": "And [remember] when they said, \"O Allah, if this should be the truth from You, then rain down upon us stones from the sky or bring us a painful punishment.\"",
      "hausa": "A lõkacin da suka ce: \"Yã Allah! Idan wannan ya kasancc shĩ ne gaskiya daga wurinKa, sai Ka yi ruwan duwãtsu, a kanmu, daga sama, kõ kuwa Kazõ mana da wata azãba, mai raɗaɗi.\""
    },
    {
      "ayah": 33,
      "arabic": "وَمَا كَانَ ٱللَّهُ لِيُعَذِّبَهُمْ وَأَنتَ فِيهِمْ ۚ وَمَا كَانَ ٱللَّهُ مُعَذِّبَهُمْ وَهُمْ يَسْتَغْفِرُونَ",
      "english": "But Allah would not punish them while you, [O Muhammad], are among them, and Allah would not punish them while they seek forgiveness.",
      "hausa": "Kuma Allah bai kasance Yanã yi musu azãba ba alhãli kuwa kai kanã cikinsu, kuma Allah bai kasance Mai yi musu azãba ba alhãli kuwa sunã yin istigfãri."
    },
    {
      "ayah": 34,
      "arabic": "وَمَا لَهُمْ أَلَّا يُعَذِّبَهُمُ ٱللَّهُ وَهُمْ يَصُدُّونَ عَنِ ٱلْمَسْجِدِ ٱلْحَرَامِ وَمَا كَانُوٓا۟ أَوْلِيَآءَهُۥٓ ۚ إِنْ أَوْلِيَآؤُهُۥٓ إِلَّا ٱلْمُتَّقُونَ وَلَـٰكِنَّ أَكْثَرَهُمْ لَا يَعْلَمُونَ",
      "english": "But why should Allah not punish them while they obstruct [people] from al-Masjid al- Haram and they were not [fit to be] its guardians? Its [true] guardians are not but the righteous, but most of them do not know.",
      "hausa": "Kuma mẽne ne a gare su da Allah ba zai yi musu azãba ba, alhãli kuwa sũ, sunã kangẽwa daga Masallaci Mai alfarma kuma ba su kasance majiɓintanSa ba? Bãbu majiɓintanSa fãce mãsu taƙawa. Kuma mafi yawansu ba su sani ba."
    },
    {
      "ayah": 35,
      "arabic": "وَمَا كَانَ صَلَاتُهُمْ عِندَ ٱلْبَيْتِ إِلَّا مُكَآءً وَتَصْدِيَةً ۚ فَذُوقُوا۟ ٱلْعَذَابَ بِمَا كُنتُمْ تَكْفُرُونَ",
      "english": "And their prayer at the House was not except whistling and handclapping. So taste the punishment for what you disbelieved.",
      "hausa": "Kuma sallarsu a wurin ¦ãkin ba ta kasance ba fãce shẽwa da yãyã; sai ku ɗanɗani azãba sabõda abin da kuka kasance kunã yi na kãfirci."
    },
    {
      "ayah": 36,
      "arabic": "إِنَّ ٱلَّذِينَ كَفَرُوا۟ يُنفِقُونَ أَمْوَٰلَهُمْ لِيَصُدُّوا۟ عَن سَبِيلِ ٱللَّهِ ۚ فَسَيُنفِقُونَهَا ثُمَّ تَكُونُ عَلَيْهِمْ حَسْرَةً ثُمَّ يُغْلَبُونَ ۗ وَٱلَّذِينَ كَفَرُوٓا۟ إِلَىٰ جَهَنَّمَ يُحْشَرُونَ",
      "english": "Indeed, those who disbelieve spend their wealth to avert [people] from the way of Allah. So they will spend it; then it will be for them a [source of] regret; then they will be overcome. And those who have disbelieved - unto Hell they will be gathered.",
      "hausa": "Lalle ne waɗanda suka kãfirta, sunã ciyar da dũkiyõyinsu, dõmin su kange daga hanyar Allah; to, zã a su ciyar da ita, sa' an nan kuma ta kasance nadãma a kansu, sa'an nan kuma a rinjãye su. Kuma waɗanda suka kãfirta zuwa ga Jahannama ake tãra su;"
    },
    {
      "ayah": 37,
      "arabic": "لِيَمِيزَ ٱللَّهُ ٱلْخَبِيثَ مِنَ ٱلطَّيِّبِ وَيَجْعَلَ ٱلْخَبِيثَ بَعْضَهُۥ عَلَىٰ بَعْضٍ فَيَرْكُمَهُۥ جَمِيعًا فَيَجْعَلَهُۥ فِى جَهَنَّمَ ۚ أُو۟لَـٰٓئِكَ هُمُ ٱلْخَـٰسِرُونَ",
      "english": "[This is] so that Allah may distinguish the wicked from the good and place the wicked some of them upon others and heap them all together and put them into Hell. It is those who are the losers.",
      "hausa": "Dõmin Allah Ya rarrabe mummũna daga mai kyau, kuma Ya sanya mummũnan, sãshensa a kan sãshe, sa'an nan Ya shirga shi gabã daya, sa'an nan Ya sanyã shi a cikin Jahannama. Waɗannan sũ ne mãsu hasãra."
    },
    {
      "ayah": 38,
      "arabic": "قُل لِّلَّذِينَ كَفَرُوٓا۟ إِن يَنتَهُوا۟ يُغْفَرْ لَهُم مَّا قَدْ سَلَفَ وَإِن يَعُودُوا۟ فَقَدْ مَضَتْ سُنَّتُ ٱلْأَوَّلِينَ",
      "english": "Say to those who have disbelieved [that] if they cease, what has previously occurred will be forgiven for them. But if they return [to hostility] - then the precedent of the former [rebellious] peoples has already taken place.",
      "hausa": "Ka ce wa waɗanda suka kãfirta, idan sun hanu, zã a gãfarta musu abin da ya riga ya shige, kuma idan sun kõma, to, hanyar kãfiran farko, haƙĩƙa, ta shũɗe."
    },
    {
      "ayah": 39,
      "arabic": "وَقَـٰتِلُوهُمْ حَتَّىٰ لَا تَكُونَ فِتْنَةٌ وَيَكُونَ ٱلدِّينُ كُلُّهُۥ لِلَّهِ ۚ فَإِنِ ٱنتَهَوْا۟ فَإِنَّ ٱللَّهَ بِمَا يَعْمَلُونَ بَصِيرٌ",
      "english": "And fight them until there is no fitnah and [until] the religion, all of it, is for Allah. And if they cease - then indeed, Allah is Seeing of what they do.",
      "hausa": "Kuma ku yãƙe su har wata fitina bã zã ta kasance ba, kuma addini dukansa ya kasance na Allah. To, idan sun hanu to lalle ne, Allah ia abin da kuke aikatãwa Mai gani ne."
    },
    {
      "ayah": 40,
      "arabic": "وَإِن تَوَلَّوْا۟ فَٱعْلَمُوٓا۟ أَنَّ ٱللَّهَ مَوْلَىٰكُمْ ۚ نِعْمَ ٱلْمَوْلَىٰ وَنِعْمَ ٱلنَّصِيرُ",
      "english": "But if they turn away - then know that Allah is your protector. Excellent is the protector, and Excellent is the helper.",
      "hausa": "Kuma idan sun jũya, to, ku sani cẽwa lalle Allah ne Majiɓincinku: Mãdalla da Majiɓinci, kuma mãdalla da Mai taimako, Shĩ."
    },
    {
      "ayah": 41,
      "arabic": "وَٱعْلَمُوٓا۟ أَنَّمَا غَنِمْتُم مِّن شَىْءٍ فَأَنَّ لِلَّهِ خُمُسَهُۥ وَلِلرَّسُولِ وَلِذِى ٱلْقُرْبَىٰ وَٱلْيَتَـٰمَىٰ وَٱلْمَسَـٰكِينِ وَٱبْنِ ٱلسَّبِيلِ إِن كُنتُمْ ءَامَنتُم بِٱللَّهِ وَمَآ أَنزَلْنَا عَلَىٰ عَبْدِنَا يَوْمَ ٱلْفُرْقَانِ يَوْمَ ٱلْتَقَى ٱلْجَمْعَانِ ۗ وَٱللَّهُ عَلَىٰ كُلِّ شَىْءٍ قَدِيرٌ",
      "english": "And know that anything you obtain of war booty - then indeed, for Allah is one fifth of it and for the Messenger and for [his] near relatives and the orphans, the needy, and the [stranded] traveler, if you have believed in Allah and in that which We sent down to Our Servant on the day of criterion - the day when the two armies met. And Allah, over all things, is competent.",
      "hausa": "Kuma ka sani, abin sani kawai, abin da kuka sãmi ganĩma daga wani abu, to, lalle ne Allah Yanã da humusinsa kuma da Manzo, kuma da mãsu zumunta, da marãyu da miskĩnai da ɗan hanya, idan kun kasance kun yi ĩmãni da Allah da abin da Muka saukar a kan bãwanMu a Rãnar Rarrabẽwa, a Rãnar da jama'a biyu suka haɗu, kuma Allah ne, a kan kõwane abu, Mai ĩkon yi."
    },
    {
      "ayah": 42,
      "arabic": "إِذْ أَنتُم بِٱلْعُدْوَةِ ٱلدُّنْيَا وَهُم بِٱلْعُدْوَةِ ٱلْقُصْوَىٰ وَٱلرَّكْبُ أَسْفَلَ مِنكُمْ ۚ وَلَوْ تَوَاعَدتُّمْ لَٱخْتَلَفْتُمْ فِى ٱلْمِيعَـٰدِ ۙ وَلَـٰكِن لِّيَقْضِىَ ٱللَّهُ أَمْرًا كَانَ مَفْعُولًا لِّيَهْلِكَ مَنْ هَلَكَ عَنۢ بَيِّنَةٍ وَيَحْيَىٰ مَنْ حَىَّ عَنۢ بَيِّنَةٍ ۗ وَإِنَّ ٱللَّهَ لَسَمِيعٌ عَلِيمٌ",
      "english": "[Remember] when you were on the near side of the valley, and they were on the farther side, and the caravan was lower [in position] than you. If you had made an appointment [to meet], you would have missed the appointment. But [it was] so that Allah might accomplish a matter already destined - that those who perished [through disbelief] would perish upon evidence and those who lived [in faith] would live upon evidence; and indeed, Allah is Hearing and Knowing.",
      "hausa": "A lõkacin da kuke a gãɓa ta kusa sũ kuma sunã a gãɓa tanẽsa, kuma ãyarin yana a wuri mafi gangarãwa daga gare ku, kuma dã kun yi wa jũna wa'adi, dã kun sãɓa ga wa'adin; kuma amma dõmin Allah Ya hukunta abin da yake ya kasance abin aikatãwa. Dõmin wanda yake halaka ya halaka daga shaida, kuma mai rãyuwa ya rãyu daga shaida, kuma lalle Allah ne, haƙĩƙa, Mai ji Masani."
    },
    {
      "ayah": 43,
      "arabic": "إِذْ يُرِيكَهُمُ ٱللَّهُ فِى مَنَامِكَ قَلِيلًا ۖ وَلَوْ أَرَىٰكَهُمْ كَثِيرًا لَّفَشِلْتُمْ وَلَتَنَـٰزَعْتُمْ فِى ٱلْأَمْرِ وَلَـٰكِنَّ ٱللَّهَ سَلَّمَ ۗ إِنَّهُۥ عَلِيمٌۢ بِذَاتِ ٱلصُّدُورِ",
      "english": "[Remember, O Muhammad], when Allah showed them to you in your dream as few; and if He had shown them to you as many, you [believers] would have lost courage and would have disputed in the matter [of whether to fight], but Allah saved [you from that]. Indeed, He is Knowing of that within the breasts.",
      "hausa": "A lõkacin da Allah Yake nũna maka sũ sunã kaɗan, a cikin barcinka, kuma dã Ya nũna maka su sunã da, yawa, lalle ne dã kun ji tsõro, kuma lalle ne dã kun yi jãyayya a cikin al'amarin, kuma amma Allah Yã tsare ku: Lalle Shĩ ne Masani ga abin da yake a cikin ƙirãza."
    },
    {
      "ayah": 44,
      "arabic": "وَإِذْ يُرِيكُمُوهُمْ إِذِ ٱلْتَقَيْتُمْ فِىٓ أَعْيُنِكُمْ قَلِيلًا وَيُقَلِّلُكُمْ فِىٓ أَعْيُنِهِمْ لِيَقْضِىَ ٱللَّهُ أَمْرًا كَانَ مَفْعُولًا ۗ وَإِلَى ٱللَّهِ تُرْجَعُ ٱلْأُمُورُ",
      "english": "And [remember] when He showed them to you, when you met, as few in your eyes, and He made you [appear] as few in their eyes so that Allah might accomplish a matter already destined. And to Allah are [all] matters returned.",
      "hausa": "Kuma a lõkacin da Yake nũna muku su, a lõkacin da kuka haɗu, a cikin idanunku sunã kaɗan, kuma Ya ƙarantar da ku a cikin idanunsu dõmin Allah Ya hukunta wani al'amari wanda ya kasance abin aikatãwa. Kuma zuwa ga Allah ake mayar da al'umurra."
    },
    {
      "ayah": 45,
      "arabic": "يَـٰٓأَيُّهَا ٱلَّذِينَ ءَامَنُوٓا۟ إِذَا لَقِيتُمْ فِئَةً فَٱثْبُتُوا۟ وَٱذْكُرُوا۟ ٱللَّهَ كَثِيرًا لَّعَلَّكُمْ تُفْلِحُونَ",
      "english": "O you who have believed, when you encounter a company [from the enemy forces], stand firm and remember Allah much that you may be successful.",
      "hausa": "Yã ku waɗanda suka yi ĩmãni! Idan kun haɗu da wata ƙungiyar yãƙi, to, ku tabbata, kuma ku ambaci Allah da yawa, tsammãninku kunã cin nasara."
    },
    {
      "ayah": 46,
      "arabic": "وَأَطِيعُوا۟ ٱللَّهَ وَرَسُولَهُۥ وَلَا تَنَـٰزَعُوا۟ فَتَفْشَلُوا۟ وَتَذْهَبَ رِيحُكُمْ ۖ وَٱصْبِرُوٓا۟ ۚ إِنَّ ٱللَّهَ مَعَ ٱلصَّـٰبِرِينَ",
      "english": "And obey Allah and His Messenger, and do not dispute and [thus] lose courage and [then] your strength would depart; and be patient. Indeed, Allah is with the patient.",
      "hausa": "Kuma ku yi ɗã'a ga Allah da ManzonSa, kuma kada ku yi jãyayya har ku raunana kuma iskarku ta tafi, kuma ku yi haƙuri. Lalle ne Allah Yanã tãre da mãsu haƙuri."
    },
    {
      "ayah": 47,
      "arabic": "وَلَا تَكُونُوا۟ كَٱلَّذِينَ خَرَجُوا۟ مِن دِيَـٰرِهِم بَطَرًا وَرِئَآءَ ٱلنَّاسِ وَيَصُدُّونَ عَن سَبِيلِ ٱللَّهِ ۚ وَٱللَّهُ بِمَا يَعْمَلُونَ مُحِيطٌ",
      "english": "And do not be like those who came forth from their homes insolently and to be seen by people and avert [them] from the way of Allah. And Allah is encompassing of what they do.",
      "hausa": "Kada ku kasance kamar waɗanda suka fita daga gidãjensu, sunã mãsu alfahari da yin riya ga mutãne, kuma sunã kangẽwa daga hanyar Allah. Kuma Allah ne ga abin da suke aikatãwa Mai kẽwayẽwa."
    },
    {
      "ayah": 48,
      "arabic": "وَإِذْ زَيَّنَ لَهُمُ ٱلشَّيْطَـٰنُ أَعْمَـٰلَهُمْ وَقَالَ لَا غَالِبَ لَكُمُ ٱلْيَوْمَ مِنَ ٱلنَّاسِ وَإِنِّى جَارٌ لَّكُمْ ۖ فَلَمَّا تَرَآءَتِ ٱلْفِئَتَانِ نَكَصَ عَلَىٰ عَقِبَيْهِ وَقَالَ إِنِّى بَرِىٓءٌ مِّنكُمْ إِنِّىٓ أَرَىٰ مَا لَا تَرَوْنَ إِنِّىٓ أَخَافُ ٱللَّهَ ۚ وَٱللَّهُ شَدِيدُ ٱلْعِقَابِ",
      "english": "And [remember] when Satan made their deeds pleasing to them and said, \"No one can overcome you today from among the people, and indeed, I am your protector.\" But when the two armies sighted each other, he turned on his heels and said, \"Indeed, I am disassociated from you. Indeed, I see what you do not see; indeed I fear Allah. And Allah is severe in penalty.\"",
      "hausa": "Kuma a lõkacin da Shaiɗan ya ƙawãce musu ayyukansu, kuma ya ce: \"Bãbu marinjayi a gareku a yau daga mutãne, kuma nĩ maƙwabci ne gare ku.\" To, a lõkacin da ƙungiya biyu suka haɗu, ya kõma a kan digãdigansa, kuma ya ce: \"Lalle ne nĩ barrantacce ne daga gare ku! Nĩ inã ganin abin da bã ku gani; ni inã tsõron Allah: Kuma Allah Mai tsananin uƙũba ne.\""
    },
    {
      "ayah": 49,
      "arabic": "إِذْ يَقُولُ ٱلْمُنَـٰفِقُونَ وَٱلَّذِينَ فِى قُلُوبِهِم مَّرَضٌ غَرَّ هَـٰٓؤُلَآءِ دِينُهُمْ ۗ وَمَن يَتَوَكَّلْ عَلَى ٱللَّهِ فَإِنَّ ٱللَّهَ عَزِيزٌ حَكِيمٌ",
      "english": "[Remember] when the hypocrites and those in whose hearts was disease said, \"Their religion has deluded those [Muslims].\" But whoever relies upon Allah - then indeed, Allah is Exalted in Might and Wise.",
      "hausa": "A lõkacin da munãfukai da waɗanda suke akwai cũtã a cikin zukãtansu, suke cẽwa: \"Addĩnin waɗannan yã rũɗe su\" Kuma wanda ya dõgara ga Allah, to, lalle ne Allah Mabuwãyi ne, Mai hikima."
    },
    {
      "ayah": 50,
      "arabic": "وَلَوْ تَرَىٰٓ إِذْ يَتَوَفَّى ٱلَّذِينَ كَفَرُوا۟ ۙ ٱلْمَلَـٰٓئِكَةُ يَضْرِبُونَ وُجُوهَهُمْ وَأَدْبَـٰرَهُمْ وَذُوقُوا۟ عَذَابَ ٱلْحَرِيقِ",
      "english": "And if you could but see when the angels take the souls of those who disbelieved... They are striking their faces and their backs and [saying], \"Taste the punishment of the Burning Fire.",
      "hausa": "Kuma dã kã gani, a lõkacin da Malã'iku suke karɓar rãyukan waɗanda suka kãfirta, sunã dukar fuskõkinsu da ɗuwãwunsu, kuma suna cẽwa: \"Ku ɗanɗani azãbar Gõbara.\""
    },
    {
      "ayah": 51,
      "arabic": "ذَٰلِكَ بِمَا قَدَّمَتْ أَيْدِيكُمْ وَأَنَّ ٱللَّهَ لَيْسَ بِظَلَّـٰمٍ لِّلْعَبِيدِ",
      "english": "That is for what your hands have put forth [of evil] and because Allah is not ever unjust to His servants.\"",
      "hausa": "\"Wancan sabõda abin da hannãyenku suka gabãtar ne. Kuma lalle ne, Allah bai zama Mai zãlunci ba ga, bãyinSa.\""
    },
    {
      "ayah": 52,
      "arabic": "كَدَأْبِ ءَالِ فِرْعَوْنَ ۙ وَٱلَّذِينَ مِن قَبْلِهِمْ ۚ كَفَرُوا۟ بِـَٔايَـٰتِ ٱللَّهِ فَأَخَذَهُمُ ٱللَّهُ بِذُنُوبِهِمْ ۗ إِنَّ ٱللَّهَ قَوِىٌّ شَدِيدُ ٱلْعِقَابِ",
      "english": "[Theirs is] like the custom of the people of Pharaoh and of those before them. They disbelieved in the signs of Allah, so Allah seized them for their sins. Indeed, Allah is Powerful and severe in penalty.",
      "hausa": "\"Kamar al'ãdar mutãnen Fir'auna da waɗanda suke gabãninsu, sun kãfirta da ãyõyin Allah, sai Allah Ya kãma su da zunubansu. Lalle Allah ne Mai ƙarfi, Mai tsananin uƙũba."
    },
    {
      "ayah": 53,
      "arabic": "ذَٰلِكَ بِأَنَّ ٱللَّهَ لَمْ يَكُ مُغَيِّرًا نِّعْمَةً أَنْعَمَهَا عَلَىٰ قَوْمٍ حَتَّىٰ يُغَيِّرُوا۟ مَا بِأَنفُسِهِمْ ۙ وَأَنَّ ٱللَّهَ سَمِيعٌ عَلِيمٌ",
      "english": "That is because Allah would not change a favor which He had bestowed upon a people until they change what is within themselves. And indeed, Allah is Hearing and Knowing.",
      "hausa": "\"Wancan ne, dõmin lalle ne, Allah bai kasance Mai canza wata ni'ima wadda ya ni'imtar da ita a kan wasu mutãne ba fãce sun sãke abin da yake ga rãyukansu, kuma dõmin lalle Allah ne Mai jĩ, Masani.\""
    },
    {
      "ayah": 54,
      "arabic": "كَدَأْبِ ءَالِ فِرْعَوْنَ ۙ وَٱلَّذِينَ مِن قَبْلِهِمْ ۚ كَذَّبُوا۟ بِـَٔايَـٰتِ رَبِّهِمْ فَأَهْلَكْنَـٰهُم بِذُنُوبِهِمْ وَأَغْرَقْنَآ ءَالَ فِرْعَوْنَ ۚ وَكُلٌّ كَانُوا۟ ظَـٰلِمِينَ",
      "english": "[Theirs is] like the custom of the people of Pharaoh and of those before them. They denied the signs of their Lord, so We destroyed them for their sins, and We drowned the people of Pharaoh. And all [of them] were wrongdoers.",
      "hausa": "Kamar al'adar mutãnen Fir'auna da waɗanda suke a gabãninsu, sun ƙaryata game da ãyõyin Ubangijinsu, sai Muka halaka su, sabõda zunubansu, kuma Muka nutsar da mutãnen Fir'auna. Kuma dukansu sun kasance ne mãsu zãlunci."
    },
    {
      "ayah": 55,
      "arabic": "إِنَّ شَرَّ ٱلدَّوَآبِّ عِندَ ٱللَّهِ ٱلَّذِينَ كَفَرُوا۟ فَهُمْ لَا يُؤْمِنُونَ",
      "english": "Indeed, the worst of living creatures in the sight of Allah are those who have disbelieved, and they will not [ever] believe -",
      "hausa": "Lalle mafi sharrin dabbõbi a wurin Allah, sũ ne waɗanda suka kãfirta, sa'an nan bã zã su yi ĩmãni ba."
    },
    {
      "ayah": 56,
      "arabic": "ٱلَّذِينَ عَـٰهَدتَّ مِنْهُمْ ثُمَّ يَنقُضُونَ عَهْدَهُمْ فِى كُلِّ مَرَّةٍ وَهُمْ لَا يَتَّقُونَ",
      "english": "The ones with whom you made a treaty but then they break their pledge every time, and they do not fear Allah.",
      "hausa": "Waɗanda ka yi ƙullin alkawari da su, daga gare su, sa'an nan kuma sunã warwarewar alkawarinsu a kõwane lõkaci kuma sũ, bã su yin taƙawa."
    },
    {
      "ayah": 57,
      "arabic": "فَإِمَّا تَثْقَفَنَّهُمْ فِى ٱلْحَرْبِ فَشَرِّدْ بِهِم مَّنْ خَلْفَهُمْ لَعَلَّهُمْ يَذَّكَّرُونَ",
      "english": "So if you, [O Muhammad], gain dominance over them in war, disperse by [means of] them those behind them that perhaps they will be reminded.",
      "hausa": "To, in dai ka kãma su a cikin yãƙi, sai ka kõre waɗanda suke a bãyansu, game da su, tsammãninsu, zã su dinga tunãwa."
    },
    {
      "ayah": 58,
      "arabic": "وَإِمَّا تَخَافَنَّ مِن قَوْمٍ خِيَانَةً فَٱنۢبِذْ إِلَيْهِمْ عَلَىٰ سَوَآءٍ ۚ إِنَّ ٱللَّهَ لَا يُحِبُّ ٱلْخَآئِنِينَ",
      "english": "If you [have reason to] fear from a people betrayal, throw [their treaty] back to them, [putting you] on equal terms. Indeed, Allah does not like traitors.",
      "hausa": "Kuma in ka ji tsõron wata yaudara daga wasu mutãne, to, ka jẽfar da alkawarin, zuwa gare su, a kan daidaita: Lalle ne Allah, bã Ya son mayaudara."
    },
    {
      "ayah": 59,
      "arabic": "وَلَا يَحْسَبَنَّ ٱلَّذِينَ كَفَرُوا۟ سَبَقُوٓا۟ ۚ إِنَّهُمْ لَا يُعْجِزُونَ",
      "english": "And let not those who disbelieve think they will escape. Indeed, they will not cause failure [to Allah].",
      "hausa": "Kuma waɗanda suka kãfirta kada su yi zaton sun tsẽre: Lalle ne sũ, bã zã su gãgara ba."
    },
    {
      "ayah": 60,
      "arabic": "وَأَعِدُّوا۟ لَهُم مَّا ٱسْتَطَعْتُم مِّن قُوَّةٍ وَمِن رِّبَاطِ ٱلْخَيْلِ تُرْهِبُونَ بِهِۦ عَدُوَّ ٱللَّهِ وَعَدُوَّكُمْ وَءَاخَرِينَ مِن دُونِهِمْ لَا تَعْلَمُونَهُمُ ٱللَّهُ يَعْلَمُهُمْ ۚ وَمَا تُنفِقُوا۟ مِن شَىْءٍ فِى سَبِيلِ ٱللَّهِ يُوَفَّ إِلَيْكُمْ وَأَنتُمْ لَا تُظْلَمُونَ",
      "english": "And prepare against them whatever you are able of power and of steeds of war by which you may terrify the enemy of Allah and your enemy and others besides them whom you do not know [but] whom Allah knows. And whatever you spend in the cause of Allah will be fully repaid to you, and you will not be wronged.",
      "hausa": "Kuma ku yi tattali, dõminsu, abin da kuka sãmi ĩkon yi na wani ƙarfi, kuma da ajiye dawaki, kunã tsoratarwa, game da shi, ga maƙiyin Allah kuma maƙiyinku da wasu, baicin su, ba ku san su ba, Allah ne Yake sanin su, kuma abin da kuka ciyar daga wani abu a cikin hanyar Allah, zã a cika muku sakamakonsa, kuma kũ ba a zãluntar ku."
    },
    {
      "ayah": 61,
      "arabic": "وَإِن جَنَحُوا۟ لِلسَّلْمِ فَٱجْنَحْ لَهَا وَتَوَكَّلْ عَلَى ٱللَّهِ ۚ إِنَّهُۥ هُوَ ٱلسَّمِيعُ ٱلْعَلِيمُ",
      "english": "And if they incline to peace, then incline to it [also] and rely upon Allah. Indeed, it is He who is the Hearing, the Knowing.",
      "hausa": "Kuma idan sun karkata zuwa ga zaman lãfiya, to, ka karkata zuwa gare shi, kuma ka dõgara ga Allah: Lalle ne Shĩ, Mai ji ne Masani."
    },
    {
      "ayah": 62,
      "arabic": "وَإِن يُرِيدُوٓا۟ أَن يَخْدَعُوكَ فَإِنَّ حَسْبَكَ ٱللَّهُ ۚ هُوَ ٱلَّذِىٓ أَيَّدَكَ بِنَصْرِهِۦ وَبِٱلْمُؤْمِنِينَ",
      "english": "But if they intend to deceive you - then sufficient for you is Allah. It is He who supported you with His help and with the believers",
      "hausa": "Kuma idan sun yi nufin su yaudare ka, to, lalle ma'ishinka Allah ne, Shĩ ne wanda Ya ƙarfafa ka da taimakonSa, kuma da mũminai."
    },
    {
      "ayah": 63,
      "arabic": "وَأَلَّفَ بَيْنَ قُلُوبِهِمْ ۚ لَوْ أَنفَقْتَ مَا فِى ٱلْأَرْضِ جَمِيعًا مَّآ أَلَّفْتَ بَيْنَ قُلُوبِهِمْ وَلَـٰكِنَّ ٱللَّهَ أَلَّفَ بَيْنَهُمْ ۚ إِنَّهُۥ عَزِيزٌ حَكِيمٌ",
      "english": "And brought together their hearts. If you had spent all that is in the earth, you could not have brought their hearts together; but Allah brought them together. Indeed, He is Exalted in Might and Wise.",
      "hausa": "Kuma Ya sanya sõyayya a tsakãnin zukãtansu. Dã kã ciyar da abin da yake cikin ƙasa, gabã ɗaya, dã ba ka sanya sõyayya a tsakãnin zukãtansu ba, kuma amma Allah Yã sanya sõyayya a tsakãninsu. Lalle Shi ne Mabuwãyi, Mai hikima."
    },
    {
      "ayah": 64,
      "arabic": "يَـٰٓأَيُّهَا ٱلنَّبِىُّ حَسْبُكَ ٱللَّهُ وَمَنِ ٱتَّبَعَكَ مِنَ ٱلْمُؤْمِنِينَ",
      "english": "O Prophet, sufficient for you is Allah and for whoever follows you of the believers.",
      "hausa": "Ya kai Annabi! Ma'ishinka Allah ne, kai da wanda ya biye maka daga mũminai."
    },
    {
      "ayah": 65,
      "arabic": "يَـٰٓأَيُّهَا ٱلنَّبِىُّ حَرِّضِ ٱلْمُؤْمِنِينَ عَلَى ٱلْقِتَالِ ۚ إِن يَكُن مِّنكُمْ عِشْرُونَ صَـٰبِرُونَ يَغْلِبُوا۟ مِا۟ئَتَيْنِ ۚ وَإِن يَكُن مِّنكُم مِّا۟ئَةٌ يَغْلِبُوٓا۟ أَلْفًا مِّنَ ٱلَّذِينَ كَفَرُوا۟ بِأَنَّهُمْ قَوْمٌ لَّا يَفْقَهُونَ",
      "english": "O Prophet, urge the believers to battle. If there are among you twenty [who are] steadfast, they will overcome two hundred. And if there are among you one hundred [who are] steadfast, they will overcome a thousand of those who have disbelieved because they are a people who do not understand.",
      "hausa": "Ya kai Annabi! Ka kwaɗaitar da mũminai a kan yãƙi. Idan mutum ashirin mãsu haƙuri sun kasance daga gare ku, zã su rinjãyi mẽtan kuma idan ɗari suka kasance daga gare ku, zã su rinjãyi dubu daga waɗanda suka kãfirta, dõmin sũ, mutãne ne bã su fahimta."
    },
    {
      "ayah": 66,
      "arabic": "ٱلْـَٔـٰنَ خَفَّفَ ٱللَّهُ عَنكُمْ وَعَلِمَ أَنَّ فِيكُمْ ضَعْفًا ۚ فَإِن يَكُن مِّنكُم مِّا۟ئَةٌ صَابِرَةٌ يَغْلِبُوا۟ مِا۟ئَتَيْنِ ۚ وَإِن يَكُن مِّنكُمْ أَلْفٌ يَغْلِبُوٓا۟ أَلْفَيْنِ بِإِذْنِ ٱللَّهِ ۗ وَٱللَّهُ مَعَ ٱلصَّـٰبِرِينَ",
      "english": "Now, Allah has lightened [the hardship] for you, and He knows that among you is weakness. So if there are from you one hundred [who are] steadfast, they will overcome two hundred. And if there are among you a thousand, they will overcome two thousand by permission of Allah. And Allah is with the steadfast.",
      "hausa": "A yanzu Allah Yã sauƙaƙe daga gare ku, kuma Yã sani cẽwa lalle ne akwai mãsu rauni a cikinku. To, idan mutum ɗari, mãsu haƙuri, suka kasance daga gare ku, zã su rinjãyi mẽtan, kuma idan dubu suka kasance daga gare ku, zã su rinjãyi dubu biyu, da iznin Allah. Kuma Allah Yanã tãre da mãsu haƙuri."
    },
    {
      "ayah": 67,
      "arabic": "مَا كَانَ لِنَبِىٍّ أَن يَكُونَ لَهُۥٓ أَسْرَىٰ حَتَّىٰ يُثْخِنَ فِى ٱلْأَرْضِ ۚ تُرِيدُونَ عَرَضَ ٱلدُّنْيَا وَٱللَّهُ يُرِيدُ ٱلْـَٔاخِرَةَ ۗ وَٱللَّهُ عَزِيزٌ حَكِيمٌ",
      "english": "It is not for a prophet to have captives [of war] until he inflicts a massacre [upon Allah 's enemies] in the land. Some Muslims desire the commodities of this world, but Allah desires [for you] the Hereafter. And Allah is Exalted in Might and Wise.",
      "hausa": "Bã ya kasancewa ga wani annabi, kãmammu su kasance a gare shi sai (bãyan) yã zubar da jinainai a cikin ƙasa. Kunã nufin sifar dũniya kuma Allah Yanãnufin Lãhira. Kuma Allah ne Mabuwãyi, Mai hikima."
    },
    {
      "ayah": 68,
      "arabic": "لَّوْلَا كِتَـٰبٌ مِّنَ ٱللَّهِ سَبَقَ لَمَسَّكُمْ فِيمَآ أَخَذْتُمْ عَذَابٌ عَظِيمٌ",
      "english": "If not for a decree from Allah that preceded, you would have been touched for what you took by a great punishment.",
      "hausa": "Bã dõmin wani Littãfi daga Allah ba, wanda ya gabãta, dã azãba mai girma daga Allah tã shãfe ku a cikin abin da kuka kãma."
    },
    {
      "ayah": 69,
      "arabic": "فَكُلُوا۟ مِمَّا غَنِمْتُمْ حَلَـٰلًا طَيِّبًا ۚ وَٱتَّقُوا۟ ٱللَّهَ ۚ إِنَّ ٱللَّهَ غَفُورٌ رَّحِيمٌ",
      "english": "So consume what you have taken of war booty [as being] lawful and good, and fear Allah. Indeed, Allah is Forgiving and Merciful.",
      "hausa": "Sabõda haka, ku ci daga abin da kuka sãmu ganĩma, Yanã halal mai kyau. Kuma ku bi Allah da taƙawa. Lalle Allah ne Mai gãfara, Mai jin ƙai."
    },
    {
      "ayah": 70,
      "arabic": "يَـٰٓأَيُّهَا ٱلنَّبِىُّ قُل لِّمَن فِىٓ أَيْدِيكُم مِّنَ ٱلْأَسْرَىٰٓ إِن يَعْلَمِ ٱللَّهُ فِى قُلُوبِكُمْ خَيْرًا يُؤْتِكُمْ خَيْرًا مِّمَّآ أُخِذَ مِنكُمْ وَيَغْفِرْ لَكُمْ ۗ وَٱللَّهُ غَفُورٌ رَّحِيمٌ",
      "english": "O Prophet, say to whoever is in your hands of the captives, \"If Allah knows [any] good in your hearts, He will give you [something] better than what was taken from you, and He will forgive you; and Allah is Forgiving and Merciful.\"",
      "hausa": "Ya kai Annabi! Ka ce wa wanda yake a cikin hannãyenku daga kãmammu: \"Idan Allah Ya san akwai wani alhẽri a cikin zukãtanku, zai kawo muku mafi alhẽri daga abin da aka karɓa daga gare ku, kuma Ya yi muku gãfara. Kuma Allah ne Mai gãfara, Mai jin ƙai.\""
    },
    {
      "ayah": 71,
      "arabic": "وَإِن يُرِيدُوا۟ خِيَانَتَكَ فَقَدْ خَانُوا۟ ٱللَّهَ مِن قَبْلُ فَأَمْكَنَ مِنْهُمْ ۗ وَٱللَّهُ عَلِيمٌ حَكِيمٌ",
      "english": "But if they intend to betray you - then they have already betrayed Allah before, and He empowered [you] over them. And Allah is Knowing and Wise.",
      "hausa": "Kuma idan sun yi nufin yaudararka, to, haƙĩƙa, sun yaudari Allahdaga gabãni sai Ya bãyar da dãmã daga gare su: Kuma Allah ne Masani, Mai hikima."
    },
    {
      "ayah": 72,
      "arabic": "إِنَّ ٱلَّذِينَ ءَامَنُوا۟ وَهَاجَرُوا۟ وَجَـٰهَدُوا۟ بِأَمْوَٰلِهِمْ وَأَنفُسِهِمْ فِى سَبِيلِ ٱللَّهِ وَٱلَّذِينَ ءَاوَوا۟ وَّنَصَرُوٓا۟ أُو۟لَـٰٓئِكَ بَعْضُهُمْ أَوْلِيَآءُ بَعْضٍ ۚ وَٱلَّذِينَ ءَامَنُوا۟ وَلَمْ يُهَاجِرُوا۟ مَا لَكُم مِّن وَلَـٰيَتِهِم مِّن شَىْءٍ حَتَّىٰ يُهَاجِرُوا۟ ۚ وَإِنِ ٱسْتَنصَرُوكُمْ فِى ٱلدِّينِ فَعَلَيْكُمُ ٱلنَّصْرُ إِلَّا عَلَىٰ قَوْمٍۭ بَيْنَكُمْ وَبَيْنَهُم مِّيثَـٰقٌ ۗ وَٱللَّهُ بِمَا تَعْمَلُونَ بَصِيرٌ",
      "english": "Indeed, those who have believed and emigrated and fought with their wealth and lives in the cause of Allah and those who gave shelter and aided - they are allies of one another. But those who believed and did not emigrate - for you there is no guardianship of them until they emigrate. And if they seek help of you for the religion, then you must help, except against a people between yourselves and whom is a treaty. And Allah is Seeing of what you do.",
      "hausa": "Lalle ne waɗanda suka yi ĩmãni, kuma suka yi hijira, kuma suka yi jihãdi da dũkiyõyinsuda rãyukansu, a cikin hanyar Allah, da waɗanda suka bãyar da masauki, kuma suka yi taimako. Waɗancan, sãshensu waliyyai ne ga sãshe. Kuma waɗanda suka yi ĩmãni kuma ba su yi hijira ba, bã ku da wani abu daga waliccinsu, sai sun yi hijira. Kuma idan suka nẽme ku taimako a cikin addini, to taimako yã wajaba a kanku, fãce a kan mutãne waɗanda a tsakãninku da tsakãninsu akwai wani alkwari. Kuma Allah ne, ga abin da kuke aikatãwa, Mai gani."
    },
    {
      "ayah": 73,
      "arabic": "وَٱلَّذِينَ كَفَرُوا۟ بَعْضُهُمْ أَوْلِيَآءُ بَعْضٍ ۚ إِلَّا تَفْعَلُوهُ تَكُن فِتْنَةٌ فِى ٱلْأَرْضِ وَفَسَادٌ كَبِيرٌ",
      "english": "And those who disbelieved are allies of one another. If you do not do so, there will be fitnah on earth and great corruption.",
      "hausa": "Kuma waɗanda suka kãfirta sãshensu ne waliyyan sãshe, idan ba ku aikata shi ba, wata fitina zã ta kasance a cikin ƙasa, da fasãdi babba."
    },
    {
      "ayah": 74,
      "arabic": "وَٱلَّذِينَ ءَامَنُوا۟ وَهَاجَرُوا۟ وَجَـٰهَدُوا۟ فِى سَبِيلِ ٱللَّهِ وَٱلَّذِينَ ءَاوَوا۟ وَّنَصَرُوٓا۟ أُو۟لَـٰٓئِكَ هُمُ ٱلْمُؤْمِنُونَ حَقًّا ۚ لَّهُم مَّغْفِرَةٌ وَرِزْقٌ كَرِيمٌ",
      "english": "But those who have believed and emigrated and fought in the cause of Allah and those who gave shelter and aided - it is they who are the believers, truly. For them is forgiveness and noble provision.",
      "hausa": "Kuma waɗanda suka yi ĩmãni kuma suka yi hijira, kuma suka yi Jihãdi, a cikin hanyar Allah, kuma da waɗanda suka bãyar da masauki, kuma suka yi tamiako, waɗannan sũ ne mũminai da gaskiya, sunãda gãfara da wani abinci na karimci."
    },
    {
      "ayah": 75,
      "arabic": "وَٱلَّذِينَ ءَامَنُوا۟ مِنۢ بَعْدُ وَهَاجَرُوا۟ وَجَـٰهَدُوا۟ مَعَكُمْ فَأُو۟لَـٰٓئِكَ مِنكُمْ ۚ وَأُو۟لُوا۟ ٱلْأَرْحَامِ بَعْضُهُمْ أَوْلَىٰ بِبَعْضٍ فِى كِتَـٰبِ ٱللَّهِ ۗ إِنَّ ٱللَّهَ بِكُلِّ شَىْءٍ عَلِيمٌۢ",
      "english": "And those who believed after [the initial emigration] and emigrated and fought with you - they are of you. But those of [blood] relationship are more entitled [to inheritance] in the decree of Allah. Indeed, Allah is Knowing of all things.",
      "hausa": "Kuma waɗanda suka yi ĩmãni daga bãya, kuma suka yi hijira kuma suka yi jihãdi tãre da ku, to, waɗannan daga gare ku suke. Kuma ma'abũta zumunta, sãshensu ne waliyyan sãshe a cikin Littãfin Allah. Lalle Allah ne ga dukkan kõme Masani."
    }
  ]
}