{
  "surah": 109,
  "hasBasmallah": false,
  "basmallah": "",
  "verses": [
    {
      "ayah": 1,
      "arabic": "قُلْ يَـٰٓأَيُّهَا ٱلْكَـٰفِرُونَ",
      "english": "Say, \"O disbelievers,",
      "hausa": "Ka ce: \"Ya kũ kãfirai!\""
    },
    {
      "ayah": 2,
      "arabic": "لَآ أَعْبُدُ مَا تَعْبُدُونَ",
      "english": "I do not worship what you worship.",
      "hausa": "\"Bã zan bautã wa abin da kuke bautã wa ba.\""
    },
    {
      "ayah": 3,
      "arabic": "وَلَآ أَنتُمْ عَـٰبِدُونَ مَآ أَعْبُدُ",
      "english": "Nor are you worshippers of what I worship.",
      "hausa": "\"Kuma kũ, ba ku zama masu bauta wa abin da nake bautã wa ba.\""
    },
    {
      "ayah": 4,
      "arabic": "وَلَآ أَنَا۠ عَابِدٌ مَّا عَبَدتُّمْ",
      "english": "Nor will I be a worshipper of what you worship.",
      "hausa": "\"Kuma nĩ ban zama mai bautã wa abin da kuka bautã wa ba.\""
    },
    {
      "ayah": 5,
      "arabic": "وَلَآ أَنتُمْ عَـٰبِدُونَ مَآ أَعْبُدُ",
      "english": "Nor will you be worshippers of what I worship.",
      "hausa": "\"Kuma kũ, ba ku zama mãsu bautã wa abin da nake bautã wa ba.\""
    },
    {
      "ayah": 6,
      "arabic": "لَكُمْ دِينُكُمْ وَلِىَ دِينِ",
      "english": "For you is your religion, and for me is my religion.\"",
      "hausa": "\"Addininku na garẽ ku, kuma addinina yanã gare ni.\""
    }
  ]
}