{
  "surah": 90,
  "hasBasmallah": false,
  "basmallah": "",
  "verses": [
    {
      "ayah": 1,
      "arabic": "لَآ أُقْسِمُ بِهَـٰذَا ٱلْبَلَدِ",
      "english": "I swear by this city, Makkah -",
      "hausa": "Bã sai Na yi rantsuwa da wannan gari ba."
    },
    {
      "ayah": 2,
      "arabic": "وَأَنتَ حِلٌّۢ بِهَـٰذَا ٱلْبَلَدِ",
      "english": "And you, [O Muhammad], are free of restriction in this city -",
      "hausa": "Alhãli kai kanã mai sauka a cikin wannan gari."
    },
    {
      "ayah": 3,
      "arabic": "وَوَالِدٍ وَمَا وَلَدَ",
      "english": "And [by] the father and that which was born [of him],",
      "hausa": "Da mahaifi da abin da ya haifa."
    },
    {
      "ayah": 4,
      "arabic": "لَقَدْ خَلَقْنَا ٱلْإِنسَـٰنَ فِى كَبَدٍ",
      "english": "We have certainly created man into hardship.",
      "hausa": "Lalle ne, Mun halitta mutum cikin wahala."
    },
    {
      "ayah": 5,
      "arabic": "أَيَحْسَبُ أَن لَّن يَقْدِرَ عَلَيْهِ أَحَدٌ",
      "english": "Does he think that never will anyone overcome him?",
      "hausa": "Kõ yanã zaton bãbu wani mai iya sãmun iko, a kansa?"
    },
    {
      "ayah": 6,
      "arabic": "يَقُولُ أَهْلَكْتُ مَالًا لُّبَدًا",
      "english": "He says, \"I have spent wealth in abundance.\"",
      "hausa": "Yana cẽwa \"Na halakarda dũkiya mai yawa,\""
    },
    {
      "ayah": 7,
      "arabic": "أَيَحْسَبُ أَن لَّمْ يَرَهُۥٓ أَحَدٌ",
      "english": "Does he think that no one has seen him?",
      "hausa": "Shin, yana zaton cewa wani bai gan shi ba?"
    },
    {
      "ayah": 8,
      "arabic": "أَلَمْ نَجْعَل لَّهُۥ عَيْنَيْنِ",
      "english": "Have We not made for him two eyes?",
      "hausa": "Shin, ba Mu sanya masa idãnu biyu ba?"
    },
    {
      "ayah": 9,
      "arabic": "وَلِسَانًا وَشَفَتَيْنِ",
      "english": "And a tongue and two lips?",
      "hausa": "Da harshe, da leɓɓa biyu."
    },
    {
      "ayah": 10,
      "arabic": "وَهَدَيْنَـٰهُ ٱلنَّجْدَيْنِ",
      "english": "And have shown him the two ways?",
      "hausa": "Kuma ba Mu shiryar da shi ga hanyõyi biyu ba?"
    },
    {
      "ayah": 11,
      "arabic": "فَلَا ٱقْتَحَمَ ٱلْعَقَبَةَ",
      "english": "But he has not broken through the difficult pass.",
      "hausa": "To, don mene ne bai shiga Aƙabã ba?"
    },
    {
      "ayah": 12,
      "arabic": "وَمَآ أَدْرَىٰكَ مَا ٱلْعَقَبَةُ",
      "english": "And what can make you know what is [breaking through] the difficult pass?",
      "hausa": "Kuma mene ne ya sanar da kai abin da ake cẽ wa Aƙabã?"
    },
    {
      "ayah": 13,
      "arabic": "فَكُّ رَقَبَةٍ",
      "english": "It is the freeing of a slave",
      "hausa": "Ita ce fansar wuyan bãwa."
    },
    {
      "ayah": 14,
      "arabic": "أَوْ إِطْعَـٰمٌ فِى يَوْمٍ ذِى مَسْغَبَةٍ",
      "english": "Or feeding on a day of severe hunger",
      "hausa": "Ko kuwa ciyarwa, a cikin yini ma'abũcin yunwa."
    },
    {
      "ayah": 15,
      "arabic": "يَتِيمًا ذَا مَقْرَبَةٍ",
      "english": "An orphan of near relationship",
      "hausa": "Ga marãya ma'abũcin zumunta."
    },
    {
      "ayah": 16,
      "arabic": "أَوْ مِسْكِينًا ذَا مَتْرَبَةٍ",
      "english": "Or a needy person in misery",
      "hausa": "Ko kuwa wani matalauci ma'abũcin turɓãya."
    },
    {
      "ayah": 17,
      "arabic": "ثُمَّ كَانَ مِنَ ٱلَّذِينَ ءَامَنُوا۟ وَتَوَاصَوْا۟ بِٱلصَّبْرِ وَتَوَاصَوْا۟ بِٱلْمَرْحَمَةِ",
      "english": "And then being among those who believed and advised one another to patience and advised one another to compassion.",
      "hausa": "Sa'an nan kuma ya kasance daga waɗanda suka yi ĩmãni, kuma suka yi wa jũna wasiyya da yin haƙuri, kuma suka yi wa jũna wasiyya da tausayi."
    },
    {
      "ayah": 18,
      "arabic": "أُو۟لَـٰٓئِكَ أَصْحَـٰبُ ٱلْمَيْمَنَةِ",
      "english": "Those are the companions of the right.",
      "hausa": "Waɗannan ne ma'abũta albarka"
    },
    {
      "ayah": 19,
      "arabic": "وَٱلَّذِينَ كَفَرُوا۟ بِـَٔايَـٰتِنَا هُمْ أَصْحَـٰبُ ٱلْمَشْـَٔمَةِ",
      "english": "But they who disbelieved in Our signs - those are the companions of the left.",
      "hausa": "Kuma waɗanda suka kãfirta da ãyõyinMu, sũ ne ma'abũta shu'umci"
    },
    {
      "ayah": 20,
      "arabic": "عَلَيْهِمْ نَارٌ مُّؤْصَدَةٌۢ",
      "english": "Over them will be fire closed in.",
      "hausa": "A kansu akwai wata wuta abar kullewa."
    }
  ]
}