{
  "surah": 63,
  "hasBasmallah": false,
  "basmallah": "",
  "verses": [
    {
      "ayah": 1,
      "arabic": "إِذَا جَآءَكَ ٱلْمُنَـٰفِقُونَ قَالُوا۟ نَشْهَدُ إِنَّكَ لَرَسُولُ ٱللَّهِ ۗ وَٱللَّهُ يَعْلَمُ إِنَّكَ لَرَسُولُهُۥ وَٱللَّهُ يَشْهَدُ إِنَّ ٱلْمُنَـٰفِقِينَ لَكَـٰذِبُونَ",
      "english": "When the hypocrites come to you, [O Muhammad], they say, \"We testify that you are the Messenger of Allah.\" And Allah knows that you are His Messenger, and Allah testifies that the hypocrites are liars.",
      "hausa": "Idan munãfukai suka jẽ maka suka ce: \"Munẽ shaidar lalle kai haƙĩƙa Manzon Allah ne,\" Kuma Allah Yanã sane da lalle Kai, haƙĩƙa ManzonSa ne, kuma Allah Yanã shaida lalle munafukan haƙĩƙa, maƙaryata ne."
    },
    {
      "ayah": 2,
      "arabic": "ٱتَّخَذُوٓا۟ أَيْمَـٰنَهُمْ جُنَّةً فَصَدُّوا۟ عَن سَبِيلِ ٱللَّهِ ۚ إِنَّهُمْ سَآءَ مَا كَانُوا۟ يَعْمَلُونَ",
      "english": "They have taken their oaths as a cover, so they averted [people] from the way of Allah. Indeed, it was evil that they were doing.",
      "hausa": "Sun riƙi rantsuwõwinsu garkuwa, sai suka taushe daga tafarkin Allah. Lalle sũ abin da suka kasance sunã aikatãwa ya mũnana."
    },
    {
      "ayah": 3,
      "arabic": "ذَٰلِكَ بِأَنَّهُمْ ءَامَنُوا۟ ثُمَّ كَفَرُوا۟ فَطُبِعَ عَلَىٰ قُلُوبِهِمْ فَهُمْ لَا يَفْقَهُونَ",
      "english": "That is because they believed, and then they disbelieved; so their hearts were sealed over, and they do not understand.",
      "hausa": "Wancan, dõmin lalle sũ, sun yi ĩmãni, sa'an nan kuma suka kãfirta, sai aka yunƙe a kan zukãtansu. Sabõda sũ, bã su fahimta."
    },
    {
      "ayah": 4,
      "arabic": "وَإِذَا رَأَيْتَهُمْ تُعْجِبُكَ أَجْسَامُهُمْ ۖ وَإِن يَقُولُوا۟ تَسْمَعْ لِقَوْلِهِمْ ۖ كَأَنَّهُمْ خُشُبٌ مُّسَنَّدَةٌ ۖ يَحْسَبُونَ كُلَّ صَيْحَةٍ عَلَيْهِمْ ۚ هُمُ ٱلْعَدُوُّ فَٱحْذَرْهُمْ ۚ قَـٰتَلَهُمُ ٱللَّهُ ۖ أَنَّىٰ يُؤْفَكُونَ",
      "english": "And when you see them, their forms please you, and if they speak, you listen to their speech. [They are] as if they were pieces of wood propped up - they think that every shout is against them. They are the enemy, so beware of them. May Allah destroy them; how are they deluded?",
      "hausa": "Kuma idan kã gan su, sai jikunansu su bã ka sha'awa kuma idan sun faɗa, zã ka saurãra ga maganarsu. Kamar dai sũ ƙyami ne wanda aka jingine. Sunã zaton kõwace tsãwa a kansu take. Sũ ne maƙiyan, sai ka yi saunarsu. Allah Yã la'ane su. Yãya ake karkatar da su?"
    },
    {
      "ayah": 5,
      "arabic": "وَإِذَا قِيلَ لَهُمْ تَعَالَوْا۟ يَسْتَغْفِرْ لَكُمْ رَسُولُ ٱللَّهِ لَوَّوْا۟ رُءُوسَهُمْ وَرَأَيْتَهُمْ يَصُدُّونَ وَهُم مُّسْتَكْبِرُونَ",
      "english": "And when it is said to them, \"Come, the Messenger of Allah will ask forgiveness for you,\" they turn their heads aside and you see them evading while they are arrogant.",
      "hausa": "Kuma idan aka ce musu \"Ku zo Manzon Allah ya nẽma maku gãfara,\" Sai su gyãɗa kãwunansu, kuma ka gan su sunã kangẽwa, alhãli kuwa sunã mãsu girman kai."
    },
    {
      "ayah": 6,
      "arabic": "سَوَآءٌ عَلَيْهِمْ أَسْتَغْفَرْتَ لَهُمْ أَمْ لَمْ تَسْتَغْفِرْ لَهُمْ لَن يَغْفِرَ ٱللَّهُ لَهُمْ ۚ إِنَّ ٱللَّهَ لَا يَهْدِى ٱلْقَوْمَ ٱلْفَـٰسِقِينَ",
      "english": "It is all the same for them whether you ask forgiveness for them or do not ask forgiveness for them; never will Allah forgive them. Indeed, Allah does not guide the defiantly disobedient people.",
      "hausa": "Daidai ne a kansu, kã nẽma musu gãfara kõ ba ka nẽmamusu ba. faufau Allah bã zai gãfarta musu ba. Lalle Allah, bã zai shiryar da mutãne fãsiƙai ba."
    },
    {
      "ayah": 7,
      "arabic": "هُمُ ٱلَّذِينَ يَقُولُونَ لَا تُنفِقُوا۟ عَلَىٰ مَنْ عِندَ رَسُولِ ٱللَّهِ حَتَّىٰ يَنفَضُّوا۟ ۗ وَلِلَّهِ خَزَآئِنُ ٱلسَّمَـٰوَٰتِ وَٱلْأَرْضِ وَلَـٰكِنَّ ٱلْمُنَـٰفِقِينَ لَا يَفْقَهُونَ",
      "english": "They are the ones who say, \"Do not spend on those who are with the Messenger of Allah until they disband.\" And to Allah belongs the depositories of the heavens and the earth, but the hypocrites do not understand.",
      "hausa": "Sũ ne waɗanda ke cẽwa \"Kada ku ciyar a kan wanda ke wurin Manzon Allah har su wãtse,\" alhali kuwa taskõkin sammai da ƙasa ga Allah suke kuma amma munãfukai bã su fahimta."
    },
    {
      "ayah": 8,
      "arabic": "يَقُولُونَ لَئِن رَّجَعْنَآ إِلَى ٱلْمَدِينَةِ لَيُخْرِجَنَّ ٱلْأَعَزُّ مِنْهَا ٱلْأَذَلَّ ۚ وَلِلَّهِ ٱلْعِزَّةُ وَلِرَسُولِهِۦ وَلِلْمُؤْمِنِينَ وَلَـٰكِنَّ ٱلْمُنَـٰفِقِينَ لَا يَعْلَمُونَ",
      "english": "They say, \"If we return to al-Madinah, the more honored [for power] will surely expel therefrom the more humble.\" And to Allah belongs [all] honor, and to His Messenger, and to the believers, but the hypocrites do not know.",
      "hausa": "Sunã cẽwa \"Lalle ne idan mun kõma zuwa Madĩnar, haƙĩƙa mafi rinjaya zai fitar da mafi ƙasƙanta daga gare ta, alhãli kuwa rinjãyar ga Allah take kuma da ManzonSa, kuma da mũminai, kuma amma munãfikai ba su sani ba.\""
    },
    {
      "ayah": 9,
      "arabic": "يَـٰٓأَيُّهَا ٱلَّذِينَ ءَامَنُوا۟ لَا تُلْهِكُمْ أَمْوَٰلُكُمْ وَلَآ أَوْلَـٰدُكُمْ عَن ذِكْرِ ٱللَّهِ ۚ وَمَن يَفْعَلْ ذَٰلِكَ فَأُو۟لَـٰٓئِكَ هُمُ ٱلْخَـٰسِرُونَ",
      "english": "O you who have believed, let not your wealth and your children divert you from remembrance of Allah. And whoever does that - then those are the losers.",
      "hausa": "Ya ku waɗanda suka yi ĩmãni! Kada dũkiyõyinku da ɗiyanku su shagaltar da ku daga ambaton Allah. Kuma wanda ya yi haka, to, waɗannan sũ ne mãsu hasãra."
    },
    {
      "ayah": 10,
      "arabic": "وَأَنفِقُوا۟ مِن مَّا رَزَقْنَـٰكُم مِّن قَبْلِ أَن يَأْتِىَ أَحَدَكُمُ ٱلْمَوْتُ فَيَقُولَ رَبِّ لَوْلَآ أَخَّرْتَنِىٓ إِلَىٰٓ أَجَلٍ قَرِيبٍ فَأَصَّدَّقَ وَأَكُن مِّنَ ٱلصَّـٰلِحِينَ",
      "english": "And spend [in the way of Allah] from what We have provided you before death approaches one of you and he says, \"My Lord, if only You would delay me for a brief term so I would give charity and be among the righteous.\"",
      "hausa": "Kuma ku ciyar daga abin da Muka azurta ku daga gãbanin mutuwa ta je wa ɗayanku har ya ce: \"Yã Ubangijina! Don me ba Ka yi mini jinkiri ba zuwa ga wani ajali makusanci dõmin in gaskata kuma in kasance daga sãlihai?\""
    },
    {
      "ayah": 11,
      "arabic": "وَلَن يُؤَخِّرَ ٱللَّهُ نَفْسًا إِذَا جَآءَ أَجَلُهَا ۚ وَٱللَّهُ خَبِيرٌۢ بِمَا تَعْمَلُونَ",
      "english": "But never will Allah delay a soul when its time has come. And Allah is Acquainted with what you do.",
      "hausa": "Kuma Allah bã zai jinkirta wa wani rai ba idan ajalinsa ya je. Kuma Allah Masani ne ga abin da suke aikatãwa."
    }
  ]
}