{
  "surah": 87,
  "hasBasmallah": false,
  "basmallah": "",
  "verses": [
    {
      "ayah": 1,
      "arabic": "سَبِّحِ ٱسْمَ رَبِّكَ ٱلْأَعْلَى",
      "english": "Exalt the name of your Lord, the Most High,",
      "hausa": "Ka tsarkake sũnan Ubangijinka Mafi ɗaukaka."
    },
    {
      "ayah": 2,
      "arabic": "ٱلَّذِى خَلَقَ فَسَوَّىٰ",
      "english": "Who created and proportioned",
      "hausa": "Wanda Yã yi halitta sa'an nan Ya daidaita abin halittar."
    },
    {
      "ayah": 3,
      "arabic": "وَٱلَّذِى قَدَّرَ فَهَدَىٰ",
      "english": "And who destined and [then] guided",
      "hausa": "Kuma Wanda Ya ƙaddara (abin da Ya so) sannan Ya shiryar, (da mutum ga hanyar alhẽri da ta sharri)."
    },
    {
      "ayah": 4,
      "arabic": "وَٱلَّذِىٓ أَخْرَجَ ٱلْمَرْعَىٰ",
      "english": "And who brings out the pasture",
      "hausa": "Kuma Wanda Ya fitar da makiyãyã."
    },
    {
      "ayah": 5,
      "arabic": "فَجَعَلَهُۥ غُثَآءً أَحْوَىٰ",
      "english": "And [then] makes it black stubble.",
      "hausa": "Sa'an nan Ya mayar da ita ƙeƙasassa, baƙa."
    },
    {
      "ayah": 6,
      "arabic": "سَنُقْرِئُكَ فَلَا تَنسَىٰٓ",
      "english": "We will make you recite, [O Muhammad], and you will not forget,",
      "hausa": "Za mu karantar da kai (Alƙur'ãni) sabõda haka bã zã ka mantã (shi) ba."
    },
    {
      "ayah": 7,
      "arabic": "إِلَّا مَا شَآءَ ٱللَّهُ ۚ إِنَّهُۥ يَعْلَمُ ٱلْجَهْرَ وَمَا يَخْفَىٰ",
      "english": "Except what Allah should will. Indeed, He knows what is declared and what is hidden.",
      "hausa": "Fãce abin da Allah Ya so, lalle ne Shi (Allah) Ya san bayyane da abin da yake bõye."
    },
    {
      "ayah": 8,
      "arabic": "وَنُيَسِّرُكَ لِلْيُسْرَىٰ",
      "english": "And We will ease you toward ease.",
      "hausa": "Kuma za Mu sauƙaƙe maka (al'amari) zuwa ga (Shari'a) mai sauƙi."
    },
    {
      "ayah": 9,
      "arabic": "فَذَكِّرْ إِن نَّفَعَتِ ٱلذِّكْرَىٰ",
      "english": "So remind, if the reminder should benefit;",
      "hausa": "Sabõda baka, ka tunãtar, idan tunatarwa zã ta yi amfãni."
    },
    {
      "ayah": 10,
      "arabic": "سَيَذَّكَّرُ مَن يَخْشَىٰ",
      "english": "He who fears [Allah] will be reminded.",
      "hausa": "Wanda yake tsõron (Allah) Zai tuna."
    },
    {
      "ayah": 11,
      "arabic": "وَيَتَجَنَّبُهَا ٱلْأَشْقَى",
      "english": "But the wretched one will avoid it -",
      "hausa": "Kuma shaƙiyyi, zai nisanceta,"
    },
    {
      "ayah": 12,
      "arabic": "ٱلَّذِى يَصْلَى ٱلنَّارَ ٱلْكُبْرَىٰ",
      "english": "[He] who will [enter and] burn in the greatest Fire,",
      "hausa": "Wanda zai shiga wutar da tã fi girma."
    },
    {
      "ayah": 13,
      "arabic": "ثُمَّ لَا يَمُوتُ فِيهَا وَلَا يَحْيَىٰ",
      "english": "Neither dying therein nor living.",
      "hausa": "Sa'an nan bã zai mutu ba a cikinta, kuma bã zai rãyu ba."
    },
    {
      "ayah": 14,
      "arabic": "قَدْ أَفْلَحَ مَن تَزَكَّىٰ",
      "english": "He has certainly succeeded who purifies himself",
      "hausa": "Lalle ne wanda ya tsarkaka (da ĩmãni) yã sãmu babban rabo."
    },
    {
      "ayah": 15,
      "arabic": "وَذَكَرَ ٱسْمَ رَبِّهِۦ فَصَلَّىٰ",
      "english": "And mentions the name of his Lord and prays.",
      "hausa": "Kuma ya ambaci sũnan Ubangijinsa, sa'an nan yã yi salla."
    },
    {
      "ayah": 16,
      "arabic": "بَلْ تُؤْثِرُونَ ٱلْحَيَوٰةَ ٱلدُّنْيَا",
      "english": "But you prefer the worldly life,",
      "hausa": "Ba haka ba! Kunã zãɓin rãyuwa ta kusa dũniya."
    },
    {
      "ayah": 17,
      "arabic": "وَٱلْـَٔاخِرَةُ خَيْرٌ وَأَبْقَىٰٓ",
      "english": "While the Hereafter is better and more enduring.",
      "hausa": "Alhãli Lãhira ita ce mafi alheri kuma mafi wanzuwa."
    },
    {
      "ayah": 18,
      "arabic": "إِنَّ هَـٰذَا لَفِى ٱلصُّحُفِ ٱلْأُولَىٰ",
      "english": "Indeed, this is in the former scriptures,",
      "hausa": "Lalle ne, wannan yanã a cikin littafan farko."
    },
    {
      "ayah": 19,
      "arabic": "صُحُفِ إِبْرَٰهِيمَ وَمُوسَىٰ",
      "english": "The scriptures of Abraham and Moses.",
      "hausa": "Littaffan Ibrãhĩm da Mũsã."
    }
  ]
}