{
  "surah": 98,
  "hasBasmallah": false,
  "basmallah": "",
  "verses": [
    {
      "ayah": 1,
      "arabic": "لَمْ يَكُنِ ٱلَّذِينَ كَفَرُوا۟ مِنْ أَهْلِ ٱلْكِتَـٰبِ وَٱلْمُشْرِكِينَ مُنفَكِّينَ حَتَّىٰ تَأْتِيَهُمُ ٱلْبَيِّنَةُ",
      "english": "Those who disbelieved among the People of the Scripture and the polytheists were not to be parted [from misbelief] until there came to them clear evidence -",
      "hausa": "Waɗanda suka kãfirta daga mũtanen Littafi, da mushirikai, ba su kasance masu gushewa daga gaskiya ba har hujja ta je musu."
    },
    {
      "ayah": 2,
      "arabic": "رَسُولٌ مِّنَ ٱللَّهِ يَتْلُوا۟ صُحُفًا مُّطَهَّرَةً",
      "english": "A Messenger from Allah, reciting purified scriptures",
      "hausa": "Wani Manzo daga Allah, yana karatun wasu takardu masu tsarki."
    },
    {
      "ayah": 3,
      "arabic": "فِيهَا كُتُبٌ قَيِّمَةٌ",
      "english": "Within which are correct writings.",
      "hausa": "A cikinsu akwai wasu littafai mãsu ƙĩma da daraja."
    },
    {
      "ayah": 4,
      "arabic": "وَمَا تَفَرَّقَ ٱلَّذِينَ أُوتُوا۟ ٱلْكِتَـٰبَ إِلَّا مِنۢ بَعْدِ مَا جَآءَتْهُمُ ٱلْبَيِّنَةُ",
      "english": "Nor did those who were given the Scripture become divided until after there had come to them clear evidence.",
      "hausa": "Kuma waɗanda aka bai wa Littafi ba su sãɓa wa juna ba face bayan hujjar ta je musu."
    },
    {
      "ayah": 5,
      "arabic": "وَمَآ أُمِرُوٓا۟ إِلَّا لِيَعْبُدُوا۟ ٱللَّهَ مُخْلِصِينَ لَهُ ٱلدِّينَ حُنَفَآءَ وَيُقِيمُوا۟ ٱلصَّلَوٰةَ وَيُؤْتُوا۟ ٱلزَّكَوٰةَ ۚ وَذَٰلِكَ دِينُ ٱلْقَيِّمَةِ",
      "english": "And they were not commanded except to worship Allah, [being] sincere to Him in religion, inclining to truth, and to establish prayer and to give zakah. And that is the correct religion.",
      "hausa": "Kuma ba a umarce su da kome ba fãce bauta wa Allah suna mãsu tsarkake addinin gare Shi, mãsu karkata zuwa ga addinin gaskiya, kuma su tsai da salla kuma su bãyar da zakka, kuma wannan shi ne addinin waɗanda suke a kan hanyar ƙwarai."
    },
    {
      "ayah": 6,
      "arabic": "إِنَّ ٱلَّذِينَ كَفَرُوا۟ مِنْ أَهْلِ ٱلْكِتَـٰبِ وَٱلْمُشْرِكِينَ فِى نَارِ جَهَنَّمَ خَـٰلِدِينَ فِيهَآ ۚ أُو۟لَـٰٓئِكَ هُمْ شَرُّ ٱلْبَرِيَّةِ",
      "english": "Indeed, they who disbelieved among the People of the Scripture and the polytheists will be in the fire of Hell, abiding eternally therein. Those are the worst of creatures.",
      "hausa": "Lalle ne waɗanda suka kafirta daga mutanen Littafi da mushirikai sana cikin wutar Jahannama suna madawwama a cikinta. Waɗannan su ne mafi ashararancin tãlikai."
    },
    {
      "ayah": 7,
      "arabic": "إِنَّ ٱلَّذِينَ ءَامَنُوا۟ وَعَمِلُوا۟ ٱلصَّـٰلِحَـٰتِ أُو۟لَـٰٓئِكَ هُمْ خَيْرُ ٱلْبَرِيَّةِ",
      "english": "Indeed, they who have believed and done righteous deeds - those are the best of creatures.",
      "hausa": "Lalle ne waɗanda suka yi ĩmani, kuma suka aikata ayyukan ƙwarai, waɗannan su ne mafifita alherin halitta."
    },
    {
      "ayah": 8,
      "arabic": "جَزَآؤُهُمْ عِندَ رَبِّهِمْ جَنَّـٰتُ عَدْنٍ تَجْرِى مِن تَحْتِهَا ٱلْأَنْهَـٰرُ خَـٰلِدِينَ فِيهَآ أَبَدًا ۖ رَّضِىَ ٱللَّهُ عَنْهُمْ وَرَضُوا۟ عَنْهُ ۚ ذَٰلِكَ لِمَنْ خَشِىَ رَبَّهُۥ",
      "english": "Their reward with Allah will be gardens of perpetual residence beneath which rivers flow, wherein they will abide forever, Allah being pleased with them and they with Him. That is for whoever has feared his Lord.",
      "hausa": "Sakamakonsu, a wurin Ubangijinsu, shi ne gidajen Aljannar zama, ƙoramu na gudãna daga ƙarƙashinsu sunã madawwama a cikinta har abada. Allah Ya yarda da su, kuma su, sun yarda da Shi. wannan sakamako ne ga wanda ya ji tsõron Ubangijinsa."
    }
  ]
}