{
  "surah": 69,
  "hasBasmallah": false,
  "basmallah": "",
  "verses": [
    {
      "ayah": 1,
      "arabic": "ٱلْحَآقَّةُ",
      "english": "The Inevitable Reality -",
      "hausa": "Kiran gaskiya!"
    },
    {
      "ayah": 2,
      "arabic": "مَا ٱلْحَآقَّةُ",
      "english": "What is the Inevitable Reality?",
      "hausa": "Mẽne ne kiran gaskiya?"
    },
    {
      "ayah": 3,
      "arabic": "وَمَآ أَدْرَىٰكَ مَا ٱلْحَآقَّةُ",
      "english": "And what can make you know what is the Inevitable Reality?",
      "hausa": "Kuma mẽ ya sanar da kai abin da ake cẽwa kiran gaskiya?"
    },
    {
      "ayah": 4,
      "arabic": "كَذَّبَتْ ثَمُودُ وَعَادٌۢ بِٱلْقَارِعَةِ",
      "english": "Thamud and 'Aad denied the Striking Calamity.",
      "hausa": "Samũdãwa da Ãdãwa sun ƙaryatar da kiran gaskiya mai dũkar zũciya!"
    },
    {
      "ayah": 5,
      "arabic": "فَأَمَّا ثَمُودُ فَأُهْلِكُوا۟ بِٱلطَّاغِيَةِ",
      "english": "So as for Thamud, they were destroyed by the overpowering [blast].",
      "hausa": "To, amma Samũdãwa to, an halakãsu da tsãwa mai tsanani."
    },
    {
      "ayah": 6,
      "arabic": "وَأَمَّا عَادٌ فَأُهْلِكُوا۟ بِرِيحٍ صَرْصَرٍ عَاتِيَةٍ",
      "english": "And as for 'Aad, they were destroyed by a screaming, violent wind",
      "hausa": "Kuma amma Ãdãwa to, an halaka su da wata iska mai tsananin sauti wadda ta ƙẽtare haddi."
    },
    {
      "ayah": 7,
      "arabic": "سَخَّرَهَا عَلَيْهِمْ سَبْعَ لَيَالٍ وَثَمَـٰنِيَةَ أَيَّامٍ حُسُومًا فَتَرَى ٱلْقَوْمَ فِيهَا صَرْعَىٰ كَأَنَّهُمْ أَعْجَازُ نَخْلٍ خَاوِيَةٍ",
      "english": "Which Allah imposed upon them for seven nights and eight days in succession, so you would see the people therein fallen as if they were hollow trunks of palm trees.",
      "hausa": "(Allah) Ya hõre ta a kansu a cikin dare bakwai da yini takwas, biye da jũna, sabõda haka, kana ganin mutãne a cikinta kwance. Kamar sũ ƙirãruwan dabĩno ne, waɗanda suka fãɗi."
    },
    {
      "ayah": 8,
      "arabic": "فَهَلْ تَرَىٰ لَهُم مِّنۢ بَاقِيَةٍ",
      "english": "Then do you see of them any remains?",
      "hausa": "To, kõ kanã ganin abin da ya yi saurã daga cikinsu?"
    },
    {
      "ayah": 9,
      "arabic": "وَجَآءَ فِرْعَوْنُ وَمَن قَبْلَهُۥ وَٱلْمُؤْتَفِكَـٰتُ بِٱلْخَاطِئَةِ",
      "english": "And there came Pharaoh and those before him and the overturned cities with sin.",
      "hausa": "Kuma Fir'auna yã zo da waɗanda ke gabãninsa, da waɗannan da aka kife ƙasarsu, sabõda laifi."
    },
    {
      "ayah": 10,
      "arabic": "فَعَصَوْا۟ رَسُولَ رَبِّهِمْ فَأَخَذَهُمْ أَخْذَةً رَّابِيَةً",
      "english": "And they disobeyed the messenger of their Lord, so He seized them with a seizure exceeding [in severity].",
      "hausa": "Dõmin sun sãɓã wa manzon Ubangijinsu, sabõda haka ya kãmã su da wani irin kãmu mai ƙãruwar (tsanani)."
    },
    {
      "ayah": 11,
      "arabic": "إِنَّا لَمَّا طَغَا ٱلْمَآءُ حَمَلْنَـٰكُمْ فِى ٱلْجَارِيَةِ",
      "english": "Indeed, when the water overflowed, We carried your ancestors in the sailing ship",
      "hausa": "Lalle ne, Mũ, a lõkacin da ruwa ya ƙẽtare haddi, Munɗauke aaku a cikin jirgin ruwan nan."
    },
    {
      "ayah": 12,
      "arabic": "لِنَجْعَلَهَا لَكُمْ تَذْكِرَةً وَتَعِيَهَآ أُذُنٌ وَٰعِيَةٌ",
      "english": "That We might make it for you a reminder and [that] a conscious ear would be conscious of it.",
      "hausa": "Dõmin Mu sanya shi, gare ku abin tunãwa kuma wani kunne mai kiyayewa ya kiyaye (shi)."
    },
    {
      "ayah": 13,
      "arabic": "فَإِذَا نُفِخَ فِى ٱلصُّورِ نَفْخَةٌ وَٰحِدَةٌ",
      "english": "Then when the Horn is blown with one blast",
      "hausa": "To, idan an yi bũsa a cikin ƙaho, bũsa ɗaya."
    },
    {
      "ayah": 14,
      "arabic": "وَحُمِلَتِ ٱلْأَرْضُ وَٱلْجِبَالُ فَدُكَّتَا دَكَّةً وَٰحِدَةً",
      "english": "And the earth and the mountains are lifted and leveled with one blow -",
      "hausa": "Kuma aka ɗauki ƙasa da duwãtsu, kuma aka niƙa su niƙãwa ɗaya."
    },
    {
      "ayah": 15,
      "arabic": "فَيَوْمَئِذٍ وَقَعَتِ ٱلْوَاقِعَةُ",
      "english": "Then on that Day, the Resurrection will occur,",
      "hausa": "A ran nan, mai aukuwa zã ta auku."
    },
    {
      "ayah": 16,
      "arabic": "وَٱنشَقَّتِ ٱلسَّمَآءُ فَهِىَ يَوْمَئِذٍ وَاهِيَةٌ",
      "english": "And the heaven will split [open], for that Day it is infirm.",
      "hausa": "Kuma sama zã ta tsãge, dõmin ita a ran nan, mai rauni ce."
    },
    {
      "ayah": 17,
      "arabic": "وَٱلْمَلَكُ عَلَىٰٓ أَرْجَآئِهَا ۚ وَيَحْمِلُ عَرْشَ رَبِّكَ فَوْقَهُمْ يَوْمَئِذٍ ثَمَـٰنِيَةٌ",
      "english": "And the angels are at its edges. And there will bear the Throne of your Lord above them, that Day, eight [of them].",
      "hausa": "Kuma malã'iku (su bayyana) a kan sãsanninta, kuma wasu (malã'iku) takwas na ɗauke da Al'arshin Ubangijinka, a sama da su, a wannan rãnar."
    },
    {
      "ayah": 18,
      "arabic": "يَوْمَئِذٍ تُعْرَضُونَ لَا تَخْفَىٰ مِنكُمْ خَافِيَةٌ",
      "english": "That Day, you will be exhibited [for judgement]; not hidden among you is anything concealed.",
      "hausa": "A rãnar nan zã a bijirã ku (dõmin hisãbi), bãbu wani rai, mai ɓoyewa, daga cikinku, wanda zai iya ɓõyẽwa."
    },
    {
      "ayah": 19,
      "arabic": "فَأَمَّا مَنْ أُوتِىَ كِتَـٰبَهُۥ بِيَمِينِهِۦ فَيَقُولُ هَآؤُمُ ٱقْرَءُوا۟ كِتَـٰبِيَهْ",
      "english": "So as for he who is given his record in his right hand, he will say, \"Here, read my record!",
      "hausa": "To, amma wanda aka bai wa littãfinsa a dãmansa, sai ya ce wa (makusantansa), \"Ku karɓa, ku karanta littafina.\""
    },
    {
      "ayah": 20,
      "arabic": "إِنِّى ظَنَنتُ أَنِّى مُلَـٰقٍ حِسَابِيَهْ",
      "english": "Indeed, I was certain that I would be meeting my account.\"",
      "hausa": "\"Lalle ne ni, nã tabbata cewa ni mai haɗuwa da hisãbina ne.\""
    },
    {
      "ayah": 21,
      "arabic": "فَهُوَ فِى عِيشَةٍ رَّاضِيَةٍ",
      "english": "So he will be in a pleasant life -",
      "hausa": "Sabõda haka, shi yana cikin wata rãyuwa yardadda."
    },
    {
      "ayah": 22,
      "arabic": "فِى جَنَّةٍ عَالِيَةٍ",
      "english": "In an elevated garden,",
      "hausa": "A cikin Aljanna maɗaukakiya."
    },
    {
      "ayah": 23,
      "arabic": "قُطُوفُهَا دَانِيَةٌ",
      "english": "Its [fruit] to be picked hanging near.",
      "hausa": "Nunannun 'yã'yan itãcenta makusantã ne (ga mai son ɗĩba),"
    },
    {
      "ayah": 24,
      "arabic": "كُلُوا۟ وَٱشْرَبُوا۟ هَنِيٓـًٔۢا بِمَآ أَسْلَفْتُمْ فِى ٱلْأَيَّامِ ٱلْخَالِيَةِ",
      "english": "[They will be told], \"Eat and drink in satisfaction for what you put forth in the days past.\"",
      "hausa": "(Ana ce musu) \"Ku ci, kuma ku sha a cikin ni'ima, sabõda abin da kuka gabãtar a cikin kwãnukan da suka shige.\""
    },
    {
      "ayah": 25,
      "arabic": "وَأَمَّا مَنْ أُوتِىَ كِتَـٰبَهُۥ بِشِمَالِهِۦ فَيَقُولُ يَـٰلَيْتَنِى لَمْ أُوتَ كِتَـٰبِيَهْ",
      "english": "But as for he who is given his record in his left hand, he will say, \"Oh, I wish I had not been given my record",
      "hausa": "Kuma wanda aka bai wa littãfinsa ga hagunsa, sai ya ce: \"Kaitona, ba a kãwo mini littãfina ba!\""
    },
    {
      "ayah": 26,
      "arabic": "وَلَمْ أَدْرِ مَا حِسَابِيَهْ",
      "english": "And had not known what is my account.",
      "hausa": "\"Kuma ban san abin da (ke sakamakon) hisãbina ba!\""
    },
    {
      "ayah": 27,
      "arabic": "يَـٰلَيْتَهَا كَانَتِ ٱلْقَاضِيَةَ",
      "english": "I wish my death had been the decisive one.",
      "hausa": "\"In dã dai ita, tã kasance mai halakã ni gabã ɗaya ce!"
    },
    {
      "ayah": 28,
      "arabic": "مَآ أَغْنَىٰ عَنِّى مَالِيَهْ ۜ",
      "english": "My wealth has not availed me.",
      "hausa": "\"Dukiyãta ba ta wadatar da ni ba!\""
    },
    {
      "ayah": 29,
      "arabic": "هَلَكَ عَنِّى سُلْطَـٰنِيَهْ",
      "english": "Gone from me is my authority.\"",
      "hausa": "\"Ĩkona ya ɓace mini!\""
    },
    {
      "ayah": 30,
      "arabic": "خُذُوهُ فَغُلُّوهُ",
      "english": "[Allah will say], \"Seize him and shackle him.",
      "hausa": "(Sai a ce wa malã'iku) \"Ku kãmã shi, sa'an nan ku sanyã shi a cikin ƙuƙumi.\""
    },
    {
      "ayah": 31,
      "arabic": "ثُمَّ ٱلْجَحِيمَ صَلُّوهُ",
      "english": "Then into Hellfire drive him.",
      "hausa": "\"Sa'an nan, a cikin Jahĩm, ku ƙõna shi.\""
    },
    {
      "ayah": 32,
      "arabic": "ثُمَّ فِى سِلْسِلَةٍ ذَرْعُهَا سَبْعُونَ ذِرَاعًا فَٱسْلُكُوهُ",
      "english": "Then into a chain whose length is seventy cubits insert him.\"",
      "hausa": "\"Sa'an nan, acikin sarƙa, tsawonta zirã'i saba'in, sai ku sanya shi.\""
    },
    {
      "ayah": 33,
      "arabic": "إِنَّهُۥ كَانَ لَا يُؤْمِنُ بِٱللَّهِ ٱلْعَظِيمِ",
      "english": "Indeed, he did not used to believe in Allah, the Most Great,",
      "hausa": "\"Lalle ne, shi ya kasance ba ya yin ĩmãni da Allah, Mai girma!\""
    },
    {
      "ayah": 34,
      "arabic": "وَلَا يَحُضُّ عَلَىٰ طَعَامِ ٱلْمِسْكِينِ",
      "english": "Nor did he encourage the feeding of the poor.",
      "hausa": "\"Kuma ba ya kwaɗaitarwa ga (bãyar da) abincin matalauci!\""
    },
    {
      "ayah": 35,
      "arabic": "فَلَيْسَ لَهُ ٱلْيَوْمَ هَـٰهُنَا حَمِيمٌ",
      "english": "So there is not for him here this Day any devoted friend",
      "hausa": "\"Sabõda haka, a yau, a nan, bã ya da masõyi.\""
    },
    {
      "ayah": 36,
      "arabic": "وَلَا طَعَامٌ إِلَّا مِنْ غِسْلِينٍ",
      "english": "Nor any food except from the discharge of wounds;",
      "hausa": "\"Kuma bãbu wani abinci, sai daga (itãcen) gislĩn.\""
    },
    {
      "ayah": 37,
      "arabic": "لَّا يَأْكُلُهُۥٓ إِلَّا ٱلْخَـٰطِـُٔونَ",
      "english": "None will eat it except the sinners.",
      "hausa": "\"Bãbu mai cin sa sai mãsu ganganci.\""
    },
    {
      "ayah": 38,
      "arabic": "فَلَآ أُقْسِمُ بِمَا تُبْصِرُونَ",
      "english": "So I swear by what you see",
      "hausa": "To, ba sai Nã yi rantsuwa da abin da kuke iya gani ba,"
    },
    {
      "ayah": 39,
      "arabic": "وَمَا لَا تُبْصِرُونَ",
      "english": "And what you do not see",
      "hausa": "Da abin da bã ku iya gani."
    },
    {
      "ayah": 40,
      "arabic": "إِنَّهُۥ لَقَوْلُ رَسُولٍ كَرِيمٍ",
      "english": "[That] indeed, the Qur'an is the word of a noble Messenger.",
      "hausa": "Lalle ne, shi (Alƙur'ani) tabbas maganar wani manzo (Jibirilu) mai daraja ne."
    },
    {
      "ayah": 41,
      "arabic": "وَمَا هُوَ بِقَوْلِ شَاعِرٍ ۚ قَلِيلًا مَّا تُؤْمِنُونَ",
      "english": "And it is not the word of a poet; little do you believe.",
      "hausa": "Kuma shi ba maganar wani mawãƙi ba ne. Kaɗan ƙwarai zã ku gaskata."
    },
    {
      "ayah": 42,
      "arabic": "وَلَا بِقَوْلِ كَاهِنٍ ۚ قَلِيلًا مَّا تَذَكَّرُونَ",
      "english": "Nor the word of a soothsayer; little do you remember.",
      "hausa": "Kuma bã maganar bõka ba ne. Kaɗan ƙwarai zã ku iya tunãwa."
    },
    {
      "ayah": 43,
      "arabic": "تَنزِيلٌ مِّن رَّبِّ ٱلْعَـٰلَمِينَ",
      "english": "[It is] a revelation from the Lord of the worlds.",
      "hausa": "Abin saukarwã ne daga Ubangijin halitta duka."
    },
    {
      "ayah": 44,
      "arabic": "وَلَوْ تَقَوَّلَ عَلَيْنَا بَعْضَ ٱلْأَقَاوِيلِ",
      "english": "And if Muhammad had made up about Us some [false] sayings,",
      "hausa": "Kuma dã (Muhammadu) yã faɗi wata maganã, yã jingina ta garẽ Mu."
    },
    {
      "ayah": 45,
      "arabic": "لَأَخَذْنَا مِنْهُ بِٱلْيَمِينِ",
      "english": "We would have seized him by the right hand;",
      "hausa": "Dã Mun kãma shi da dãma."
    },
    {
      "ayah": 46,
      "arabic": "ثُمَّ لَقَطَعْنَا مِنْهُ ٱلْوَتِينَ",
      "english": "Then We would have cut from him the aorta.",
      "hausa": "sa'an nan, lalle ne, dã Mun kãtse masa lakã."
    },
    {
      "ayah": 47,
      "arabic": "فَمَا مِنكُم مِّنْ أَحَدٍ عَنْهُ حَـٰجِزِينَ",
      "english": "And there is no one of you who could prevent [Us] from him.",
      "hausa": "Kuma daga cikinku bãbu wasu mãsu iya kãre (azãbarMu) daga gare shi."
    },
    {
      "ayah": 48,
      "arabic": "وَإِنَّهُۥ لَتَذْكِرَةٌ لِّلْمُتَّقِينَ",
      "english": "And indeed, the Qur'an is a reminder for the righteous.",
      "hausa": "Kuma lalle ne shi (Alƙur'ãni) tanãtarwa ce ga mãsu taƙawa."
    },
    {
      "ayah": 49,
      "arabic": "وَإِنَّا لَنَعْلَمُ أَنَّ مِنكُم مُّكَذِّبِينَ",
      "english": "And indeed, We know that among you are deniers.",
      "hausa": "Kuma lalle, ne Mũ, wallahi Munã sane da cẽwa daga cikinku alwwai mãsu ƙaryatãwa."
    },
    {
      "ayah": 50,
      "arabic": "وَإِنَّهُۥ لَحَسْرَةٌ عَلَى ٱلْكَـٰفِرِينَ",
      "english": "And indeed, it will be [a cause of] regret upon the disbelievers.",
      "hausa": "Kuma lalle ne shi (Alƙarãni) wallahi baƙin ciki ne ga kãfirai."
    },
    {
      "ayah": 51,
      "arabic": "وَإِنَّهُۥ لَحَقُّ ٱلْيَقِينِ",
      "english": "And indeed, it is the truth of certainty.",
      "hausa": "Kuma lalle, ne shi gaskiya ce ta yaƙshẽni."
    },
    {
      "ayah": 52,
      "arabic": "فَسَبِّحْ بِٱسْمِ رَبِّكَ ٱلْعَظِيمِ",
      "english": "So exalt the name of your Lord, the Most Great.",
      "hausa": "Sabõda haka, ka tsarkake sũnan Ubangjinka, mai girma."
    }
  ]
}