{
  "surah": 57,
  "hasBasmallah": false,
  "basmallah": "",
  "verses": [
    {
      "ayah": 1,
      "arabic": "سَبَّحَ لِلَّهِ مَا فِى ٱلسَّمَـٰوَٰتِ وَٱلْأَرْضِ ۖ وَهُوَ ٱلْعَزِيزُ ٱلْحَكِيمُ",
      "english": "Whatever is in the heavens and earth exalts Allah, and He is the Exalted in Might, the Wise.",
      "hausa": "Abin da ke cikin sammai da ƙasa yã yi tasbĩhi ga Allah. Kuma Shĩ ne Mabuwãyi, Mai hikima."
    },
    {
      "ayah": 2,
      "arabic": "لَهُۥ مُلْكُ ٱلسَّمَـٰوَٰتِ وَٱلْأَرْضِ ۖ يُحْىِۦ وَيُمِيتُ ۖ وَهُوَ عَلَىٰ كُلِّ شَىْءٍ قَدِيرٌ",
      "english": "His is the dominion of the heavens and earth. He gives life and causes death, and He is over all things competent.",
      "hausa": "Shĩ ne da mulkin sammai da ƙasa: Yanã rãyarwa kuma Yanã kashẽwa, kuma Shĩ Mai ikon yi ne a kan kõme."
    },
    {
      "ayah": 3,
      "arabic": "هُوَ ٱلْأَوَّلُ وَٱلْـَٔاخِرُ وَٱلظَّـٰهِرُ وَٱلْبَاطِنُ ۖ وَهُوَ بِكُلِّ شَىْءٍ عَلِيمٌ",
      "english": "He is the First and the Last, the Ascendant and the Intimate, and He is, of all things, Knowing.",
      "hausa": "Shĩ ne Na farko, Na ƙarshe, Bayyananne, Bõyayye, kuma Shĩ Masani ne ga dukkan kõme."
    },
    {
      "ayah": 4,
      "arabic": "هُوَ ٱلَّذِى خَلَقَ ٱلسَّمَـٰوَٰتِ وَٱلْأَرْضَ فِى سِتَّةِ أَيَّامٍ ثُمَّ ٱسْتَوَىٰ عَلَى ٱلْعَرْشِ ۚ يَعْلَمُ مَا يَلِجُ فِى ٱلْأَرْضِ وَمَا يَخْرُجُ مِنْهَا وَمَا يَنزِلُ مِنَ ٱلسَّمَآءِ وَمَا يَعْرُجُ فِيهَا ۖ وَهُوَ مَعَكُمْ أَيْنَ مَا كُنتُمْ ۚ وَٱللَّهُ بِمَا تَعْمَلُونَ بَصِيرٌ",
      "english": "It is He who created the heavens and earth in six days and then established Himself above the Throne. He knows what penetrates into the earth and what emerges from it and what descends from the heaven and what ascends therein; and He is with you wherever you are. And Allah, of what you do, is Seeing.",
      "hausa": "Shĩ ne wanda Ya halitta sammai da ƙasa a cikin wasu kwãnuka shida, sa'an nan Ya daidaitu a kan Al'arshi, Yanã sanin abin da ke shiga cikin ƙasa da abin da ke fita daga gare ta, da abin da ke sauka daga sama da abin da ke hawa cikinta, kuma Shĩ yanã tareda ku duk inda kuka kasance. Kuma Allah Mai gani ne ga abin da kuke aikatãwa."
    },
    {
      "ayah": 5,
      "arabic": "لَّهُۥ مُلْكُ ٱلسَّمَـٰوَٰتِ وَٱلْأَرْضِ ۚ وَإِلَى ٱللَّهِ تُرْجَعُ ٱلْأُمُورُ",
      "english": "His is the dominion of the heavens and earth. And to Allah are returned [all] matters.",
      "hausa": "Shĩ ne da mulkin sammai da ƙasa, kuma zuwa gare Shĩ (Allah) kawai ake mayar da al'amura."
    },
    {
      "ayah": 6,
      "arabic": "يُولِجُ ٱلَّيْلَ فِى ٱلنَّهَارِ وَيُولِجُ ٱلنَّهَارَ فِى ٱلَّيْلِ ۚ وَهُوَ عَلِيمٌۢ بِذَاتِ ٱلصُّدُورِ",
      "english": "He causes the night to enter the day and causes the day to enter the night, and he is Knowing of that within the breasts.",
      "hausa": "Yanã shigar da dare a cikin yini, kuma Yanã shigar da yini a cikin dare, kuma Shi Masani ne ga abin da yake a cikin ƙirãza."
    },
    {
      "ayah": 7,
      "arabic": "ءَامِنُوا۟ بِٱللَّهِ وَرَسُولِهِۦ وَأَنفِقُوا۟ مِمَّا جَعَلَكُم مُّسْتَخْلَفِينَ فِيهِ ۖ فَٱلَّذِينَ ءَامَنُوا۟ مِنكُمْ وَأَنفَقُوا۟ لَهُمْ أَجْرٌ كَبِيرٌ",
      "english": "Believe in Allah and His Messenger and spend out of that in which He has made you successors. For those who have believed among you and spent, there will be a great reward.",
      "hausa": "Ku yi ĩmãni da Allah da ManzonSa, kuma ku ciyar daga abin da Allah Ya wakilta ku a cikinsa (na dũkiya). To, waɗannan da suka yi ĩmãni daga cikinku, kuma suka ciyar, sunã da wani sakamako mai girma."
    },
    {
      "ayah": 8,
      "arabic": "وَمَا لَكُمْ لَا تُؤْمِنُونَ بِٱللَّهِ ۙ وَٱلرَّسُولُ يَدْعُوكُمْ لِتُؤْمِنُوا۟ بِرَبِّكُمْ وَقَدْ أَخَذَ مِيثَـٰقَكُمْ إِن كُنتُم مُّؤْمِنِينَ",
      "english": "And why do you not believe in Allah while the Messenger invites you to believe in your Lord and He has taken your covenant, if you should [truly] be believers?",
      "hausa": "kuma me ya same ku, bã zã ku yi ĩmãni ba da Allah, alhãli kuwa manzonSa na kiran ku dõmin ku yi ĩmãni da Ubangijinku, kuma lalle Allah Ya karɓi alkawarinku (cẽwa zã ku bauta Masa)? (Ku bauta Masa) idan kun kasance mãsu ĩmãni."
    },
    {
      "ayah": 9,
      "arabic": "هُوَ ٱلَّذِى يُنَزِّلُ عَلَىٰ عَبْدِهِۦٓ ءَايَـٰتٍۭ بَيِّنَـٰتٍ لِّيُخْرِجَكُم مِّنَ ٱلظُّلُمَـٰتِ إِلَى ٱلنُّورِ ۚ وَإِنَّ ٱللَّهَ بِكُمْ لَرَءُوفٌ رَّحِيمٌ",
      "english": "It is He who sends down upon His Servant [Muhammad] verses of clear evidence that He may bring you out from darknesses into the light. And indeed, Allah is to you Kind and Merciful.",
      "hausa": "Shĩ ne wanda ke sassaukar da ãyõyi bayyanannu ga BãwanSa, dõmin Ya fitar da ku daga duffai zuwa ga haske, kuma lalle Allah haƙĩƙa Mai tausayi ne gare ku, Mai jin ƙai."
    },
    {
      "ayah": 10,
      "arabic": "وَمَا لَكُمْ أَلَّا تُنفِقُوا۟ فِى سَبِيلِ ٱللَّهِ وَلِلَّهِ مِيرَٰثُ ٱلسَّمَـٰوَٰتِ وَٱلْأَرْضِ ۚ لَا يَسْتَوِى مِنكُم مَّنْ أَنفَقَ مِن قَبْلِ ٱلْفَتْحِ وَقَـٰتَلَ ۚ أُو۟لَـٰٓئِكَ أَعْظَمُ دَرَجَةً مِّنَ ٱلَّذِينَ أَنفَقُوا۟ مِنۢ بَعْدُ وَقَـٰتَلُوا۟ ۚ وَكُلًّا وَعَدَ ٱللَّهُ ٱلْحُسْنَىٰ ۚ وَٱللَّهُ بِمَا تَعْمَلُونَ خَبِيرٌ",
      "english": "And why do you not spend in the cause of Allah while to Allah belongs the heritage of the heavens and the earth? Not equal among you are those who spent before the conquest [of Makkah] and fought [and those who did so after it]. Those are greater in degree than they who spent afterwards and fought. But to all Allah has promised the best [reward]. And Allah, with what you do, is Acquainted.",
      "hausa": "Kuma me ya sãme ku, bã zã ku ciyar ba dõmin ɗaukaka kalmar Allah, alhãli kuwa gãdon sammai da ƙasã na Allah ne? Wanda ya ciyar a gabãnin cin nasara, kuma ya yi yãƙi daga cikinku, bã ya zama daidai (da wanda bai yi haka ba). waɗancan ne mafĩfĩta girman daraja bisa ga waɗanda suka ciyar daga bãya kuma suka yi yãƙi. Kuma dukansu Allah Ya yi musu wa'adi da (sakamako) mai kyau, kuma Allah Masani ne ga abin da kuke aikatãwa."
    },
    {
      "ayah": 11,
      "arabic": "مَّن ذَا ٱلَّذِى يُقْرِضُ ٱللَّهَ قَرْضًا حَسَنًا فَيُضَـٰعِفَهُۥ لَهُۥ وَلَهُۥٓ أَجْرٌ كَرِيمٌ",
      "english": "Who is it that would loan Allah a goodly loan so He will multiply it for him and he will have a noble reward?",
      "hausa": "Wãne ne wanda zai ranta wa Allah rance mai kyau dõmin Allah Ya ninka masa shi (a dũniya) kuma Yanã da wani sakamako na karimci (a Lãhira)?"
    },
    {
      "ayah": 12,
      "arabic": "يَوْمَ تَرَى ٱلْمُؤْمِنِينَ وَٱلْمُؤْمِنَـٰتِ يَسْعَىٰ نُورُهُم بَيْنَ أَيْدِيهِمْ وَبِأَيْمَـٰنِهِم بُشْرَىٰكُمُ ٱلْيَوْمَ جَنَّـٰتٌ تَجْرِى مِن تَحْتِهَا ٱلْأَنْهَـٰرُ خَـٰلِدِينَ فِيهَا ۚ ذَٰلِكَ هُوَ ٱلْفَوْزُ ٱلْعَظِيمُ",
      "english": "On the Day you see the believing men and believing women, their light proceeding before them and on their right, [it will be said], \"Your good tidings today are [of] gardens beneath which rivers flow, wherein you will abide eternally.\" That is what is the great attainment.",
      "hausa": "Rãnar da zã ka ga mũminai maza da mũminai mãtã haskensu nã tafiya a gaba gare su, da kuma dãma gare su. (Anã ce musu) \"Bushãrarku a yau, ita ce gidajen Aljanna.\" Ruwa na gudãna daga ƙarƙashinsu sunã mãsu dawwama a cikinsu. Wannan, shĩ ne babban rabo mai girma."
    },
    {
      "ayah": 13,
      "arabic": "يَوْمَ يَقُولُ ٱلْمُنَـٰفِقُونَ وَٱلْمُنَـٰفِقَـٰتُ لِلَّذِينَ ءَامَنُوا۟ ٱنظُرُونَا نَقْتَبِسْ مِن نُّورِكُمْ قِيلَ ٱرْجِعُوا۟ وَرَآءَكُمْ فَٱلْتَمِسُوا۟ نُورًا فَضُرِبَ بَيْنَهُم بِسُورٍ لَّهُۥ بَابٌۢ بَاطِنُهُۥ فِيهِ ٱلرَّحْمَةُ وَظَـٰهِرُهُۥ مِن قِبَلِهِ ٱلْعَذَابُ",
      "english": "On the [same] Day the hypocrite men and hypocrite women will say to those who believed, \"Wait for us that we may acquire some of your light.\" It will be said, \"Go back behind you and seek light.\" And a wall will be placed between them with a door, its interior containing mercy, but on the outside of it is torment.",
      "hausa": "Rãnar da munafikai maza da munãfikai mãtã ke cẽwa waɗanda suka yi ĩmãni: \"Ku dũbẽ mu, mu yi makãmashi daga haskenku!\" A ce (musu): \"Ku kõma a bãyanku, dõmin ku nẽmo wani haske.\" Sai a danne a tsakãninsu da wani gãru yanã da wani ƙyaure, a cikinsa nan rahama take, kuma a bãyansa daga wajensa azaba take."
    },
    {
      "ayah": 14,
      "arabic": "يُنَادُونَهُمْ أَلَمْ نَكُن مَّعَكُمْ ۖ قَالُوا۟ بَلَىٰ وَلَـٰكِنَّكُمْ فَتَنتُمْ أَنفُسَكُمْ وَتَرَبَّصْتُمْ وَٱرْتَبْتُمْ وَغَرَّتْكُمُ ٱلْأَمَانِىُّ حَتَّىٰ جَآءَ أَمْرُ ٱللَّهِ وَغَرَّكُم بِٱللَّهِ ٱلْغَرُورُ",
      "english": "The hypocrites will call to the believers, \"Were we not with you?\" They will say, \"Yes, but you afflicted yourselves and awaited [misfortune for us] and doubted, and wishful thinking deluded you until there came the command of Allah. And the Deceiver deceived you concerning Allah.",
      "hausa": "Sunã kiran su, \"Ashe, bã tãre muke da ku ba?\" Su ce: \"Ĩ, amma kũ, kun fitini kanku, kuma kun yi jiran wata masĩfa, kuma kunyi shakka, kuma waɗansu gũrace-gũrace sun rũɗe ku, har umurnin Allah ya jẽ muku, kumamarũɗi ya rũɗe ku game da Allah.\""
    },
    {
      "ayah": 15,
      "arabic": "فَٱلْيَوْمَ لَا يُؤْخَذُ مِنكُمْ فِدْيَةٌ وَلَا مِنَ ٱلَّذِينَ كَفَرُوا۟ ۚ مَأْوَىٰكُمُ ٱلنَّارُ ۖ هِىَ مَوْلَىٰكُمْ ۖ وَبِئْسَ ٱلْمَصِيرُ",
      "english": "So today no ransom will be taken from you or from those who disbelieved. Your refuge is the Fire. It is most worthy of you, and wretched is the destination.",
      "hausa": "\"To, a yau bã zã a karɓi fansa daga gare ku ba. Kuma bã zã a karɓa daga waɗanda suka kãfirta ba. Makõmarku wutã ce, ita ce mai dacẽwa da ku, kuma makõmarku ɗin nan tã mũnana.\""
    },
    {
      "ayah": 16,
      "arabic": "أَلَمْ يَأْنِ لِلَّذِينَ ءَامَنُوٓا۟ أَن تَخْشَعَ قُلُوبُهُمْ لِذِكْرِ ٱللَّهِ وَمَا نَزَلَ مِنَ ٱلْحَقِّ وَلَا يَكُونُوا۟ كَٱلَّذِينَ أُوتُوا۟ ٱلْكِتَـٰبَ مِن قَبْلُ فَطَالَ عَلَيْهِمُ ٱلْأَمَدُ فَقَسَتْ قُلُوبُهُمْ ۖ وَكَثِيرٌ مِّنْهُمْ فَـٰسِقُونَ",
      "english": "Has the time not come for those who have believed that their hearts should become humbly submissive at the remembrance of Allah and what has come down of the truth? And let them not be like those who were given the Scripture before, and a long period passed over them, so their hearts hardened; and many of them are defiantly disobedient.",
      "hausa": "Shin, lõkaci bai yi ba ga wa ɗanda suka yi ĩmãnĩ zukãtansu su yi tawãlu'i ga ambaton Allah da abin da ya sauka daga gaskiya? Kada su kasance kamar waɗanda aka bai wa littãfi a gabãnin haka, sai zãmani ya yi tsawo a kansu, sabõda haka zukãtansu suka ƙẽƙashe, kuma masu yawa daga cikinsu fãsiƙai ne."
    },
    {
      "ayah": 17,
      "arabic": "ٱعْلَمُوٓا۟ أَنَّ ٱللَّهَ يُحْىِ ٱلْأَرْضَ بَعْدَ مَوْتِهَا ۚ قَدْ بَيَّنَّا لَكُمُ ٱلْـَٔايَـٰتِ لَعَلَّكُمْ تَعْقِلُونَ",
      "english": "Know that Allah gives life to the earth after its lifelessness. We have made clear to you the signs; perhaps you will understand.",
      "hausa": "Ku sani cẽwa Allah Yanã rãyar da ƙasã a bãyan mutuwarta. Lalle Mun bayyanamuku ãyõyi da fatan zã ku yi hankali."
    },
    {
      "ayah": 18,
      "arabic": "إِنَّ ٱلْمُصَّدِّقِينَ وَٱلْمُصَّدِّقَـٰتِ وَأَقْرَضُوا۟ ٱللَّهَ قَرْضًا حَسَنًا يُضَـٰعَفُ لَهُمْ وَلَهُمْ أَجْرٌ كَرِيمٌ",
      "english": "Indeed, the men who practice charity and the women who practice charity and [they who] have loaned Allah a goodly loan - it will be multiplied for them, and they will have a noble reward.",
      "hausa": "Lalle mãsu gaskatãwa maza da mãsu gaskatãwa mãtã, kuma suka ranta wa Allah rance mai kyau, anã riɓanya musu, kuma suna da wani sakamako na karimci."
    },
    {
      "ayah": 19,
      "arabic": "وَٱلَّذِينَ ءَامَنُوا۟ بِٱللَّهِ وَرُسُلِهِۦٓ أُو۟لَـٰٓئِكَ هُمُ ٱلصِّدِّيقُونَ ۖ وَٱلشُّهَدَآءُ عِندَ رَبِّهِمْ لَهُمْ أَجْرُهُمْ وَنُورُهُمْ ۖ وَٱلَّذِينَ كَفَرُوا۟ وَكَذَّبُوا۟ بِـَٔايَـٰتِنَآ أُو۟لَـٰٓئِكَ أَصْحَـٰبُ ٱلْجَحِيمِ",
      "english": "And those who have believed in Allah and His messengers - those are [in the ranks of] the supporters of truth and the martyrs, with their Lord. For them is their reward and their light. But those who have disbelieved and denied Our verses - those are the companions of Hellfire.",
      "hausa": "Kuma waɗanda suka yi ĩmãni da Allah da MazanninSa waɗannan sũ ne kamãlar gaskatãwa kuma su ne mãsu shahãda awurin Ubangjinsu. sunã da sakamakonsu da haskensu. waɗanda suka kafirta kuma suka ƙaryata game da ãyõyinMu, waɗannan su ne'yan Jahĩm."
    },
    {
      "ayah": 20,
      "arabic": "ٱعْلَمُوٓا۟ أَنَّمَا ٱلْحَيَوٰةُ ٱلدُّنْيَا لَعِبٌ وَلَهْوٌ وَزِينَةٌ وَتَفَاخُرٌۢ بَيْنَكُمْ وَتَكَاثُرٌ فِى ٱلْأَمْوَٰلِ وَٱلْأَوْلَـٰدِ ۖ كَمَثَلِ غَيْثٍ أَعْجَبَ ٱلْكُفَّارَ نَبَاتُهُۥ ثُمَّ يَهِيجُ فَتَرَىٰهُ مُصْفَرًّا ثُمَّ يَكُونُ حُطَـٰمًا ۖ وَفِى ٱلْـَٔاخِرَةِ عَذَابٌ شَدِيدٌ وَمَغْفِرَةٌ مِّنَ ٱللَّهِ وَرِضْوَٰنٌ ۚ وَمَا ٱلْحَيَوٰةُ ٱلدُّنْيَآ إِلَّا مَتَـٰعُ ٱلْغُرُورِ",
      "english": "Know that the life of this world is but amusement and diversion and adornment and boasting to one another and competition in increase of wealth and children - like the example of a rain whose [resulting] plant growth pleases the tillers; then it dries and you see it turned yellow; then it becomes [scattered] debris. And in the Hereafter is severe punishment and forgiveness from Allah and approval. And what is the worldly life except the enjoyment of delusion.",
      "hausa": "Ku sani cẽwa rãyuwar dũniya wãsã ɗai ce da shagala da ƙawa da alafahri a tsakãninku da gãsar wadãta ta dũkiya da ɗiya, kamar misãlin shũka wadda yabanyarta ta bãyar da sha'awa ga manõma, sa'an nan ta ƙẽƙashe, har ka ganta tã zama rawaya sa'an nan ta kõma rauno. Kuma, alãmra akwai azãba mai tsanani da gãfara daga Allah da yarda. Kuma rãyuwar dũniya ba ta zama ba fãce ɗan jin dãɗin rũɗi kawai."
    },
    {
      "ayah": 21,
      "arabic": "سَابِقُوٓا۟ إِلَىٰ مَغْفِرَةٍ مِّن رَّبِّكُمْ وَجَنَّةٍ عَرْضُهَا كَعَرْضِ ٱلسَّمَآءِ وَٱلْأَرْضِ أُعِدَّتْ لِلَّذِينَ ءَامَنُوا۟ بِٱللَّهِ وَرُسُلِهِۦ ۚ ذَٰلِكَ فَضْلُ ٱللَّهِ يُؤْتِيهِ مَن يَشَآءُ ۚ وَٱللَّهُ ذُو ٱلْفَضْلِ ٱلْعَظِيمِ",
      "english": "Race toward forgiveness from your Lord and a Garden whose width is like the width of the heavens and earth, prepared for those who believed in Allah and His messengers. That is the bounty of Allah which He gives to whom He wills, and Allah is the possessor of great bounty.",
      "hausa": "Ku yi tsẽre zuwa ga (nẽman) gãfara daga Ubangjinku, da Aljanna fãɗinta kamar fãɗin samã da ƙasã ne, an yi tattalinta dõmin waɗanda suka yi ĩmãni da Allah da ManzanninSa. Wannan falalar Allah ce, Yanã bãyar da ita ga wanda Ya so. Kuma Allah Mai falala ne Mai girma."
    },
    {
      "ayah": 22,
      "arabic": "مَآ أَصَابَ مِن مُّصِيبَةٍ فِى ٱلْأَرْضِ وَلَا فِىٓ أَنفُسِكُمْ إِلَّا فِى كِتَـٰبٍ مِّن قَبْلِ أَن نَّبْرَأَهَآ ۚ إِنَّ ذَٰلِكَ عَلَى ٱللَّهِ يَسِيرٌ",
      "english": "No disaster strikes upon the earth or among yourselves except that it is in a register before We bring it into being - indeed that, for Allah, is easy -",
      "hausa": "Wata masifa bã zã ta auku ba a cikin ƙasã kõ a cikin rayukanku fãce tanã a cikin littãfi a gabãnin Mu halitta ta. Lalle wannan, ga Allah, mai sauƙi ne."
    },
    {
      "ayah": 23,
      "arabic": "لِّكَيْلَا تَأْسَوْا۟ عَلَىٰ مَا فَاتَكُمْ وَلَا تَفْرَحُوا۟ بِمَآ ءَاتَىٰكُمْ ۗ وَٱللَّهُ لَا يُحِبُّ كُلَّ مُخْتَالٍ فَخُورٍ",
      "english": "In order that you not despair over what has eluded you and not exult [in pride] over what He has given you. And Allah does not like everyone self-deluded and boastful -",
      "hausa": "Dõmin kada ku yi baƙin ciki a kan abin da ya kuɓuce muku, kuma kada ku yi mumar alfahari da abin da Ya bã ku. Kuma Allah bã Ya son dukkan mai tãƙama, mai alfahari."
    },
    {
      "ayah": 24,
      "arabic": "ٱلَّذِينَ يَبْخَلُونَ وَيَأْمُرُونَ ٱلنَّاسَ بِٱلْبُخْلِ ۗ وَمَن يَتَوَلَّ فَإِنَّ ٱللَّهَ هُوَ ٱلْغَنِىُّ ٱلْحَمِيدُ",
      "english": "[Those] who are stingy and enjoin upon people stinginess. And whoever turns away - then indeed, Allah is the Free of need, the Praiseworthy.",
      "hausa": "Watau, waɗanda ke yin rõwa, kuma sunã umumin mutãne da yin rõwa. Kuma wanda ya jũya bãya, to, lalle Allah, Shĩ ne kaɗai Mawadãci, Gõdadde."
    },
    {
      "ayah": 25,
      "arabic": "لَقَدْ أَرْسَلْنَا رُسُلَنَا بِٱلْبَيِّنَـٰتِ وَأَنزَلْنَا مَعَهُمُ ٱلْكِتَـٰبَ وَٱلْمِيزَانَ لِيَقُومَ ٱلنَّاسُ بِٱلْقِسْطِ ۖ وَأَنزَلْنَا ٱلْحَدِيدَ فِيهِ بَأْسٌ شَدِيدٌ وَمَنَـٰفِعُ لِلنَّاسِ وَلِيَعْلَمَ ٱللَّهُ مَن يَنصُرُهُۥ وَرُسُلَهُۥ بِٱلْغَيْبِ ۚ إِنَّ ٱللَّهَ قَوِىٌّ عَزِيزٌ",
      "english": "We have already sent Our messengers with clear evidences and sent down with them the Scripture and the balance that the people may maintain [their affairs] in justice. And We sent down iron, wherein is great military might and benefits for the people, and so that Allah may make evident those who support Him and His messengers unseen. Indeed, Allah is Powerful and Exalted in Might.",
      "hausa": "Haƙĩƙa, lalle Mun aiko ManzanninMu da hujjõji bayyanannu, kuma Muka saukar da Littãfi da sikẽli tãre da su dõmin mutãne su tsayu da ãdalci, kuma Mun saukar da baƙin ƙarfe, a cikinsa akwai cutarwa mai tsanani da amfãni ga mutãne, kuma dõmin Allah Ya san mai taimakonSa da ManzanninSa a fake. Lalle ne Allah Mai ƙarfi ne, Mabuwãyi."
    },
    {
      "ayah": 26,
      "arabic": "وَلَقَدْ أَرْسَلْنَا نُوحًا وَإِبْرَٰهِيمَ وَجَعَلْنَا فِى ذُرِّيَّتِهِمَا ٱلنُّبُوَّةَ وَٱلْكِتَـٰبَ ۖ فَمِنْهُم مُّهْتَدٍ ۖ وَكَثِيرٌ مِّنْهُمْ فَـٰسِقُونَ",
      "english": "And We have already sent Noah and Abraham and placed in their descendants prophethood and scripture; and among them is he who is guided, but many of them are defiantly disobedient.",
      "hausa": "Kuma haƙĩƙa, lalle, Mun aiki Nũhu da Ibrahĩm, kuma Muka sanya Annabci da Littĩfi a cikin zuriyarsu; daga cikinsu akwai mai nẽman shiryuwa, kuma mãsu yawa daga cikinsu fasiƙai ne."
    },
    {
      "ayah": 27,
      "arabic": "ثُمَّ قَفَّيْنَا عَلَىٰٓ ءَاثَـٰرِهِم بِرُسُلِنَا وَقَفَّيْنَا بِعِيسَى ٱبْنِ مَرْيَمَ وَءَاتَيْنَـٰهُ ٱلْإِنجِيلَ وَجَعَلْنَا فِى قُلُوبِ ٱلَّذِينَ ٱتَّبَعُوهُ رَأْفَةً وَرَحْمَةً وَرَهْبَانِيَّةً ٱبْتَدَعُوهَا مَا كَتَبْنَـٰهَا عَلَيْهِمْ إِلَّا ٱبْتِغَآءَ رِضْوَٰنِ ٱللَّهِ فَمَا رَعَوْهَا حَقَّ رِعَايَتِهَا ۖ فَـَٔاتَيْنَا ٱلَّذِينَ ءَامَنُوا۟ مِنْهُمْ أَجْرَهُمْ ۖ وَكَثِيرٌ مِّنْهُمْ فَـٰسِقُونَ",
      "english": "Then We sent following their footsteps Our messengers and followed [them] with Jesus, the son of Mary, and gave him the Gospel. And We placed in the hearts of those who followed him compassion and mercy and monasticism, which they innovated; We did not prescribe it for them except [that they did so] seeking the approval of Allah. But they did not observe it with due observance. So We gave the ones who believed among them their reward, but many of them are defiantly disobedient.",
      "hausa": "Sa'an nan Muka biyar a bãyansu da ManzanninMu; kuma Muka biyar da ĩsã ɗan Maryama, kuma Muka ba shi Linjila kuma Muka sanya tausayi da rahama a cikin zukãtan waɗanda suka bĩ shi, da ruhbãnanci wanda suka ƙãga, shi, ba Mu rubũta shi ba a kansu, fãce dai (Mun rubũta musu nẽman yardar Allah, sa'an nan ba su tsare shi haƙƙin tsarẽwarsa ba, sabõda haka Muka bai wa waɗanda suka yi ĩmãni daga cikinsu sakamakonsu kuma mãsu yawa daga cikinsu fãsiƙai ne."
    },
    {
      "ayah": 28,
      "arabic": "يَـٰٓأَيُّهَا ٱلَّذِينَ ءَامَنُوا۟ ٱتَّقُوا۟ ٱللَّهَ وَءَامِنُوا۟ بِرَسُولِهِۦ يُؤْتِكُمْ كِفْلَيْنِ مِن رَّحْمَتِهِۦ وَيَجْعَل لَّكُمْ نُورًا تَمْشُونَ بِهِۦ وَيَغْفِرْ لَكُمْ ۚ وَٱللَّهُ غَفُورٌ رَّحِيمٌ",
      "english": "O you who have believed, fear Allah and believe in His Messenger; He will [then] give you a double portion of His mercy and make for you a light by which you will walk and forgive you; and Allah is Forgiving and Merciful.",
      "hausa": "Yã kũ waɗanda suka yi ĩmãni! Ku bi Allah da taƙawa, ku yi ĩmãni da ManzonSa Ya bã ku rabo biyu daga rahamarSa, kuma Ya sanya muku wani haske wanda kuke yin tafiya da shi, kuma Ya gãfarta muku. Kuma Allah Mai gãfara ne, Mai rahama."
    },
    {
      "ayah": 29,
      "arabic": "لِّئَلَّا يَعْلَمَ أَهْلُ ٱلْكِتَـٰبِ أَلَّا يَقْدِرُونَ عَلَىٰ شَىْءٍ مِّن فَضْلِ ٱللَّهِ ۙ وَأَنَّ ٱلْفَضْلَ بِيَدِ ٱللَّهِ يُؤْتِيهِ مَن يَشَآءُ ۚ وَٱللَّهُ ذُو ٱلْفَضْلِ ٱلْعَظِيمِ",
      "english": "[This is] so that the People of the Scripture may know that they are not able [to obtain] anything from the bounty of Allah and that [all] bounty is in the hand of Allah; He gives it to whom He wills. And Allah is the possessor of great bounty.",
      "hausa": "Dõmin kada mutãnen Littãfi su san cẽwa lalle bã su da ikon yi ga kõme na falalar Allah, kuma ita falalar ga hannun Allah kawai take, Yanã bãyar da ita ga wanda Ya so (wannan jãhilci yã hana su ĩmani). Kuma Al1ah Mai falala ne mai girma."
    }
  ]
}