{
  "surah": 114,
  "hasBasmallah": false,
  "basmallah": "",
  "verses": [
    {
      "ayah": 1,
      "arabic": "قُلْ أَعُوذُ بِرَبِّ ٱلنَّاسِ",
      "english": "Say, \"I seek refuge in the Lord of mankind,",
      "hausa": "Ka ce \"Ina nẽman tsari ga Ubangijin mutãne.\""
    },
    {
      "ayah": 2,
      "arabic": "مَلِكِ ٱلنَّاسِ",
      "english": "The Sovereign of mankind.",
      "hausa": "\"Mamallakin mutane.\""
    },
    {
      "ayah": 3,
      "arabic": "إِلَـٰهِ ٱلنَّاسِ",
      "english": "The God of mankind,",
      "hausa": "\"Abin bautãwar mutãne.\""
    },
    {
      "ayah": 4,
      "arabic": "مِن شَرِّ ٱلْوَسْوَاسِ ٱلْخَنَّاسِ",
      "english": "From the evil of the retreating whisperer -",
      "hausa": "\"Daga sharrin mai sanya wasuwãsi, mai ɓoyewa.\""
    },
    {
      "ayah": 5,
      "arabic": "ٱلَّذِى يُوَسْوِسُ فِى صُدُورِ ٱلنَّاسِ",
      "english": "Who whispers [evil] into the breasts of mankind -",
      "hausa": "\"Wanda ke sanya wasuwãsi a cikin ƙirãzan mutane.\""
    },
    {
      "ayah": 6,
      "arabic": "مِنَ ٱلْجِنَّةِ وَٱلنَّاسِ",
      "english": "From among the jinn and mankind.\"",
      "hausa": "\"Daga aljannu da mutane.\""
    }
  ]
}